<?xml version="1.0" ?><!--THIS DATA IS FAKE AND IS NOT REAL!!  FOR EXAMPLE PURPOSES ONLY!!--><fake-person id="001-76-1422" xmlns="http://www.marklogic.com/random/fake-people"><gender>female</gender><first-name>Helen</first-name><middle-initial>V</middle-initial><last-name>Fields</last-name><address>1494 Grasselli Street</address><city>Portsmouth</city><state>NH</state><zipcode>03801</zipcode><country>US</country><email>Helen.V.Fields@trashymail.com</email><telephone>603-415-6853</telephone><birthday>3/24/1934</birthday><domain>FundingMall.com</domain><occupation>Job printer</occupation><blood-type>O-</blood-type><pounds>135.3</pounds><kilograms>61.5</kilograms><feet-inches>5' 0&quot;</feet-inches><centimeters>153</centimeters><country>US</country><password>ahCh5ahTeen</password><credit-card-type>Visa</credit-card-type><credit-card-number>4716189046075121</credit-card-number><cvv2>767</cvv2><credit-card-expiration>2/2015</credit-card-expiration></fake-person><!--THIS DATA IS FAKE AND IS NOT REAL!!  FOR EXAMPLE PURPOSES ONLY!!-->