<?xml version="1.0" ?><!--THIS DATA IS FAKE AND IS NOT REAL!!  FOR EXAMPLE PURPOSES ONLY!!--><fake-person id="001-38-3666" xmlns="http://www.marklogic.com/random/fake-people"><gender>female</gender><first-name>Mildred</first-name><middle-initial>J</middle-initial><last-name>Palmer</last-name><address>633 Elliott Street</address><city>Laconia</city><state>NH</state><zipcode>03246</zipcode><country>US</country><email>Mildred.J.Palmer@trashymail.com</email><telephone>603-528-5701</telephone><birthday>3/30/1947</birthday><domain>DishTag.com</domain><occupation>Apartment rental agent</occupation><blood-type>A+</blood-type><pounds>150.3</pounds><kilograms>68.3</kilograms><feet-inches>5' 6&quot;</feet-inches><centimeters>168</centimeters><country>US</country><password>Ahwoad6io8ie</password><credit-card-type>Visa</credit-card-type><credit-card-number>4916023637400547</credit-card-number><cvv2>163</cvv2><credit-card-expiration>7/2013</credit-card-expiration></fake-person><!--THIS DATA IS FAKE AND IS NOT REAL!!  FOR EXAMPLE PURPOSES ONLY!!-->