<?xml version="1.0" ?><!--THIS DATA IS FAKE AND IS NOT REAL!!  FOR EXAMPLE PURPOSES ONLY!!--><fake-person id="001-24-7864" xmlns="http://www.marklogic.com/random/fake-people"><gender>male</gender><first-name>Michael</first-name><middle-initial>B</middle-initial><last-name>Knox</last-name><address>1044 Milford Street</address><city>Lancaster</city><state>NH</state><zipcode>03584</zipcode><country>US</country><email>Michael.B.Knox@pookmail.com</email><telephone>603-788-9334</telephone><birthday>5/5/1939</birthday><domain>EverythingBonds.com</domain><occupation>Construction cost estimator</occupation><blood-type>A+</blood-type><pounds>228.8</pounds><kilograms>104</kilograms><feet-inches>5' 10&quot;</feet-inches><centimeters>178</centimeters><country>US</country><password>ef5eiShiet</password><credit-card-type>MasterCard</credit-card-type><credit-card-number>5407480639733940</credit-card-number><cvv2>401</cvv2><credit-card-expiration>8/2015</credit-card-expiration></fake-person><!--THIS DATA IS FAKE AND IS NOT REAL!!  FOR EXAMPLE PURPOSES ONLY!!-->