<?xml version="1.0" ?><!--THIS DATA IS FAKE AND IS NOT REAL!!  FOR EXAMPLE PURPOSES ONLY!!--><fake-person id="001-92-8687" xmlns="http://www.marklogic.com/random/fake-people"><gender>male</gender><first-name>Ramon</first-name><middle-initial>M</middle-initial><last-name>Galvan</last-name><address>2200 Milford Street</address><city>Manchester</city><state>NH</state><zipcode>03103</zipcode><country>US</country><email>Ramon.M.Galvan@trashymail.com</email><telephone>603-758-7862</telephone><birthday>8/14/1927</birthday><domain>ContractAlert.com</domain><occupation>Employee development specialist</occupation><blood-type>O+</blood-type><pounds>157.5</pounds><kilograms>71.6</kilograms><feet-inches>5' 10&quot;</feet-inches><centimeters>178</centimeters><country>US</country><password>Faer8quu9uf</password><credit-card-type>Visa</credit-card-type><credit-card-number>4539360613259399</credit-card-number><cvv2>816</cvv2><credit-card-expiration>2/2012</credit-card-expiration></fake-person><!--THIS DATA IS FAKE AND IS NOT REAL!!  FOR EXAMPLE PURPOSES ONLY!!-->