<?xml version="1.0" ?><!--THIS DATA IS FAKE AND IS NOT REAL!!  FOR EXAMPLE PURPOSES ONLY!!--><fake-person id="001-36-6019" xmlns="http://www.marklogic.com/random/fake-people"><gender>male</gender><first-name>William</first-name><middle-initial>K</middle-initial><last-name>Crum</last-name><address>2834 Elliott Street</address><city>Manchester</city><state>NH</state><zipcode>03101</zipcode><country>US</country><email>William.K.Crum@mailinator.com</email><telephone>603-627-4840</telephone><birthday>9/8/1930</birthday><domain>HongKongVIP.com</domain><occupation>Social work policy maker</occupation><blood-type>O+</blood-type><pounds>205.9</pounds><kilograms>93.6</kilograms><feet-inches>5' 8&quot;</feet-inches><centimeters>172</centimeters><country>US</country><password>Ohzuoc1lee</password><credit-card-type>Visa</credit-card-type><credit-card-number>4716417343311075</credit-card-number><cvv2>457</cvv2><credit-card-expiration>2/2012</credit-card-expiration></fake-person><!--THIS DATA IS FAKE AND IS NOT REAL!!  FOR EXAMPLE PURPOSES ONLY!!-->