<?xml version="1.0" ?><!--THIS DATA IS FAKE AND IS NOT REAL!!  FOR EXAMPLE PURPOSES ONLY!!--><fake-person id="001-74-8905" xmlns="http://www.marklogic.com/random/fake-people"><gender>male</gender><first-name>Dennis</first-name><middle-initial>M</middle-initial><last-name>Guerrero</last-name><address>2341 Shearwood Forest Drive</address><city>Manchester</city><state>NH</state><zipcode>03101</zipcode><country>US</country><email>Dennis.M.Guerrero@spambob.com</email><telephone>603-314-9180</telephone><birthday>8/25/1936</birthday><domain>BeefAlert.com</domain><occupation>Avionics technician</occupation><blood-type>O+</blood-type><pounds>159.1</pounds><kilograms>72.3</kilograms><feet-inches>5' 7&quot;</feet-inches><centimeters>170</centimeters><country>US</country><password>gijah0aCah</password><credit-card-type>MasterCard</credit-card-type><credit-card-number>5103544612772238</credit-card-number><cvv2>578</cvv2><credit-card-expiration>9/2012</credit-card-expiration></fake-person><!--THIS DATA IS FAKE AND IS NOT REAL!!  FOR EXAMPLE PURPOSES ONLY!!-->