<?xml version="1.0" ?><!--THIS DATA IS FAKE AND IS NOT REAL!!  FOR EXAMPLE PURPOSES ONLY!!--><fake-person id="001-03-1771" xmlns="http://www.marklogic.com/random/fake-people"><gender>female</gender><first-name>Rene</first-name><middle-initial>A</middle-initial><last-name>Lewis</last-name><address>3261 Elliott Street</address><city>Melvin Village</city><state>NH</state><zipcode>03850</zipcode><country>US</country><email>Rene.A.Lewis@mailinator.com</email><telephone>603-544-7740</telephone><birthday>6/2/1929</birthday><domain>Tohav.com</domain><occupation>Allergist</occupation><blood-type>AB+</blood-type><pounds>151.1</pounds><kilograms>68.7</kilograms><feet-inches>4' 11&quot;</feet-inches><centimeters>151</centimeters><country>US</country><password>afat9vie6Ahz</password><credit-card-type>MasterCard</credit-card-type><credit-card-number>5278050525762703</credit-card-number><cvv2>447</cvv2><credit-card-expiration>10/2011</credit-card-expiration></fake-person><!--THIS DATA IS FAKE AND IS NOT REAL!!  FOR EXAMPLE PURPOSES ONLY!!-->