<?xml version="1.0" ?><!--THIS DATA IS FAKE AND IS NOT REAL!!  FOR EXAMPLE PURPOSES ONLY!!--><fake-person id="001-01-5692" xmlns="http://www.marklogic.com/random/fake-people"><gender>female</gender><first-name>Sarah</first-name><middle-initial>L</middle-initial><last-name>Ivy</last-name><address>1622 Grasselli Street</address><city>Portsmouth</city><state>NH</state><zipcode>03801</zipcode><country>US</country><email>Sarah.L.Ivy@mailinator.com</email><telephone>603-436-6423</telephone><birthday>3/17/1981</birthday><domain>LimoModels.com</domain><occupation>Stereotyper</occupation><blood-type>O-</blood-type><pounds>214.5</pounds><kilograms>97.5</kilograms><feet-inches>5' 3&quot;</feet-inches><centimeters>160</centimeters><country>US</country><password>iiGh9ieR5</password><credit-card-type>MasterCard</credit-card-type><credit-card-number>5562843648919290</credit-card-number><cvv2>773</cvv2><credit-card-expiration>6/2015</credit-card-expiration></fake-person><!--THIS DATA IS FAKE AND IS NOT REAL!!  FOR EXAMPLE PURPOSES ONLY!!-->