<?xml version="1.0" ?><!--THIS DATA IS FAKE AND IS NOT REAL!!  FOR EXAMPLE PURPOSES ONLY!!--><fake-person id="001-52-6759" xmlns="http://www.marklogic.com/random/fake-people"><gender>female</gender><first-name>Laura</first-name><middle-initial>J</middle-initial><last-name>Jones</last-name><address>278 Milford Street</address><city>Dover</city><state>NH</state><zipcode>03820</zipcode><country>US</country><email>Laura.J.Jones@spambob.com</email><telephone>603-749-8401</telephone><birthday>6/25/1940</birthday><domain>TwoPizzas.com</domain><occupation>Machine setter</occupation><blood-type>O+</blood-type><pounds>134.4</pounds><kilograms>61.1</kilograms><feet-inches>5' 6&quot;</feet-inches><centimeters>167</centimeters><country>US</country><password>ahsh8OhJe5</password><credit-card-type>MasterCard</credit-card-type><credit-card-number>5243323877973463</credit-card-number><cvv2>453</cvv2><credit-card-expiration>7/2011</credit-card-expiration></fake-person><!--THIS DATA IS FAKE AND IS NOT REAL!!  FOR EXAMPLE PURPOSES ONLY!!-->