<?xml version="1.0" ?><!--THIS DATA IS FAKE AND IS NOT REAL!!  FOR EXAMPLE PURPOSES ONLY!!--><fake-person id="001-04-4128" xmlns="http://www.marklogic.com/random/fake-people"><gender>female</gender><first-name>Pamela</first-name><middle-initial>K</middle-initial><last-name>Cole</last-name><address>1366 Peck Street</address><city>Marlboro</city><state>NH</state><zipcode>03455</zipcode><country>US</country><email>Pamela.K.Cole@pookmail.com</email><telephone>603-876-9662</telephone><birthday>5/18/1929</birthday><domain>ChooseSave.com</domain><occupation>Timber cutting and logging worker</occupation><blood-type>A+</blood-type><pounds>161.7</pounds><kilograms>73.5</kilograms><feet-inches>5' 5&quot;</feet-inches><centimeters>166</centimeters><country>US</country><password>thahM3ai0o</password><credit-card-type>MasterCard</credit-card-type><credit-card-number>5353243797012489</credit-card-number><cvv2>629</cvv2><credit-card-expiration>3/2012</credit-card-expiration></fake-person><!--THIS DATA IS FAKE AND IS NOT REAL!!  FOR EXAMPLE PURPOSES ONLY!!-->