<?xml version="1.0" ?><!--THIS DATA IS FAKE AND IS NOT REAL!!  FOR EXAMPLE PURPOSES ONLY!!--><fake-person id="001-86-7123" xmlns="http://www.marklogic.com/random/fake-people"><gender>female</gender><first-name>Miranda</first-name><middle-initial>G</middle-initial><last-name>Weber</last-name><address>964 Shearwood Forest Drive</address><city>Tilton</city><state>NH</state><zipcode>03276</zipcode><country>US</country><email>Miranda.G.Weber@pookmail.com</email><telephone>603-286-6317</telephone><birthday>5/7/1931</birthday><domain>MBAProfiles.com</domain><occupation>Desktop publishing editor</occupation><blood-type>A+</blood-type><pounds>124.5</pounds><kilograms>56.6</kilograms><feet-inches>5' 3&quot;</feet-inches><centimeters>159</centimeters><country>US</country><password>gieHeitae2ai</password><credit-card-type>Visa</credit-card-type><credit-card-number>4539887772438802</credit-card-number><cvv2>369</cvv2><credit-card-expiration>5/2011</credit-card-expiration></fake-person><!--THIS DATA IS FAKE AND IS NOT REAL!!  FOR EXAMPLE PURPOSES ONLY!!-->