<?xml version="1.0" ?><!--THIS DATA IS FAKE AND IS NOT REAL!!  FOR EXAMPLE PURPOSES ONLY!!--><fake-person id="001-30-6611" xmlns="http://www.marklogic.com/random/fake-people"><gender>male</gender><first-name>Kevin</first-name><middle-initial>L</middle-initial><last-name>Coulter</last-name><address>1991 Grasselli Street</address><city>Manchester</city><state>NH</state><zipcode>03101</zipcode><country>US</country><email>Kevin.L.Coulter@mailinator.com</email><telephone>603-385-2973</telephone><birthday>8/12/1927</birthday><domain>MommyApproved.com</domain><occupation>Health care executive</occupation><blood-type>B-</blood-type><pounds>140.1</pounds><kilograms>63.7</kilograms><feet-inches>5' 9&quot;</feet-inches><centimeters>174</centimeters><country>US</country><password>eeN9Ieh9Ieng</password><credit-card-type>MasterCard</credit-card-type><credit-card-number>5408489129626331</credit-card-number><cvv2>643</cvv2><credit-card-expiration>11/2012</credit-card-expiration></fake-person><!--THIS DATA IS FAKE AND IS NOT REAL!!  FOR EXAMPLE PURPOSES ONLY!!-->