<?xml version="1.0" ?><!--THIS DATA IS FAKE AND IS NOT REAL!!  FOR EXAMPLE PURPOSES ONLY!!--><fake-person id="001-50-1329" xmlns="http://www.marklogic.com/random/fake-people"><gender>male</gender><first-name>Fidel</first-name><middle-initial>P</middle-initial><last-name>Keller</last-name><address>3788 Grasselli Street</address><city>Portsmouth</city><state>NH</state><zipcode>03801</zipcode><country>US</country><email>Fidel.P.Keller@dodgit.com</email><telephone>603-388-3870</telephone><birthday>12/24/1978</birthday><domain>ClearanceCard.com</domain><occupation>Epidemiologist</occupation><blood-type>B-</blood-type><pounds>238</pounds><kilograms>108.2</kilograms><feet-inches>5' 10&quot;</feet-inches><centimeters>177</centimeters><country>US</country><password>biaYe1wooyah</password><credit-card-type>Visa</credit-card-type><credit-card-number>4916107591158538</credit-card-number><cvv2>618</cvv2><credit-card-expiration>5/2015</credit-card-expiration></fake-person><!--THIS DATA IS FAKE AND IS NOT REAL!!  FOR EXAMPLE PURPOSES ONLY!!-->