<?xml version="1.0" ?><!--THIS DATA IS FAKE AND IS NOT REAL!!  FOR EXAMPLE PURPOSES ONLY!!--><fake-person id="001-09-0290" xmlns="http://www.marklogic.com/random/fake-people"><gender>female</gender><first-name>Heather</first-name><middle-initial>B</middle-initial><last-name>Moyer</last-name><address>1941 Milford Street</address><city>Nashua</city><state>NH</state><zipcode>03060</zipcode><country>US</country><email>Heather.B.Moyer@spambob.com</email><telephone>603-706-7585</telephone><birthday>5/26/1951</birthday><domain>GolfCanyon.com</domain><occupation>Computer and information systems manager</occupation><blood-type>O+</blood-type><pounds>133.8</pounds><kilograms>60.8</kilograms><feet-inches>5' 1&quot;</feet-inches><centimeters>155</centimeters><country>US</country><password>ohSh9quaes</password><credit-card-type>Visa</credit-card-type><credit-card-number>4485834581823935</credit-card-number><cvv2>259</cvv2><credit-card-expiration>11/2012</credit-card-expiration></fake-person><!--THIS DATA IS FAKE AND IS NOT REAL!!  FOR EXAMPLE PURPOSES ONLY!!-->