<?xml version="1.0" ?><!--THIS DATA IS FAKE AND IS NOT REAL!!  FOR EXAMPLE PURPOSES ONLY!!--><fake-person id="001-46-1157" xmlns="http://www.marklogic.com/random/fake-people"><gender>female</gender><first-name>Betty</first-name><middle-initial>W</middle-initial><last-name>Birdwell</last-name><address>4345 Elliott Street</address><city>Claremont</city><state>NH</state><zipcode>03743</zipcode><country>US</country><email>Betty.W.Birdwell@spambob.com</email><telephone>603-543-0593</telephone><birthday>3/23/1935</birthday><domain>AutomobileNut.com</domain><occupation>Support service manager</occupation><blood-type>A-</blood-type><pounds>166.5</pounds><kilograms>75.7</kilograms><feet-inches>5' 2&quot;</feet-inches><centimeters>157</centimeters><country>US</country><password>keih8Oor0w</password><credit-card-type>Visa</credit-card-type><credit-card-number>4539988915881633</credit-card-number><cvv2>446</cvv2><credit-card-expiration>12/2015</credit-card-expiration></fake-person><!--THIS DATA IS FAKE AND IS NOT REAL!!  FOR EXAMPLE PURPOSES ONLY!!-->