<?xml version="1.0" ?><!--THIS DATA IS FAKE AND IS NOT REAL!!  FOR EXAMPLE PURPOSES ONLY!!--><fake-person id="001-10-1831" xmlns="http://www.marklogic.com/random/fake-people"><gender>female</gender><first-name>Sara</first-name><middle-initial>A</middle-initial><last-name>Bush</last-name><address>1383 Elliott Street</address><city>Claremont</city><state>NH</state><zipcode>03743</zipcode><country>US</country><email>Sara.A.Bush@dodgit.com</email><telephone>603-543-2435</telephone><birthday>4/18/1940</birthday><domain>TodayRoom.com</domain><occupation>Certified athletic trainer</occupation><blood-type>O+</blood-type><pounds>181.5</pounds><kilograms>82.5</kilograms><feet-inches>5' 5&quot;</feet-inches><centimeters>164</centimeters><country>US</country><password>Hoogor6lie2</password><credit-card-type>MasterCard</credit-card-type><credit-card-number>5148081983701576</credit-card-number><cvv2>246</cvv2><credit-card-expiration>6/2013</credit-card-expiration></fake-person><!--THIS DATA IS FAKE AND IS NOT REAL!!  FOR EXAMPLE PURPOSES ONLY!!-->