<?xml version="1.0" ?><!--THIS DATA IS FAKE AND IS NOT REAL!!  FOR EXAMPLE PURPOSES ONLY!!--><fake-person id="001-88-4208" xmlns="http://www.marklogic.com/random/fake-people"><gender>male</gender><first-name>Ricardo</first-name><middle-initial>N</middle-initial><last-name>Rhoton</last-name><address>4068 Milford Street</address><city>Manchester</city><state>NH</state><zipcode>03101</zipcode><country>US</country><email>Ricardo.N.Rhoton@spambob.com</email><telephone>603-656-3860</telephone><birthday>11/15/1967</birthday><domain>GreatSkiers.com</domain><occupation>Construction and maintenance painter</occupation><blood-type>A+</blood-type><pounds>156.2</pounds><kilograms>71</kilograms><feet-inches>5' 10&quot;</feet-inches><centimeters>178</centimeters><country>US</country><password>Deex0eek</password><credit-card-type>MasterCard</credit-card-type><credit-card-number>5387777198106069</credit-card-number><cvv2>296</cvv2><credit-card-expiration>5/2011</credit-card-expiration></fake-person><!--THIS DATA IS FAKE AND IS NOT REAL!!  FOR EXAMPLE PURPOSES ONLY!!-->