<?xml version="1.0" ?><!--THIS DATA IS FAKE AND IS NOT REAL!!  FOR EXAMPLE PURPOSES ONLY!!--><fake-person id="001-07-4389" xmlns="http://www.marklogic.com/random/fake-people"><gender>female</gender><first-name>Dorothy</first-name><middle-initial>T</middle-initial><last-name>Curtis</last-name><address>614 Peck Street</address><city>Manchester</city><state>NH</state><zipcode>03101</zipcode><country>US</country><email>Dorothy.T.Curtis@trashymail.com</email><telephone>603-913-9910</telephone><birthday>2/4/1953</birthday><domain>FindTempo.com</domain><occupation>Forest and conservation technician</occupation><blood-type>A+</blood-type><pounds>203.5</pounds><kilograms>92.5</kilograms><feet-inches>5' 6&quot;</feet-inches><centimeters>167</centimeters><country>US</country><password>iem4Lis6ee</password><credit-card-type>Visa</credit-card-type><credit-card-number>4556942176341249</credit-card-number><cvv2>366</cvv2><credit-card-expiration>5/2014</credit-card-expiration></fake-person><!--THIS DATA IS FAKE AND IS NOT REAL!!  FOR EXAMPLE PURPOSES ONLY!!-->