<?xml version="1.0" ?><!--THIS DATA IS FAKE AND IS NOT REAL!!  FOR EXAMPLE PURPOSES ONLY!!--><fake-person id="001-30-8200" xmlns="http://www.marklogic.com/random/fake-people"><gender>male</gender><first-name>Allan</first-name><middle-initial>A</middle-initial><last-name>Parsons</last-name><address>4158 Grasselli Street</address><city>Nashua</city><state>NH</state><zipcode>03060</zipcode><country>US</country><email>Allan.A.Parsons@mailinator.com</email><telephone>603-396-2812</telephone><birthday>4/12/1955</birthday><domain>ConstructionTax.com</domain><occupation>Security and fire alarm systems installer</occupation><blood-type>A+</blood-type><pounds>183.7</pounds><kilograms>83.5</kilograms><feet-inches>5' 10&quot;</feet-inches><centimeters>178</centimeters><country>US</country><password>Qui1Yi2Qui</password><credit-card-type>MasterCard</credit-card-type><credit-card-number>5592540741695348</credit-card-number><cvv2>810</cvv2><credit-card-expiration>8/2015</credit-card-expiration></fake-person><!--THIS DATA IS FAKE AND IS NOT REAL!!  FOR EXAMPLE PURPOSES ONLY!!-->