<?xml version="1.0" ?><!--THIS DATA IS FAKE AND IS NOT REAL!!  FOR EXAMPLE PURPOSES ONLY!!--><fake-person id="001-07-9631" xmlns="http://www.marklogic.com/random/fake-people"><gender>male</gender><first-name>Douglas</first-name><middle-initial>N</middle-initial><last-name>Park</last-name><address>4100 Milford Street</address><city>Portsmouth</city><state>NH</state><zipcode>03801</zipcode><country>US</country><email>Douglas.N.Park@spambob.com</email><telephone>603-719-9826</telephone><birthday>3/2/1942</birthday><domain>DriveLong.com</domain><occupation>Fiscal and policy analyst</occupation><blood-type>O+</blood-type><pounds>194</pounds><kilograms>88.2</kilograms><feet-inches>5' 5&quot;</feet-inches><centimeters>165</centimeters><country>US</country><password>Ej3daNai2Ch</password><credit-card-type>MasterCard</credit-card-type><credit-card-number>5425834198100396</credit-card-number><cvv2>030</cvv2><credit-card-expiration>8/2012</credit-card-expiration></fake-person><!--THIS DATA IS FAKE AND IS NOT REAL!!  FOR EXAMPLE PURPOSES ONLY!!-->