<?xml version="1.0" ?><!--THIS DATA IS FAKE AND IS NOT REAL!!  FOR EXAMPLE PURPOSES ONLY!!--><fake-person id="001-62-6787" xmlns="http://www.marklogic.com/random/fake-people"><gender>female</gender><first-name>Alicia</first-name><middle-initial>M</middle-initial><last-name>Imhoff</last-name><address>1892 Peck Street</address><city>Manchester</city><state>NH</state><zipcode>03103</zipcode><country>US</country><email>Alicia.M.Imhoff@spambob.com</email><telephone>603-819-6050</telephone><birthday>7/31/1933</birthday><domain>PunkInfo.com</domain><occupation>Cutter</occupation><blood-type>B+</blood-type><pounds>121.4</pounds><kilograms>55.2</kilograms><feet-inches>5' 1&quot;</feet-inches><centimeters>156</centimeters><country>US</country><password>Coo8Quae</password><credit-card-type>Visa</credit-card-type><credit-card-number>4539157140430422</credit-card-number><cvv2>594</cvv2><credit-card-expiration>6/2015</credit-card-expiration></fake-person><!--THIS DATA IS FAKE AND IS NOT REAL!!  FOR EXAMPLE PURPOSES ONLY!!-->