<?xml version="1.0" ?><!--THIS DATA IS FAKE AND IS NOT REAL!!  FOR EXAMPLE PURPOSES ONLY!!--><fake-person id="001-24-2742" xmlns="http://www.marklogic.com/random/fake-people"><gender>male</gender><first-name>Jason</first-name><middle-initial>H</middle-initial><last-name>Mcclary</last-name><address>3385 Shearwood Forest Drive</address><city>Portsmouth</city><state>NH</state><zipcode>03801</zipcode><country>US</country><email>Jason.H.Mcclary@trashymail.com</email><telephone>603-297-0269</telephone><birthday>4/21/1960</birthday><domain>DiplomatWeb.com</domain><occupation>Financial controller</occupation><blood-type>B+</blood-type><pounds>189.6</pounds><kilograms>86.2</kilograms><feet-inches>6' 1&quot;</feet-inches><centimeters>186</centimeters><country>US</country><password>aephaeRee3</password><credit-card-type>MasterCard</credit-card-type><credit-card-number>5509290454807233</credit-card-number><cvv2>969</cvv2><credit-card-expiration>10/2011</credit-card-expiration></fake-person><!--THIS DATA IS FAKE AND IS NOT REAL!!  FOR EXAMPLE PURPOSES ONLY!!-->