<?xml version="1.0" ?><!--THIS DATA IS FAKE AND IS NOT REAL!!  FOR EXAMPLE PURPOSES ONLY!!--><fake-person id="001-90-4201" xmlns="http://www.marklogic.com/random/fake-people"><gender>male</gender><first-name>David</first-name><middle-initial>F</middle-initial><last-name>Olmsted</last-name><address>143 Grasselli Street</address><city>Lebanon</city><state>NH</state><zipcode>03766</zipcode><country>US</country><email>David.F.Olmsted@spambob.com</email><telephone>603-443-8316</telephone><birthday>9/19/1940</birthday><domain>RepAlerts.com</domain><occupation>Farm and home management advisor</occupation><blood-type>B+</blood-type><pounds>145.9</pounds><kilograms>66.3</kilograms><feet-inches>5' 10&quot;</feet-inches><centimeters>177</centimeters><country>US</country><password>shar6ue0P</password><credit-card-type>Visa</credit-card-type><credit-card-number>4556799675927872</credit-card-number><cvv2>772</cvv2><credit-card-expiration>2/2012</credit-card-expiration></fake-person><!--THIS DATA IS FAKE AND IS NOT REAL!!  FOR EXAMPLE PURPOSES ONLY!!-->