<?xml version="1.0" ?><!--THIS DATA IS FAKE AND IS NOT REAL!!  FOR EXAMPLE PURPOSES ONLY!!--><fake-person id="001-52-6311" xmlns="http://www.marklogic.com/random/fake-people"><gender>female</gender><first-name>Rebecca</first-name><middle-initial>V</middle-initial><last-name>Cochran</last-name><address>4258 Elliott Street</address><city>Manchester</city><state>NH</state><zipcode>03101</zipcode><country>US</country><email>Rebecca.V.Cochran@pookmail.com</email><telephone>603-545-4608</telephone><birthday>1/2/1953</birthday><domain>AlphaDatabase.com</domain><occupation>Coil taper</occupation><blood-type>O+</blood-type><pounds>148.7</pounds><kilograms>67.6</kilograms><feet-inches>5' 3&quot;</feet-inches><centimeters>160</centimeters><country>US</country><password>UL4iwah5ixae</password><credit-card-type>MasterCard</credit-card-type><credit-card-number>5280079559279348</credit-card-number><cvv2>132</cvv2><credit-card-expiration>2/2011</credit-card-expiration></fake-person><!--THIS DATA IS FAKE AND IS NOT REAL!!  FOR EXAMPLE PURPOSES ONLY!!-->