<?xml version="1.0" ?><!--THIS DATA IS FAKE AND IS NOT REAL!!  FOR EXAMPLE PURPOSES ONLY!!--><fake-person id="001-56-3623" xmlns="http://www.marklogic.com/random/fake-people"><gender>male</gender><first-name>Paul</first-name><middle-initial>E</middle-initial><last-name>Lindemann</last-name><address>1017 Elliott Street</address><city>Manchester</city><state>NH</state><zipcode>03101</zipcode><country>US</country><email>Paul.E.Lindemann@trashymail.com</email><telephone>603-623-8480</telephone><birthday>3/5/1936</birthday><domain>TalkPays.com</domain><occupation>Administrative officer</occupation><blood-type>A+</blood-type><pounds>167.2</pounds><kilograms>76</kilograms><feet-inches>5' 10&quot;</feet-inches><centimeters>179</centimeters><country>US</country><password>poijuop1Thi</password><credit-card-type>Visa</credit-card-type><credit-card-number>4556180765216601</credit-card-number><cvv2>516</cvv2><credit-card-expiration>3/2013</credit-card-expiration></fake-person><!--THIS DATA IS FAKE AND IS NOT REAL!!  FOR EXAMPLE PURPOSES ONLY!!-->