<?xml version="1.0" ?><!--THIS DATA IS FAKE AND IS NOT REAL!!  FOR EXAMPLE PURPOSES ONLY!!--><fake-person id="001-74-7688" xmlns="http://www.marklogic.com/random/fake-people"><gender>male</gender><first-name>Tony</first-name><middle-initial>D</middle-initial><last-name>Snow</last-name><address>3412 Grasselli Street</address><city>Manchester</city><state>NH</state><zipcode>03103</zipcode><country>US</country><email>Tony.D.Snow@trashymail.com</email><telephone>603-389-6403</telephone><birthday>5/26/1968</birthday><domain>FakeTest.com</domain><occupation>Control room assistant</occupation><blood-type>A+</blood-type><pounds>250.1</pounds><kilograms>113.7</kilograms><feet-inches>5' 10&quot;</feet-inches><centimeters>177</centimeters><country>US</country><password>meesh1Caequ</password><credit-card-type>Visa</credit-card-type><credit-card-number>4716854308687109</credit-card-number><cvv2>685</cvv2><credit-card-expiration>6/2011</credit-card-expiration></fake-person><!--THIS DATA IS FAKE AND IS NOT REAL!!  FOR EXAMPLE PURPOSES ONLY!!-->