<?xml version="1.0" ?><!--THIS DATA IS FAKE AND IS NOT REAL!!  FOR EXAMPLE PURPOSES ONLY!!--><fake-person id="001-26-1833" xmlns="http://www.marklogic.com/random/fake-people"><gender>male</gender><first-name>Hubert</first-name><middle-initial>W</middle-initial><last-name>Burke</last-name><address>1557 Peck Street</address><city>Manchester</city><state>NH</state><zipcode>03101</zipcode><country>US</country><email>Hubert.W.Burke@pookmail.com</email><telephone>603-858-9632</telephone><birthday>9/16/1967</birthday><domain>TeleTennis.com</domain><occupation>First mate</occupation><blood-type>O+</blood-type><pounds>160.4</pounds><kilograms>72.9</kilograms><feet-inches>5' 7&quot;</feet-inches><centimeters>170</centimeters><country>US</country><password>No2iishoo8</password><credit-card-type>MasterCard</credit-card-type><credit-card-number>5251210845559632</credit-card-number><cvv2>558</cvv2><credit-card-expiration>12/2013</credit-card-expiration></fake-person><!--THIS DATA IS FAKE AND IS NOT REAL!!  FOR EXAMPLE PURPOSES ONLY!!-->