<?xml version="1.0" ?><!--THIS DATA IS FAKE AND IS NOT REAL!!  FOR EXAMPLE PURPOSES ONLY!!--><fake-person id="001-60-8762" xmlns="http://www.marklogic.com/random/fake-people"><gender>male</gender><first-name>Donald</first-name><middle-initial>R</middle-initial><last-name>Quinney</last-name><address>2551 Grasselli Street</address><city>Derry</city><state>NH</state><zipcode>03038</zipcode><country>US</country><email>Donald.R.Quinney@dodgit.com</email><telephone>603-380-0586</telephone><birthday>6/23/1931</birthday><domain>SkiPromotion.com</domain><occupation>Caulker</occupation><blood-type>AB+</blood-type><pounds>159.1</pounds><kilograms>72.3</kilograms><feet-inches>5' 8&quot;</feet-inches><centimeters>173</centimeters><country>US</country><password>Ye8DooHoh8Ee</password><credit-card-type>MasterCard</credit-card-type><credit-card-number>5387317864182902</credit-card-number><cvv2>387</cvv2><credit-card-expiration>6/2015</credit-card-expiration></fake-person><!--THIS DATA IS FAKE AND IS NOT REAL!!  FOR EXAMPLE PURPOSES ONLY!!-->