<?xml version="1.0" ?><!--THIS DATA IS FAKE AND IS NOT REAL!!  FOR EXAMPLE PURPOSES ONLY!!--><fake-person id="001-98-7636" xmlns="http://www.marklogic.com/random/fake-people"><gender>male</gender><first-name>Leroy</first-name><middle-initial>A</middle-initial><last-name>Quinto</last-name><address>3041 Shearwood Forest Drive</address><city>Concord</city><state>NH</state><zipcode>03301</zipcode><country>US</country><email>Leroy.A.Quinto@mailinator.com</email><telephone>603-228-1620</telephone><birthday>7/23/1973</birthday><domain>LemonMortgage.com</domain><occupation>Political analyst</occupation><blood-type>O+</blood-type><pounds>192.9</pounds><kilograms>87.7</kilograms><feet-inches>5' 7&quot;</feet-inches><centimeters>170</centimeters><country>US</country><password>xaiph6rai0Ie</password><credit-card-type>MasterCard</credit-card-type><credit-card-number>5191802585463349</credit-card-number><cvv2>590</cvv2><credit-card-expiration>2/2011</credit-card-expiration></fake-person><!--THIS DATA IS FAKE AND IS NOT REAL!!  FOR EXAMPLE PURPOSES ONLY!!-->