<?xml version="1.0" ?><!--THIS DATA IS FAKE AND IS NOT REAL!!  FOR EXAMPLE PURPOSES ONLY!!--><fake-person id="001-98-4797" xmlns="http://www.marklogic.com/random/fake-people"><gender>female</gender><first-name>Catherine</first-name><middle-initial>R</middle-initial><last-name>Robles</last-name><address>1277 Milford Street</address><city>Manchester</city><state>NH</state><zipcode>03101</zipcode><country>US</country><email>Catherine.R.Robles@pookmail.com</email><telephone>603-771-3714</telephone><birthday>6/28/1934</birthday><domain>CourtCritic.com</domain><occupation>Specialist</occupation><blood-type>A+</blood-type><pounds>142.8</pounds><kilograms>64.9</kilograms><feet-inches>5' 3&quot;</feet-inches><centimeters>160</centimeters><country>US</country><password>voo5mo5W</password><credit-card-type>MasterCard</credit-card-type><credit-card-number>5464219425306101</credit-card-number><cvv2>470</cvv2><credit-card-expiration>4/2013</credit-card-expiration></fake-person><!--THIS DATA IS FAKE AND IS NOT REAL!!  FOR EXAMPLE PURPOSES ONLY!!-->