<?xml version="1.0" ?><!--THIS DATA IS FAKE AND IS NOT REAL!!  FOR EXAMPLE PURPOSES ONLY!!--><fake-person id="001-86-0335" xmlns="http://www.marklogic.com/random/fake-people"><gender>female</gender><first-name>Terri</first-name><middle-initial>L</middle-initial><last-name>Schilling</last-name><address>4471 Peck Street</address><city>Newport</city><state>NH</state><zipcode>03773</zipcode><country>US</country><email>Terri.L.Schilling@spambob.com</email><telephone>603-863-6991</telephone><birthday>3/16/1955</birthday><domain>PaylessMortgages.com</domain><occupation>Control and valve installer</occupation><blood-type>A-</blood-type><pounds>157.1</pounds><kilograms>71.4</kilograms><feet-inches>5' 7&quot;</feet-inches><centimeters>169</centimeters><country>US</country><password>Vai5vah6oo</password><credit-card-type>Visa</credit-card-type><credit-card-number>4716658833684402</credit-card-number><cvv2>816</cvv2><credit-card-expiration>8/2013</credit-card-expiration></fake-person><!--THIS DATA IS FAKE AND IS NOT REAL!!  FOR EXAMPLE PURPOSES ONLY!!-->