<?xml version="1.0" ?><!--THIS DATA IS FAKE AND IS NOT REAL!!  FOR EXAMPLE PURPOSES ONLY!!--><fake-person id="001-01-6958" xmlns="http://www.marklogic.com/random/fake-people"><gender>male</gender><first-name>William</first-name><middle-initial>K</middle-initial><last-name>Buchanan</last-name><address>2337 Peck Street</address><city>Nashua</city><state>NH</state><zipcode>03061</zipcode><country>US</country><email>William.K.Buchanan@spambob.com</email><telephone>603-883-9745</telephone><birthday>5/13/1961</birthday><domain>FurnitureCollector.com</domain><occupation>Cleaning, washing, and metal pickling equipment tender</occupation><blood-type>A+</blood-type><pounds>246</pounds><kilograms>111.8</kilograms><feet-inches>5' 7&quot;</feet-inches><centimeters>169</centimeters><country>US</country><password>go2Vei3Ai</password><credit-card-type>MasterCard</credit-card-type><credit-card-number>5186756877520843</credit-card-number><cvv2>171</cvv2><credit-card-expiration>12/2013</credit-card-expiration></fake-person><!--THIS DATA IS FAKE AND IS NOT REAL!!  FOR EXAMPLE PURPOSES ONLY!!-->