<?xml version="1.0" ?><!--THIS DATA IS FAKE AND IS NOT REAL!!  FOR EXAMPLE PURPOSES ONLY!!--><fake-person id="001-46-8215" xmlns="http://www.marklogic.com/random/fake-people"><gender>female</gender><first-name>Laura</first-name><middle-initial>R</middle-initial><last-name>Landrum</last-name><address>483 Milford Street</address><city>Manchester</city><state>NH</state><zipcode>03109</zipcode><country>US</country><email>Laura.R.Landrum@mailinator.com</email><telephone>603-715-9805</telephone><birthday>9/12/1962</birthday><domain>CheapDevelopers.com</domain><occupation>Electronic equipment repairer</occupation><blood-type>A+</blood-type><pounds>178.2</pounds><kilograms>81</kilograms><feet-inches>5' 6&quot;</feet-inches><centimeters>168</centimeters><country>US</country><password>aqu8eiXu6</password><credit-card-type>MasterCard</credit-card-type><credit-card-number>5300607089524472</credit-card-number><cvv2>268</cvv2><credit-card-expiration>8/2011</credit-card-expiration></fake-person><!--THIS DATA IS FAKE AND IS NOT REAL!!  FOR EXAMPLE PURPOSES ONLY!!-->