<?xml version="1.0" ?><!--THIS DATA IS FAKE AND IS NOT REAL!!  FOR EXAMPLE PURPOSES ONLY!!--><fake-person id="001-07-3393" xmlns="http://www.marklogic.com/random/fake-people"><gender>male</gender><first-name>Howard</first-name><middle-initial>P</middle-initial><last-name>Morant</last-name><address>2458 Grasselli Street</address><city>Atkinson</city><state>NH</state><zipcode>03811</zipcode><country>US</country><email>Howard.P.Morant@pookmail.com</email><telephone>603-362-2774</telephone><birthday>2/29/1968</birthday><domain>CottonAgency.com</domain><occupation>Clinical nurse specialist</occupation><blood-type>O+</blood-type><pounds>254.5</pounds><kilograms>115.7</kilograms><feet-inches>5' 7&quot;</feet-inches><centimeters>170</centimeters><country>US</country><password>gePhaeS8d</password><credit-card-type>Visa</credit-card-type><credit-card-number>4539393309338938</credit-card-number><cvv2>525</cvv2><credit-card-expiration>3/2013</credit-card-expiration></fake-person><!--THIS DATA IS FAKE AND IS NOT REAL!!  FOR EXAMPLE PURPOSES ONLY!!-->