<?xml version="1.0" ?><!--THIS DATA IS FAKE AND IS NOT REAL!!  FOR EXAMPLE PURPOSES ONLY!!--><fake-person id="001-12-3729" xmlns="http://www.marklogic.com/random/fake-people"><gender>female</gender><first-name>Carmen</first-name><middle-initial>R</middle-initial><last-name>Barclay</last-name><address>478 Elsie Drive</address><city>Londonderry</city><state>NH</state><zipcode>03053</zipcode><country>US</country><email>Carmen.R.Barclay@mailinator.com</email><telephone>603-998-5944</telephone><birthday>8/24/1984</birthday><domain>PotteryEmporium.com</domain><occupation>Switchboard operator</occupation><blood-type>O+</blood-type><pounds>201.7</pounds><kilograms>91.7</kilograms><feet-inches>5' 7&quot;</feet-inches><centimeters>170</centimeters><country>US</country><password>watheu5Ie</password><credit-card-type>Visa</credit-card-type><credit-card-number>4716338118555631</credit-card-number><cvv2>224</cvv2><credit-card-expiration>1/2011</credit-card-expiration></fake-person><!--THIS DATA IS FAKE AND IS NOT REAL!!  FOR EXAMPLE PURPOSES ONLY!!-->