<?xml version="1.0" ?><!--THIS DATA IS FAKE AND IS NOT REAL!!  FOR EXAMPLE PURPOSES ONLY!!--><fake-person id="001-10-3503" xmlns="http://www.marklogic.com/random/fake-people"><gender>female</gender><first-name>Earnestine</first-name><middle-initial>M</middle-initial><last-name>Jacques</last-name><address>350 Milford Street</address><city>Portsmouth</city><state>NH</state><zipcode>03801</zipcode><country>US</country><email>Earnestine.M.Jacques@pookmail.com</email><telephone>603-766-7404</telephone><birthday>7/24/1968</birthday><domain>DesignerReport.com</domain><occupation>Technical sales manager</occupation><blood-type>B+</blood-type><pounds>119.7</pounds><kilograms>54.4</kilograms><feet-inches>5' 2&quot;</feet-inches><centimeters>157</centimeters><country>US</country><password>Thox2Aeb</password><credit-card-type>Visa</credit-card-type><credit-card-number>4916092947705952</credit-card-number><cvv2>948</cvv2><credit-card-expiration>6/2015</credit-card-expiration></fake-person><!--THIS DATA IS FAKE AND IS NOT REAL!!  FOR EXAMPLE PURPOSES ONLY!!-->