<?xml version="1.0" ?><!--THIS DATA IS FAKE AND IS NOT REAL!!  FOR EXAMPLE PURPOSES ONLY!!--><fake-person id="001-28-1093" xmlns="http://www.marklogic.com/random/fake-people"><gender>female</gender><first-name>Carol</first-name><middle-initial>B</middle-initial><last-name>Galindo</last-name><address>2857 Peck Street</address><city>Manchester</city><state>NH</state><zipcode>03101</zipcode><country>US</country><email>Carol.B.Galindo@mailinator.com</email><telephone>603-913-3379</telephone><birthday>8/30/1954</birthday><domain>PopCommunication.com</domain><occupation>Termite control technician</occupation><blood-type>O+</blood-type><pounds>169</pounds><kilograms>76.8</kilograms><feet-inches>5' 7&quot;</feet-inches><centimeters>169</centimeters><country>US</country><password>zeeyahNe2r</password><credit-card-type>MasterCard</credit-card-type><credit-card-number>5103368861594501</credit-card-number><cvv2>895</cvv2><credit-card-expiration>10/2011</credit-card-expiration></fake-person><!--THIS DATA IS FAKE AND IS NOT REAL!!  FOR EXAMPLE PURPOSES ONLY!!-->