<?xml version="1.0" ?><!--THIS DATA IS FAKE AND IS NOT REAL!!  FOR EXAMPLE PURPOSES ONLY!!--><fake-person id="001-12-7771" xmlns="http://www.marklogic.com/random/fake-people"><gender>female</gender><first-name>Tracy</first-name><middle-initial>J</middle-initial><last-name>Myers</last-name><address>4700 Elliott Street</address><city>Manchester</city><state>NH</state><zipcode>03101</zipcode><country>US</country><email>Tracy.J.Myers@mailinator.com</email><telephone>603-623-5774</telephone><birthday>12/14/1972</birthday><domain>NastyThought.com</domain><occupation>Executive housekeeper</occupation><blood-type>O+</blood-type><pounds>139.7</pounds><kilograms>63.5</kilograms><feet-inches>5' 1&quot;</feet-inches><centimeters>155</centimeters><country>US</country><password>hooTh7ai</password><credit-card-type>MasterCard</credit-card-type><credit-card-number>5422329057921514</credit-card-number><cvv2>211</cvv2><credit-card-expiration>10/2011</credit-card-expiration></fake-person><!--THIS DATA IS FAKE AND IS NOT REAL!!  FOR EXAMPLE PURPOSES ONLY!!-->