<?xml version="1.0" ?><!--THIS DATA IS FAKE AND IS NOT REAL!!  FOR EXAMPLE PURPOSES ONLY!!--><fake-person id="001-80-5903" xmlns="http://www.marklogic.com/random/fake-people"><gender>female</gender><first-name>Olivia</first-name><middle-initial>D</middle-initial><last-name>Baker</last-name><address>856 Grasselli Street</address><city>Pittsfield</city><state>NH</state><zipcode>03263</zipcode><country>US</country><email>Olivia.D.Baker@trashymail.com</email><telephone>603-435-3892</telephone><birthday>5/5/1952</birthday><domain>WifiKeyboard.com</domain><occupation>Occupational therapist aide</occupation><blood-type>A+</blood-type><pounds>161.9</pounds><kilograms>73.6</kilograms><feet-inches>5' 3&quot;</feet-inches><centimeters>161</centimeters><country>US</country><password>az4Aichie</password><credit-card-type>MasterCard</credit-card-type><credit-card-number>5498618235614887</credit-card-number><cvv2>195</cvv2><credit-card-expiration>4/2012</credit-card-expiration></fake-person><!--THIS DATA IS FAKE AND IS NOT REAL!!  FOR EXAMPLE PURPOSES ONLY!!-->