<?xml version="1.0" ?><!--THIS DATA IS FAKE AND IS NOT REAL!!  FOR EXAMPLE PURPOSES ONLY!!--><fake-person id="001-30-6012" xmlns="http://www.marklogic.com/random/fake-people"><gender>female</gender><first-name>Laura</first-name><middle-initial>D</middle-initial><last-name>Early</last-name><address>821 Peck Street</address><city>Manchester</city><state>NH</state><zipcode>03103</zipcode><country>US</country><email>Laura.D.Early@mailinator.com</email><telephone>603-836-3361</telephone><birthday>3/20/1986</birthday><domain>EcoBookstore.com</domain><occupation>Steadicam operator</occupation><blood-type>O+</blood-type><pounds>114.2</pounds><kilograms>51.9</kilograms><feet-inches>5' 3&quot;</feet-inches><centimeters>160</centimeters><country>US</country><password>LohVi6Phu</password><credit-card-type>Visa</credit-card-type><credit-card-number>4716416585756658</credit-card-number><cvv2>480</cvv2><credit-card-expiration>10/2012</credit-card-expiration></fake-person><!--THIS DATA IS FAKE AND IS NOT REAL!!  FOR EXAMPLE PURPOSES ONLY!!-->