<?xml version="1.0" ?><!--THIS DATA IS FAKE AND IS NOT REAL!!  FOR EXAMPLE PURPOSES ONLY!!--><fake-person id="001-82-8480" xmlns="http://www.marklogic.com/random/fake-people"><gender>female</gender><first-name>Maria</first-name><middle-initial>D</middle-initial><last-name>Teneyck</last-name><address>1781 Peck Street</address><city>Rye Beach</city><state>NH</state><zipcode>03871</zipcode><country>US</country><email>Maria.D.Teneyck@mailinator.com</email><telephone>603-964-4904</telephone><birthday>4/23/1979</birthday><domain>LiquidationPages.com</domain><occupation>Clinical social worker</occupation><blood-type>B+</blood-type><pounds>217.6</pounds><kilograms>98.9</kilograms><feet-inches>5' 5&quot;</feet-inches><centimeters>164</centimeters><country>US</country><password>hog3ooTho</password><credit-card-type>MasterCard</credit-card-type><credit-card-number>5102266109409329</credit-card-number><cvv2>630</cvv2><credit-card-expiration>12/2015</credit-card-expiration></fake-person><!--THIS DATA IS FAKE AND IS NOT REAL!!  FOR EXAMPLE PURPOSES ONLY!!-->