<?xml version="1.0" ?><!--THIS DATA IS FAKE AND IS NOT REAL!!  FOR EXAMPLE PURPOSES ONLY!!--><fake-person id="001-26-0800" xmlns="http://www.marklogic.com/random/fake-people"><gender>female</gender><first-name>Joanne</first-name><middle-initial>R</middle-initial><last-name>Vance</last-name><address>2232 Peck Street</address><city>Manchester</city><state>NH</state><zipcode>03101</zipcode><country>US</country><email>Joanne.R.Vance@spambob.com</email><telephone>603-852-7423</telephone><birthday>1/11/1970</birthday><domain>TubeText.com</domain><occupation>Ticket clerk</occupation><blood-type>B+</blood-type><pounds>168.7</pounds><kilograms>76.7</kilograms><feet-inches>5' 8&quot;</feet-inches><centimeters>172</centimeters><country>US</country><password>Cha5dieKee</password><credit-card-type>Visa</credit-card-type><credit-card-number>4916856719102261</credit-card-number><cvv2>716</cvv2><credit-card-expiration>1/2013</credit-card-expiration></fake-person><!--THIS DATA IS FAKE AND IS NOT REAL!!  FOR EXAMPLE PURPOSES ONLY!!-->