<?xml version="1.0" ?><!--THIS DATA IS FAKE AND IS NOT REAL!!  FOR EXAMPLE PURPOSES ONLY!!--><fake-person id="001-68-4987" xmlns="http://www.marklogic.com/random/fake-people"><gender>female</gender><first-name>Dorothy</first-name><middle-initial>M</middle-initial><last-name>Choi</last-name><address>1984 Shearwood Forest Drive</address><city>Manchester</city><state>NH</state><zipcode>03109</zipcode><country>US</country><email>Dorothy.M.Choi@dodgit.com</email><telephone>603-343-7367</telephone><birthday>5/2/1938</birthday><domain>FlowerReport.com</domain><occupation>Clinical chemistry technologist</occupation><blood-type>B+</blood-type><pounds>123.9</pounds><kilograms>56.3</kilograms><feet-inches>5' 3&quot;</feet-inches><centimeters>160</centimeters><country>US</country><password>BaiL5eej</password><credit-card-type>Visa</credit-card-type><credit-card-number>4539121741482513</credit-card-number><cvv2>353</cvv2><credit-card-expiration>7/2012</credit-card-expiration></fake-person><!--THIS DATA IS FAKE AND IS NOT REAL!!  FOR EXAMPLE PURPOSES ONLY!!-->