<?xml version="1.0" ?><!--THIS DATA IS FAKE AND IS NOT REAL!!  FOR EXAMPLE PURPOSES ONLY!!--><fake-person id="001-60-0227" xmlns="http://www.marklogic.com/random/fake-people"><gender>male</gender><first-name>Andrew</first-name><middle-initial>M</middle-initial><last-name>Rood</last-name><address>4967 Milford Street</address><city>Dover</city><state>NH</state><zipcode>03820</zipcode><country>US</country><email>Andrew.M.Rood@trashymail.com</email><telephone>603-767-4811</telephone><birthday>6/22/1944</birthday><domain>PrepayTickets.com</domain><occupation>Amusement machine servicer</occupation><blood-type>A+</blood-type><pounds>234.1</pounds><kilograms>106.4</kilograms><feet-inches>5' 5&quot;</feet-inches><centimeters>166</centimeters><country>US</country><password>Zue5eiVoh2</password><credit-card-type>Visa</credit-card-type><credit-card-number>4929755635199770</credit-card-number><cvv2>326</cvv2><credit-card-expiration>4/2014</credit-card-expiration></fake-person><!--THIS DATA IS FAKE AND IS NOT REAL!!  FOR EXAMPLE PURPOSES ONLY!!-->