<?xml version="1.0" ?><!--THIS DATA IS FAKE AND IS NOT REAL!!  FOR EXAMPLE PURPOSES ONLY!!--><fake-person id="001-40-3176" xmlns="http://www.marklogic.com/random/fake-people"><gender>male</gender><first-name>Sam</first-name><middle-initial>R</middle-initial><last-name>Caddell</last-name><address>4386 Elliott Street</address><city>Manchester</city><state>NH</state><zipcode>03103</zipcode><country>US</country><email>Sam.R.Caddell@spambob.com</email><telephone>603-546-7876</telephone><birthday>9/27/1939</birthday><domain>WiFiShow.com</domain><occupation>Typographer</occupation><blood-type>A+</blood-type><pounds>176.4</pounds><kilograms>80.2</kilograms><feet-inches>5' 4&quot;</feet-inches><centimeters>163</centimeters><country>US</country><password>phohngeiC9</password><credit-card-type>MasterCard</credit-card-type><credit-card-number>5396913189888568</credit-card-number><cvv2>260</cvv2><credit-card-expiration>12/2012</credit-card-expiration></fake-person><!--THIS DATA IS FAKE AND IS NOT REAL!!  FOR EXAMPLE PURPOSES ONLY!!-->