<?xml version="1.0" ?><!--THIS DATA IS FAKE AND IS NOT REAL!!  FOR EXAMPLE PURPOSES ONLY!!--><fake-person id="001-54-0408" xmlns="http://www.marklogic.com/random/fake-people"><gender>female</gender><first-name>Ruth</first-name><middle-initial>C</middle-initial><last-name>Montes</last-name><address>1860 Peck Street</address><city>Greenville</city><state>NH</state><zipcode>03048</zipcode><country>US</country><email>Ruth.C.Montes@spambob.com</email><telephone>603-878-0434</telephone><birthday>2/15/1951</birthday><domain>MadisonMortgageLoans.com</domain><occupation>Model maker</occupation><blood-type>O+</blood-type><pounds>191</pounds><kilograms>86.8</kilograms><feet-inches>5' 6&quot;</feet-inches><centimeters>167</centimeters><country>US</country><password>CiePh1ooGh</password><credit-card-type>Visa</credit-card-type><credit-card-number>4485811863017659</credit-card-number><cvv2>511</cvv2><credit-card-expiration>5/2013</credit-card-expiration></fake-person><!--THIS DATA IS FAKE AND IS NOT REAL!!  FOR EXAMPLE PURPOSES ONLY!!-->