<?xml version="1.0" ?><!--THIS DATA IS FAKE AND IS NOT REAL!!  FOR EXAMPLE PURPOSES ONLY!!--><fake-person id="001-26-2517" xmlns="http://www.marklogic.com/random/fake-people"><gender>female</gender><first-name>Sharon</first-name><middle-initial>J</middle-initial><last-name>Condon</last-name><address>4621 Grasselli Street</address><city>Portsmouth</city><state>NH</state><zipcode>03801</zipcode><country>US</country><email>Sharon.J.Condon@spambob.com</email><telephone>603-452-2244</telephone><birthday>8/11/1965</birthday><domain>SandBed.com</domain><occupation>Highway maintenance worker</occupation><blood-type>A+</blood-type><pounds>169.4</pounds><kilograms>77</kilograms><feet-inches>5' 3&quot;</feet-inches><centimeters>159</centimeters><country>US</country><password>oitiBaemae6</password><credit-card-type>Visa</credit-card-type><credit-card-number>4532539870561145</credit-card-number><cvv2>875</cvv2><credit-card-expiration>11/2014</credit-card-expiration></fake-person><!--THIS DATA IS FAKE AND IS NOT REAL!!  FOR EXAMPLE PURPOSES ONLY!!-->