<?xml version="1.0" ?><!--THIS DATA IS FAKE AND IS NOT REAL!!  FOR EXAMPLE PURPOSES ONLY!!--><fake-person id="001-58-2215" xmlns="http://www.marklogic.com/random/fake-people"><gender>male</gender><first-name>Mikel</first-name><middle-initial>E</middle-initial><last-name>Schoenrock</last-name><address>2424 Shearwood Forest Drive</address><city>Portsmouth</city><state>NH</state><zipcode>03801</zipcode><country>US</country><email>Mikel.E.Schoenrock@spambob.com</email><telephone>603-215-2722</telephone><birthday>12/30/1956</birthday><domain>PatioShed.com</domain><occupation>Technician</occupation><blood-type>B+</blood-type><pounds>201.5</pounds><kilograms>91.6</kilograms><feet-inches>5' 8&quot;</feet-inches><centimeters>173</centimeters><country>US</country><password>shae3EYoqu</password><credit-card-type>MasterCard</credit-card-type><credit-card-number>5238319729107323</credit-card-number><cvv2>126</cvv2><credit-card-expiration>9/2014</credit-card-expiration></fake-person><!--THIS DATA IS FAKE AND IS NOT REAL!!  FOR EXAMPLE PURPOSES ONLY!!-->