<?xml version="1.0" ?><!--THIS DATA IS FAKE AND IS NOT REAL!!  FOR EXAMPLE PURPOSES ONLY!!--><fake-person id="001-22-6539" xmlns="http://www.marklogic.com/random/fake-people"><gender>male</gender><first-name>Douglas</first-name><middle-initial>E</middle-initial><last-name>Bellows</last-name><address>4264 Milford Street</address><city>Exeter</city><state>NH</state><zipcode>03833</zipcode><country>US</country><email>Douglas.E.Bellows@spambob.com</email><telephone>603-777-3591</telephone><birthday>12/14/1952</birthday><domain>Inrails.com</domain><occupation>Ship officer</occupation><blood-type>O+</blood-type><pounds>223.7</pounds><kilograms>101.7</kilograms><feet-inches>5' 9&quot;</feet-inches><centimeters>175</centimeters><country>US</country><password>oloh6ea9Yoo</password><credit-card-type>MasterCard</credit-card-type><credit-card-number>5527654624914880</credit-card-number><cvv2>025</cvv2><credit-card-expiration>12/2015</credit-card-expiration></fake-person><!--THIS DATA IS FAKE AND IS NOT REAL!!  FOR EXAMPLE PURPOSES ONLY!!-->