<?xml version="1.0" ?><!--THIS DATA IS FAKE AND IS NOT REAL!!  FOR EXAMPLE PURPOSES ONLY!!--><fake-person id="001-52-6414" xmlns="http://www.marklogic.com/random/fake-people"><gender>male</gender><first-name>Thomas</first-name><middle-initial>J</middle-initial><last-name>Lowery</last-name><address>1663 Elliott Street</address><city>Nashua</city><state>NH</state><zipcode>03061</zipcode><country>US</country><email>Thomas.J.Lowery@spambob.com</email><telephone>603-579-9153</telephone><birthday>2/8/1967</birthday><domain>SoapCandy.com</domain><occupation>Tool and die maker</occupation><blood-type>O+</blood-type><pounds>217.1</pounds><kilograms>98.7</kilograms><feet-inches>5' 10&quot;</feet-inches><centimeters>177</centimeters><country>US</country><password>Shahc5iech3</password><credit-card-type>MasterCard</credit-card-type><credit-card-number>5187742867534530</credit-card-number><cvv2>894</cvv2><credit-card-expiration>2/2015</credit-card-expiration></fake-person><!--THIS DATA IS FAKE AND IS NOT REAL!!  FOR EXAMPLE PURPOSES ONLY!!-->