<?xml version="1.0" ?><!--THIS DATA IS FAKE AND IS NOT REAL!!  FOR EXAMPLE PURPOSES ONLY!!--><fake-person id="001-96-4391" xmlns="http://www.marklogic.com/random/fake-people"><gender>male</gender><first-name>Scott</first-name><middle-initial>A</middle-initial><last-name>Burgess</last-name><address>3515 Grasselli Street</address><city>Warner</city><state>NH</state><zipcode>03278</zipcode><country>US</country><email>Scott.A.Burgess@trashymail.com</email><telephone>603-456-0625</telephone><birthday>1/8/1992</birthday><domain>ConnecticutNightlife.com</domain><occupation>Human services manager</occupation><blood-type>O+</blood-type><pounds>176.2</pounds><kilograms>80.1</kilograms><feet-inches>5' 8&quot;</feet-inches><centimeters>172</centimeters><country>US</country><password>cahB5moaW</password><credit-card-type>Visa</credit-card-type><credit-card-number>4916867782548785</credit-card-number><cvv2>526</cvv2><credit-card-expiration>7/2012</credit-card-expiration></fake-person><!--THIS DATA IS FAKE AND IS NOT REAL!!  FOR EXAMPLE PURPOSES ONLY!!-->