<?xml version="1.0" ?><!--THIS DATA IS FAKE AND IS NOT REAL!!  FOR EXAMPLE PURPOSES ONLY!!--><fake-person id="001-12-2333" xmlns="http://www.marklogic.com/random/fake-people"><gender>female</gender><first-name>Clara</first-name><middle-initial>A</middle-initial><last-name>Anderson</last-name><address>586 Grasselli Street</address><city>Salem</city><state>NH</state><zipcode>03079</zipcode><country>US</country><email>Clara.A.Anderson@dodgit.com</email><telephone>603-386-8768</telephone><birthday>7/12/1983</birthday><domain>PodcastProject.com</domain><occupation>Airport terminal controller</occupation><blood-type>B+</blood-type><pounds>145</pounds><kilograms>65.9</kilograms><feet-inches>5' 3&quot;</feet-inches><centimeters>159</centimeters><country>US</country><password>quei1iaP</password><credit-card-type>Visa</credit-card-type><credit-card-number>4539088833220905</credit-card-number><cvv2>176</cvv2><credit-card-expiration>10/2014</credit-card-expiration></fake-person><!--THIS DATA IS FAKE AND IS NOT REAL!!  FOR EXAMPLE PURPOSES ONLY!!-->