<?xml version="1.0" ?><!--THIS DATA IS FAKE AND IS NOT REAL!!  FOR EXAMPLE PURPOSES ONLY!!--><fake-person id="001-03-4839" xmlns="http://www.marklogic.com/random/fake-people"><gender>female</gender><first-name>Joanne</first-name><middle-initial>L</middle-initial><last-name>Knickerbocker</last-name><address>3209 Grasselli Street</address><city>Nashua</city><state>NH</state><zipcode>03060</zipcode><country>US</country><email>Joanne.L.Knickerbocker@mailinator.com</email><telephone>603-371-3553</telephone><birthday>9/11/1971</birthday><domain>FraternityNetwork.com</domain><occupation>Etcher</occupation><blood-type>A+</blood-type><pounds>124.5</pounds><kilograms>56.6</kilograms><feet-inches>5' 2&quot;</feet-inches><centimeters>158</centimeters><country>US</country><password>keH9jahgh</password><credit-card-type>Visa</credit-card-type><credit-card-number>4929388017180919</credit-card-number><cvv2>691</cvv2><credit-card-expiration>6/2015</credit-card-expiration></fake-person><!--THIS DATA IS FAKE AND IS NOT REAL!!  FOR EXAMPLE PURPOSES ONLY!!-->