<?xml version="1.0" ?><!--THIS DATA IS FAKE AND IS NOT REAL!!  FOR EXAMPLE PURPOSES ONLY!!--><fake-person id="001-62-6067" xmlns="http://www.marklogic.com/random/fake-people"><gender>female</gender><first-name>Barbara</first-name><middle-initial>M</middle-initial><last-name>Bridges</last-name><address>1778 Shearwood Forest Drive</address><city>Belmont</city><state>NH</state><zipcode>03220</zipcode><country>US</country><email>Barbara.M.Bridges@pookmail.com</email><telephone>603-267-0542</telephone><birthday>9/14/1969</birthday><domain>InvitationSupply.com</domain><occupation>Administrative clerk</occupation><blood-type>O+</blood-type><pounds>208.1</pounds><kilograms>94.6</kilograms><feet-inches>5' 7&quot;</feet-inches><centimeters>171</centimeters><country>US</country><password>yodu2iaG7</password><credit-card-type>Visa</credit-card-type><credit-card-number>4929785797930019</credit-card-number><cvv2>025</cvv2><credit-card-expiration>4/2012</credit-card-expiration></fake-person><!--THIS DATA IS FAKE AND IS NOT REAL!!  FOR EXAMPLE PURPOSES ONLY!!-->