<?xml version="1.0" ?><!--THIS DATA IS FAKE AND IS NOT REAL!!  FOR EXAMPLE PURPOSES ONLY!!--><fake-person id="001-50-1703" xmlns="http://www.marklogic.com/random/fake-people"><gender>female</gender><first-name>Pauline</first-name><middle-initial>S</middle-initial><last-name>Olmstead</last-name><address>15 Elliott Street</address><city>Manchester</city><state>NH</state><zipcode>03103</zipcode><country>US</country><email>Pauline.S.Olmstead@spambob.com</email><telephone>603-574-2016</telephone><birthday>7/14/1949</birthday><domain>SaltLakeCityFlower.com</domain><occupation>Dressing room attendant</occupation><blood-type>B-</blood-type><pounds>223.5</pounds><kilograms>101.6</kilograms><feet-inches>5' 7&quot;</feet-inches><centimeters>171</centimeters><country>US</country><password>Cae5Ux6soo5</password><credit-card-type>MasterCard</credit-card-type><credit-card-number>5592279091707185</credit-card-number><cvv2>955</cvv2><credit-card-expiration>9/2011</credit-card-expiration></fake-person><!--THIS DATA IS FAKE AND IS NOT REAL!!  FOR EXAMPLE PURPOSES ONLY!!-->