<?xml version="1.0" ?><!--THIS DATA IS FAKE AND IS NOT REAL!!  FOR EXAMPLE PURPOSES ONLY!!--><fake-person id="001-32-7799" xmlns="http://www.marklogic.com/random/fake-people"><gender>male</gender><first-name>Otis</first-name><middle-initial>B</middle-initial><last-name>Alfonso</last-name><address>4879 Peck Street</address><city>Nashua</city><state>NH</state><zipcode>03061</zipcode><country>US</country><email>Otis.B.Alfonso@dodgit.com</email><telephone>603-881-5093</telephone><birthday>3/8/1975</birthday><domain>VoodooLinks.com</domain><occupation>Health educator</occupation><blood-type>A+</blood-type><pounds>150.3</pounds><kilograms>68.3</kilograms><feet-inches>5' 6&quot;</feet-inches><centimeters>168</centimeters><country>US</country><password>Ui6hahveep4</password><credit-card-type>Visa</credit-card-type><credit-card-number>4485664675967417</credit-card-number><cvv2>005</cvv2><credit-card-expiration>9/2015</credit-card-expiration></fake-person><!--THIS DATA IS FAKE AND IS NOT REAL!!  FOR EXAMPLE PURPOSES ONLY!!-->