<?xml version="1.0" ?><!--THIS DATA IS FAKE AND IS NOT REAL!!  FOR EXAMPLE PURPOSES ONLY!!--><fake-person id="001-52-3027" xmlns="http://www.marklogic.com/random/fake-people"><gender>male</gender><first-name>Kyle</first-name><middle-initial>A</middle-initial><last-name>Shea</last-name><address>1232 Peck Street</address><city>Manchester</city><state>NH</state><zipcode>03101</zipcode><country>US</country><email>Kyle.A.Shea@pookmail.com</email><telephone>603-858-4139</telephone><birthday>4/10/1953</birthday><domain>PodTest.com</domain><occupation>Fiscal and policy analyst</occupation><blood-type>O+</blood-type><pounds>147</pounds><kilograms>66.8</kilograms><feet-inches>5' 5&quot;</feet-inches><centimeters>166</centimeters><country>US</country><password>Rab5maichoo</password><credit-card-type>MasterCard</credit-card-type><credit-card-number>5448660353318983</credit-card-number><cvv2>919</cvv2><credit-card-expiration>11/2015</credit-card-expiration></fake-person><!--THIS DATA IS FAKE AND IS NOT REAL!!  FOR EXAMPLE PURPOSES ONLY!!-->