<?xml version="1.0" ?><!--THIS DATA IS FAKE AND IS NOT REAL!!  FOR EXAMPLE PURPOSES ONLY!!--><fake-person id="001-64-3132" xmlns="http://www.marklogic.com/random/fake-people"><gender>male</gender><first-name>Donald</first-name><middle-initial>C</middle-initial><last-name>Walls</last-name><address>1239 Shearwood Forest Drive</address><city>Tilton</city><state>NH</state><zipcode>03276</zipcode><country>US</country><email>Donald.C.Walls@mailinator.com</email><telephone>603-266-7262</telephone><birthday>1/15/1975</birthday><domain>LiquorReport.com</domain><occupation>Pedicurist</occupation><blood-type>B+</blood-type><pounds>151.4</pounds><kilograms>68.8</kilograms><feet-inches>5' 10&quot;</feet-inches><centimeters>178</centimeters><country>US</country><password>Eiph0Ash3</password><credit-card-type>Visa</credit-card-type><credit-card-number>4556706347326334</credit-card-number><cvv2>065</cvv2><credit-card-expiration>6/2015</credit-card-expiration></fake-person><!--THIS DATA IS FAKE AND IS NOT REAL!!  FOR EXAMPLE PURPOSES ONLY!!-->