<?xml version="1.0" ?><!--THIS DATA IS FAKE AND IS NOT REAL!!  FOR EXAMPLE PURPOSES ONLY!!--><fake-person id="001-54-7606" xmlns="http://www.marklogic.com/random/fake-people"><gender>male</gender><first-name>Jesse</first-name><middle-initial>J</middle-initial><last-name>Richardson</last-name><address>3089 Peck Street</address><city>Manchester</city><state>NH</state><zipcode>03101</zipcode><country>US</country><email>Jesse.J.Richardson@trashymail.com</email><telephone>603-845-5355</telephone><birthday>3/31/1948</birthday><domain>DoubleCredits.com</domain><occupation>Companion</occupation><blood-type>O+</blood-type><pounds>158</pounds><kilograms>71.8</kilograms><feet-inches>5' 5&quot;</feet-inches><centimeters>165</centimeters><country>US</country><password>ieQuaiMee6ae</password><credit-card-type>Visa</credit-card-type><credit-card-number>4916313962017911</credit-card-number><cvv2>818</cvv2><credit-card-expiration>10/2015</credit-card-expiration></fake-person><!--THIS DATA IS FAKE AND IS NOT REAL!!  FOR EXAMPLE PURPOSES ONLY!!-->