<?xml version="1.0" ?><!--THIS DATA IS FAKE AND IS NOT REAL!!  FOR EXAMPLE PURPOSES ONLY!!--><fake-person id="001-20-3060" xmlns="http://www.marklogic.com/random/fake-people"><gender>female</gender><first-name>Velma</first-name><middle-initial>T</middle-initial><last-name>Carr</last-name><address>2095 Elliott Street</address><city>Pelham</city><state>NH</state><zipcode>03076</zipcode><country>US</country><email>Velma.T.Carr@dodgit.com</email><telephone>603-635-0679</telephone><birthday>12/1/1974</birthday><domain>SellingTricks.com</domain><occupation>Motorboat mechanic</occupation><blood-type>A+</blood-type><pounds>178</pounds><kilograms>80.9</kilograms><feet-inches>5' 3&quot;</feet-inches><centimeters>161</centimeters><country>US</country><password>emo0Ootoo</password><credit-card-type>Visa</credit-card-type><credit-card-number>4916938072087246</credit-card-number><cvv2>506</cvv2><credit-card-expiration>11/2011</credit-card-expiration></fake-person><!--THIS DATA IS FAKE AND IS NOT REAL!!  FOR EXAMPLE PURPOSES ONLY!!-->