<?xml version="1.0" ?><!--THIS DATA IS FAKE AND IS NOT REAL!!  FOR EXAMPLE PURPOSES ONLY!!--><fake-person id="001-90-7896" xmlns="http://www.marklogic.com/random/fake-people"><gender>female</gender><first-name>Deborah</first-name><middle-initial>D</middle-initial><last-name>Bartels</last-name><address>1099 Elsie Drive</address><city>Londonderry</city><state>NH</state><zipcode>03053</zipcode><country>US</country><email>Deborah.D.Bartels@trashymail.com</email><telephone>603-996-6154</telephone><birthday>2/8/1977</birthday><domain>JobRemedies.com</domain><occupation>Electromechanical equipment assembler</occupation><blood-type>A+</blood-type><pounds>131.8</pounds><kilograms>59.9</kilograms><feet-inches>5' 9&quot;</feet-inches><centimeters>174</centimeters><country>US</country><password>engu8Iwohv</password><credit-card-type>MasterCard</credit-card-type><credit-card-number>5544457826155644</credit-card-number><cvv2>351</cvv2><credit-card-expiration>5/2012</credit-card-expiration></fake-person><!--THIS DATA IS FAKE AND IS NOT REAL!!  FOR EXAMPLE PURPOSES ONLY!!-->