<?xml version="1.0" ?><!--THIS DATA IS FAKE AND IS NOT REAL!!  FOR EXAMPLE PURPOSES ONLY!!--><fake-person id="001-78-1689" xmlns="http://www.marklogic.com/random/fake-people"><gender>female</gender><first-name>Stephanie</first-name><middle-initial>W</middle-initial><last-name>Hylton</last-name><address>2745 Grasselli Street</address><city>Portsmouth</city><state>NH</state><zipcode>03801</zipcode><country>US</country><email>Stephanie.W.Hylton@spambob.com</email><telephone>603-415-5768</telephone><birthday>7/12/1964</birthday><domain>SlotDealers.com</domain><occupation>Concierge</occupation><blood-type>A+</blood-type><pounds>145.9</pounds><kilograms>66.3</kilograms><feet-inches>5' 4&quot;</feet-inches><centimeters>162</centimeters><country>US</country><password>jaiZoo0ail</password><credit-card-type>MasterCard</credit-card-type><credit-card-number>5572376770747674</credit-card-number><cvv2>089</cvv2><credit-card-expiration>1/2014</credit-card-expiration></fake-person><!--THIS DATA IS FAKE AND IS NOT REAL!!  FOR EXAMPLE PURPOSES ONLY!!-->