<?xml version="1.0" ?><!--THIS DATA IS FAKE AND IS NOT REAL!!  FOR EXAMPLE PURPOSES ONLY!!--><fake-person id="001-80-6367" xmlns="http://www.marklogic.com/random/fake-people"><gender>female</gender><first-name>Morgan</first-name><middle-initial>J</middle-initial><last-name>Muldrow</last-name><address>1667 Shearwood Forest Drive</address><city>Manchester</city><state>NH</state><zipcode>03103</zipcode><country>US</country><email>Morgan.J.Muldrow@mailinator.com</email><telephone>603-280-7759</telephone><birthday>3/2/1937</birthday><domain>GenuineNerd.com</domain><occupation>Political geographer</occupation><blood-type>O-</blood-type><pounds>190.1</pounds><kilograms>86.4</kilograms><feet-inches>5' 1&quot;</feet-inches><centimeters>154</centimeters><country>US</country><password>oogh3raeCh</password><credit-card-type>MasterCard</credit-card-type><credit-card-number>5379164766295568</credit-card-number><cvv2>529</cvv2><credit-card-expiration>5/2012</credit-card-expiration></fake-person><!--THIS DATA IS FAKE AND IS NOT REAL!!  FOR EXAMPLE PURPOSES ONLY!!-->