<?xml version="1.0" ?><!--THIS DATA IS FAKE AND IS NOT REAL!!  FOR EXAMPLE PURPOSES ONLY!!--><fake-person id="002-78-6299" xmlns="http://www.marklogic.com/random/fake-people"><gender>male</gender><first-name>Stacy</first-name><middle-initial>J</middle-initial><last-name>Hubbard</last-name><address>447 Elsie Drive</address><city>Pike</city><state>NH</state><zipcode>03780</zipcode><country>US</country><email>Stacy.J.Hubbard@mailinator.com</email><telephone>603-989-1372</telephone><birthday>9/16/1936</birthday><domain>RipApart.com</domain><occupation>CNC operator</occupation><blood-type>A+</blood-type><pounds>195.1</pounds><kilograms>88.7</kilograms><feet-inches>5' 11&quot;</feet-inches><centimeters>180</centimeters><country>US</country><password>Ooghoh4gah</password><credit-card-type>Visa</credit-card-type><credit-card-number>4929998821285587</credit-card-number><cvv2>836</cvv2><credit-card-expiration>12/2013</credit-card-expiration></fake-person><!--THIS DATA IS FAKE AND IS NOT REAL!!  FOR EXAMPLE PURPOSES ONLY!!-->