<?xml version="1.0" ?><!--THIS DATA IS FAKE AND IS NOT REAL!!  FOR EXAMPLE PURPOSES ONLY!!--><fake-person id="002-18-6112" xmlns="http://www.marklogic.com/random/fake-people"><gender>male</gender><first-name>Luis</first-name><middle-initial>T</middle-initial><last-name>Velasco</last-name><address>4686 Shearwood Forest Drive</address><city>Concord</city><state>NH</state><zipcode>03301</zipcode><country>US</country><email>Luis.T.Velasco@pookmail.com</email><telephone>603-230-6608</telephone><birthday>10/27/1945</birthday><domain>PokerHappens.com</domain><occupation>Commercial and industrial designer</occupation><blood-type>A+</blood-type><pounds>244.2</pounds><kilograms>111</kilograms><feet-inches>5' 7&quot;</feet-inches><centimeters>169</centimeters><country>US</country><password>Oomohth4ee</password><credit-card-type>Visa</credit-card-type><credit-card-number>4485051656786810</credit-card-number><cvv2>309</cvv2><credit-card-expiration>4/2012</credit-card-expiration></fake-person><!--THIS DATA IS FAKE AND IS NOT REAL!!  FOR EXAMPLE PURPOSES ONLY!!-->