<?xml version="1.0" ?><!--THIS DATA IS FAKE AND IS NOT REAL!!  FOR EXAMPLE PURPOSES ONLY!!--><fake-person id="002-24-5575" xmlns="http://www.marklogic.com/random/fake-people"><gender>female</gender><first-name>Johanna</first-name><middle-initial>D</middle-initial><last-name>Reid</last-name><address>715 Elliott Street</address><city>Nashua</city><state>NH</state><zipcode>03061</zipcode><country>US</country><email>Johanna.D.Reid@pookmail.com</email><telephone>603-578-5221</telephone><birthday>10/13/1973</birthday><domain>IdahoFallsHouses.com</domain><occupation>Quality auditor</occupation><blood-type>B+</blood-type><pounds>155.3</pounds><kilograms>70.6</kilograms><feet-inches>5' 5&quot;</feet-inches><centimeters>166</centimeters><country>US</country><password>soh5Shahz</password><credit-card-type>MasterCard</credit-card-type><credit-card-number>5260773749567851</credit-card-number><cvv2>524</cvv2><credit-card-expiration>11/2012</credit-card-expiration></fake-person><!--THIS DATA IS FAKE AND IS NOT REAL!!  FOR EXAMPLE PURPOSES ONLY!!-->