<?xml version="1.0" ?><!--THIS DATA IS FAKE AND IS NOT REAL!!  FOR EXAMPLE PURPOSES ONLY!!--><fake-person id="002-98-5998" xmlns="http://www.marklogic.com/random/fake-people"><gender>male</gender><first-name>Norman</first-name><middle-initial>G</middle-initial><last-name>Kelly</last-name><address>3186 Elliott Street</address><city>Canaan</city><state>NH</state><zipcode>03741</zipcode><country>US</country><email>Norman.G.Kelly@dodgit.com</email><telephone>603-523-7434</telephone><birthday>10/9/1942</birthday><domain>GreenNylon.com</domain><occupation>Paymaster</occupation><blood-type>A+</blood-type><pounds>220.9</pounds><kilograms>100.4</kilograms><feet-inches>5' 7&quot;</feet-inches><centimeters>170</centimeters><country>US</country><password>Thae3ahdie</password><credit-card-type>Visa</credit-card-type><credit-card-number>4916775280354764</credit-card-number><cvv2>732</cvv2><credit-card-expiration>12/2011</credit-card-expiration></fake-person><!--THIS DATA IS FAKE AND IS NOT REAL!!  FOR EXAMPLE PURPOSES ONLY!!-->