<?xml version="1.0" ?><!--THIS DATA IS FAKE AND IS NOT REAL!!  FOR EXAMPLE PURPOSES ONLY!!--><fake-person id="002-18-4441" xmlns="http://www.marklogic.com/random/fake-people"><gender>female</gender><first-name>Rhonda</first-name><middle-initial>J</middle-initial><last-name>Garcia</last-name><address>229 Milford Street</address><city>Manchester</city><state>NH</state><zipcode>03101</zipcode><country>US</country><email>Rhonda.J.Garcia@spambob.com</email><telephone>603-785-5521</telephone><birthday>12/31/1987</birthday><domain>BaptistHigh.com</domain><occupation>Ticket taker</occupation><blood-type>B+</blood-type><pounds>117</pounds><kilograms>53.2</kilograms><feet-inches>5' 9&quot;</feet-inches><centimeters>174</centimeters><country>US</country><password>aipho5veiN</password><credit-card-type>Visa</credit-card-type><credit-card-number>4716149507413930</credit-card-number><cvv2>369</cvv2><credit-card-expiration>11/2012</credit-card-expiration></fake-person><!--THIS DATA IS FAKE AND IS NOT REAL!!  FOR EXAMPLE PURPOSES ONLY!!-->