<?xml version="1.0" ?><!--THIS DATA IS FAKE AND IS NOT REAL!!  FOR EXAMPLE PURPOSES ONLY!!--><fake-person id="002-36-5455" xmlns="http://www.marklogic.com/random/fake-people"><gender>male</gender><first-name>Brett</first-name><middle-initial>J</middle-initial><last-name>Garcia</last-name><address>4587 Milford Street</address><city>Portsmouth</city><state>NH</state><zipcode>03801</zipcode><country>US</country><email>Brett.J.Garcia@trashymail.com</email><telephone>603-676-2904</telephone><birthday>10/30/1961</birthday><domain>TacomaHandyman.com</domain><occupation>Petroleum technician</occupation><blood-type>AB+</blood-type><pounds>246.2</pounds><kilograms>111.9</kilograms><feet-inches>6' 2&quot;</feet-inches><centimeters>187</centimeters><country>US</country><password>iew5OhW6</password><credit-card-type>MasterCard</credit-card-type><credit-card-number>5208757852314107</credit-card-number><cvv2>565</cvv2><credit-card-expiration>4/2014</credit-card-expiration></fake-person><!--THIS DATA IS FAKE AND IS NOT REAL!!  FOR EXAMPLE PURPOSES ONLY!!-->