<?xml version="1.0" ?><!--THIS DATA IS FAKE AND IS NOT REAL!!  FOR EXAMPLE PURPOSES ONLY!!--><fake-person id="002-68-6332" xmlns="http://www.marklogic.com/random/fake-people"><gender>male</gender><first-name>Troy</first-name><middle-initial>N</middle-initial><last-name>Henning</last-name><address>3648 Peck Street</address><city>Harrisville</city><state>NH</state><zipcode>03450</zipcode><country>US</country><email>Troy.N.Henning@spambob.com</email><telephone>603-827-9678</telephone><birthday>10/22/1982</birthday><domain>OaklandPainter.com</domain><occupation>Chairperson of the board</occupation><blood-type>A+</blood-type><pounds>197.6</pounds><kilograms>89.8</kilograms><feet-inches>6' 0&quot;</feet-inches><centimeters>182</centimeters><country>US</country><password>aabala5Aa9</password><credit-card-type>Visa</credit-card-type><credit-card-number>4556627363359977</credit-card-number><cvv2>899</cvv2><credit-card-expiration>8/2012</credit-card-expiration></fake-person><!--THIS DATA IS FAKE AND IS NOT REAL!!  FOR EXAMPLE PURPOSES ONLY!!-->