<?xml version="1.0" ?><!--THIS DATA IS FAKE AND IS NOT REAL!!  FOR EXAMPLE PURPOSES ONLY!!--><fake-person id="002-04-1118" xmlns="http://www.marklogic.com/random/fake-people"><gender>male</gender><first-name>Anthony</first-name><middle-initial>S</middle-initial><last-name>Skinner</last-name><address>2942 Peck Street</address><city>Londonderry</city><state>NH</state><zipcode>03053</zipcode><country>US</country><email>Anthony.S.Skinner@pookmail.com</email><telephone>603-818-2831</telephone><birthday>10/23/1947</birthday><domain>NotebookEssentials.com</domain><occupation>Resort desk clerk</occupation><blood-type>AB-</blood-type><pounds>193.6</pounds><kilograms>88</kilograms><feet-inches>6' 1&quot;</feet-inches><centimeters>186</centimeters><country>US</country><password>xaiTh1ohCoo</password><credit-card-type>MasterCard</credit-card-type><credit-card-number>5226223228898149</credit-card-number><cvv2>838</cvv2><credit-card-expiration>12/2014</credit-card-expiration></fake-person><!--THIS DATA IS FAKE AND IS NOT REAL!!  FOR EXAMPLE PURPOSES ONLY!!-->