<?xml version="1.0" ?><!--THIS DATA IS FAKE AND IS NOT REAL!!  FOR EXAMPLE PURPOSES ONLY!!--><fake-person id="002-78-5876" xmlns="http://www.marklogic.com/random/fake-people"><gender>male</gender><first-name>Daniel</first-name><middle-initial>D</middle-initial><last-name>Slaughter</last-name><address>2735 Shearwood Forest Drive</address><city>Brattleboro</city><state>NH</state><zipcode>05301</zipcode><country>US</country><email>Daniel.D.Slaughter@pookmail.com</email><telephone>603-256-4383</telephone><birthday>1/4/1939</birthday><domain>BidPursuit.com</domain><occupation>Landlord</occupation><blood-type>A-</blood-type><pounds>220.4</pounds><kilograms>100.2</kilograms><feet-inches>6' 0&quot;</feet-inches><centimeters>182</centimeters><country>US</country><password>aef5ia3C</password><credit-card-type>MasterCard</credit-card-type><credit-card-number>5501260820079435</credit-card-number><cvv2>624</cvv2><credit-card-expiration>5/2015</credit-card-expiration></fake-person><!--THIS DATA IS FAKE AND IS NOT REAL!!  FOR EXAMPLE PURPOSES ONLY!!-->