<?xml version="1.0" ?><!--THIS DATA IS FAKE AND IS NOT REAL!!  FOR EXAMPLE PURPOSES ONLY!!--><fake-person id="002-80-7318" xmlns="http://www.marklogic.com/random/fake-people"><gender>male</gender><first-name>Paul</first-name><middle-initial>L</middle-initial><last-name>Negron</last-name><address>2134 Elliott Street</address><city>Nashua</city><state>NH</state><zipcode>03061</zipcode><country>US</country><email>Paul.L.Negron@trashymail.com</email><telephone>603-598-4340</telephone><birthday>9/18/1970</birthday><domain>OxfordShows.com</domain><occupation>Two-stroke engine mechanic</occupation><blood-type>A+</blood-type><pounds>246</pounds><kilograms>111.8</kilograms><feet-inches>6' 0&quot;</feet-inches><centimeters>182</centimeters><country>US</country><password>aHie0Zeil0ei</password><credit-card-type>MasterCard</credit-card-type><credit-card-number>5116129266652376</credit-card-number><cvv2>900</cvv2><credit-card-expiration>11/2014</credit-card-expiration></fake-person><!--THIS DATA IS FAKE AND IS NOT REAL!!  FOR EXAMPLE PURPOSES ONLY!!-->