<?xml version="1.0" ?><!--THIS DATA IS FAKE AND IS NOT REAL!!  FOR EXAMPLE PURPOSES ONLY!!--><fake-person id="002-70-6645" xmlns="http://www.marklogic.com/random/fake-people"><gender>male</gender><first-name>Christopher</first-name><middle-initial>L</middle-initial><last-name>Bailey</last-name><address>3521 Milford Street</address><city>Portsmouth</city><state>NH</state><zipcode>03801</zipcode><country>US</country><email>Christopher.L.Bailey@trashymail.com</email><telephone>603-754-1688</telephone><birthday>10/19/1978</birthday><domain>GrandTires.com</domain><occupation>Organizational economist</occupation><blood-type>A+</blood-type><pounds>236.9</pounds><kilograms>107.7</kilograms><feet-inches>5' 11&quot;</feet-inches><centimeters>180</centimeters><country>US</country><password>aedohw6Tee</password><credit-card-type>MasterCard</credit-card-type><credit-card-number>5139224629227744</credit-card-number><cvv2>172</cvv2><credit-card-expiration>2/2012</credit-card-expiration></fake-person><!--THIS DATA IS FAKE AND IS NOT REAL!!  FOR EXAMPLE PURPOSES ONLY!!-->