<?xml version="1.0" ?><!--THIS DATA IS FAKE AND IS NOT REAL!!  FOR EXAMPLE PURPOSES ONLY!!--><fake-person id="002-92-5647" xmlns="http://www.marklogic.com/random/fake-people"><gender>female</gender><first-name>Becky</first-name><middle-initial>R</middle-initial><last-name>Ly</last-name><address>1865 Milford Street</address><city>Barnstead</city><state>NH</state><zipcode>03218</zipcode><country>US</country><email>Becky.R.Ly@mailinator.com</email><telephone>603-776-9264</telephone><birthday>12/20/1948</birthday><domain>ReligiousThoughts.com</domain><occupation>Athlete</occupation><blood-type>O+</blood-type><pounds>153.1</pounds><kilograms>69.6</kilograms><feet-inches>5' 7&quot;</feet-inches><centimeters>169</centimeters><country>US</country><password>eTai0Ingeu</password><credit-card-type>Visa</credit-card-type><credit-card-number>4532094900600893</credit-card-number><cvv2>590</cvv2><credit-card-expiration>8/2011</credit-card-expiration></fake-person><!--THIS DATA IS FAKE AND IS NOT REAL!!  FOR EXAMPLE PURPOSES ONLY!!-->