<?xml version="1.0" ?><!--THIS DATA IS FAKE AND IS NOT REAL!!  FOR EXAMPLE PURPOSES ONLY!!--><fake-person id="002-05-0944" xmlns="http://www.marklogic.com/random/fake-people"><gender>male</gender><first-name>Robert</first-name><middle-initial>J</middle-initial><last-name>Whiting</last-name><address>4256 Grasselli Street</address><city>Seabrook</city><state>NH</state><zipcode>03874</zipcode><country>US</country><email>Robert.J.Whiting@mailinator.com</email><telephone>603-474-9378</telephone><birthday>11/19/1945</birthday><domain>DepressionAssistance.com</domain><occupation>Marine</occupation><blood-type>A+</blood-type><pounds>231.2</pounds><kilograms>105.1</kilograms><feet-inches>6' 1&quot;</feet-inches><centimeters>185</centimeters><country>US</country><password>uel4ahz3Th</password><credit-card-type>MasterCard</credit-card-type><credit-card-number>5467548472827388</credit-card-number><cvv2>548</cvv2><credit-card-expiration>10/2013</credit-card-expiration></fake-person><!--THIS DATA IS FAKE AND IS NOT REAL!!  FOR EXAMPLE PURPOSES ONLY!!-->