<?xml version="1.0" ?><!--THIS DATA IS FAKE AND IS NOT REAL!!  FOR EXAMPLE PURPOSES ONLY!!--><fake-person id="002-86-1992" xmlns="http://www.marklogic.com/random/fake-people"><gender>male</gender><first-name>Randall</first-name><middle-initial>P</middle-initial><last-name>Harrison</last-name><address>1500 Elliott Street</address><city>Manchester</city><state>NH</state><zipcode>03101</zipcode><country>US</country><email>Randall.P.Harrison@spambob.com</email><telephone>603-625-4794</telephone><birthday>9/4/1983</birthday><domain>FreeBiofuels.com</domain><occupation>Human resources information system specialist</occupation><blood-type>AB+</blood-type><pounds>162.4</pounds><kilograms>73.8</kilograms><feet-inches>5' 9&quot;</feet-inches><centimeters>176</centimeters><country>US</country><password>Foof2ohg6</password><credit-card-type>Visa</credit-card-type><credit-card-number>4916609839010504</credit-card-number><cvv2>847</cvv2><credit-card-expiration>10/2012</credit-card-expiration></fake-person><!--THIS DATA IS FAKE AND IS NOT REAL!!  FOR EXAMPLE PURPOSES ONLY!!-->