<?xml version="1.0" ?><!--THIS DATA IS FAKE AND IS NOT REAL!!  FOR EXAMPLE PURPOSES ONLY!!--><fake-person id="002-92-8443" xmlns="http://www.marklogic.com/random/fake-people"><gender>male</gender><first-name>Kevin</first-name><middle-initial>L</middle-initial><last-name>Howell</last-name><address>2860 Peck Street</address><city>Manchester</city><state>NH</state><zipcode>03103</zipcode><country>US</country><email>Kevin.L.Howell@mailinator.com</email><telephone>603-951-2413</telephone><birthday>1/31/1928</birthday><domain>AtClass.com</domain><occupation>Columnist</occupation><blood-type>B+</blood-type><pounds>142.1</pounds><kilograms>64.6</kilograms><feet-inches>5' 10&quot;</feet-inches><centimeters>178</centimeters><country>US</country><password>Oa1kiesh7roh</password><credit-card-type>MasterCard</credit-card-type><credit-card-number>5267060537317928</credit-card-number><cvv2>467</cvv2><credit-card-expiration>3/2015</credit-card-expiration></fake-person><!--THIS DATA IS FAKE AND IS NOT REAL!!  FOR EXAMPLE PURPOSES ONLY!!-->