<?xml version="1.0" ?><!--THIS DATA IS FAKE AND IS NOT REAL!!  FOR EXAMPLE PURPOSES ONLY!!--><fake-person id="002-68-5160" xmlns="http://www.marklogic.com/random/fake-people"><gender>female</gender><first-name>Winnie</first-name><middle-initial>H</middle-initial><last-name>Nair</last-name><address>4463 Shearwood Forest Drive</address><city>Keene</city><state>NH</state><zipcode>03431</zipcode><country>US</country><email>Winnie.H.Nair@pookmail.com</email><telephone>603-352-3313</telephone><birthday>11/4/1982</birthday><domain>BargainHeads.com</domain><occupation>Administrative office specialist</occupation><blood-type>A+</blood-type><pounds>143.2</pounds><kilograms>65.1</kilograms><feet-inches>5' 4&quot;</feet-inches><centimeters>162</centimeters><country>US</country><password>ahQuei3See</password><credit-card-type>Visa</credit-card-type><credit-card-number>4539857564093164</credit-card-number><cvv2>860</cvv2><credit-card-expiration>7/2012</credit-card-expiration></fake-person><!--THIS DATA IS FAKE AND IS NOT REAL!!  FOR EXAMPLE PURPOSES ONLY!!-->