<?xml version="1.0" ?><!--THIS DATA IS FAKE AND IS NOT REAL!!  FOR EXAMPLE PURPOSES ONLY!!--><fake-person id="002-18-9651" xmlns="http://www.marklogic.com/random/fake-people"><gender>male</gender><first-name>David</first-name><middle-initial>C</middle-initial><last-name>Johnson</last-name><address>1804 Grasselli Street</address><city>Nashua</city><state>NH</state><zipcode>03060</zipcode><country>US</country><email>David.C.Johnson@dodgit.com</email><telephone>603-396-7198</telephone><birthday>4/26/1974</birthday><domain>ReportingRoom.com</domain><occupation>Cargo and freight agent</occupation><blood-type>O+</blood-type><pounds>220.7</pounds><kilograms>100.3</kilograms><feet-inches>5' 8&quot;</feet-inches><centimeters>172</centimeters><country>US</country><password>Tho4utheiroo</password><credit-card-type>Visa</credit-card-type><credit-card-number>4485135764651329</credit-card-number><cvv2>884</cvv2><credit-card-expiration>7/2013</credit-card-expiration></fake-person><!--THIS DATA IS FAKE AND IS NOT REAL!!  FOR EXAMPLE PURPOSES ONLY!!-->