<?xml version="1.0" ?><!--THIS DATA IS FAKE AND IS NOT REAL!!  FOR EXAMPLE PURPOSES ONLY!!--><fake-person id="002-20-1522" xmlns="http://www.marklogic.com/random/fake-people"><gender>female</gender><first-name>Catherine</first-name><middle-initial>E</middle-initial><last-name>Hill</last-name><address>3234 Peck Street</address><city>Salem</city><state>NH</state><zipcode>03079</zipcode><country>US</country><email>Catherine.E.Hill@pookmail.com</email><telephone>603-870-5736</telephone><birthday>6/7/1954</birthday><domain>NameSecurities.com</domain><occupation>Colorist</occupation><blood-type>A+</blood-type><pounds>188.3</pounds><kilograms>85.6</kilograms><feet-inches>5' 4&quot;</feet-inches><centimeters>162</centimeters><country>US</country><password>ceeGh4aax6</password><credit-card-type>MasterCard</credit-card-type><credit-card-number>5453357392262759</credit-card-number><cvv2>156</cvv2><credit-card-expiration>6/2011</credit-card-expiration></fake-person><!--THIS DATA IS FAKE AND IS NOT REAL!!  FOR EXAMPLE PURPOSES ONLY!!-->