<?xml version="1.0" ?><!--THIS DATA IS FAKE AND IS NOT REAL!!  FOR EXAMPLE PURPOSES ONLY!!--><fake-person id="002-88-2947" xmlns="http://www.marklogic.com/random/fake-people"><gender>female</gender><first-name>Melissa</first-name><middle-initial>G</middle-initial><last-name>Weatherford</last-name><address>3000 Grasselli Street</address><city>Manchester</city><state>NH</state><zipcode>03109</zipcode><country>US</country><email>Melissa.G.Weatherford@mailinator.com</email><telephone>603-384-2792</telephone><birthday>4/3/1959</birthday><domain>BlackjackEquipment.com</domain><occupation>Dental ceramist</occupation><blood-type>B+</blood-type><pounds>151.6</pounds><kilograms>68.9</kilograms><feet-inches>5' 6&quot;</feet-inches><centimeters>167</centimeters><country>US</country><password>ij9Eodahph</password><credit-card-type>MasterCard</credit-card-type><credit-card-number>5550856337810582</credit-card-number><cvv2>895</cvv2><credit-card-expiration>4/2015</credit-card-expiration></fake-person><!--THIS DATA IS FAKE AND IS NOT REAL!!  FOR EXAMPLE PURPOSES ONLY!!-->