<?xml version="1.0" ?><!--THIS DATA IS FAKE AND IS NOT REAL!!  FOR EXAMPLE PURPOSES ONLY!!--><fake-person id="002-84-6923" xmlns="http://www.marklogic.com/random/fake-people"><gender>female</gender><first-name>Nancy</first-name><middle-initial>K</middle-initial><last-name>Griffith</last-name><address>4741 Peck Street</address><city>Manchester</city><state>NH</state><zipcode>03109</zipcode><country>US</country><email>Nancy.K.Griffith@pookmail.com</email><telephone>603-841-4292</telephone><birthday>9/10/1944</birthday><domain>YellowAdvisor.com</domain><occupation>Occupational therapist</occupation><blood-type>O+</blood-type><pounds>188.5</pounds><kilograms>85.7</kilograms><feet-inches>5' 4&quot;</feet-inches><centimeters>162</centimeters><country>US</country><password>eivi7Qua1oh</password><credit-card-type>MasterCard</credit-card-type><credit-card-number>5395701952733314</credit-card-number><cvv2>490</cvv2><credit-card-expiration>6/2015</credit-card-expiration></fake-person><!--THIS DATA IS FAKE AND IS NOT REAL!!  FOR EXAMPLE PURPOSES ONLY!!-->