<?xml version="1.0" ?><!--THIS DATA IS FAKE AND IS NOT REAL!!  FOR EXAMPLE PURPOSES ONLY!!--><fake-person id="002-78-6846" xmlns="http://www.marklogic.com/random/fake-people"><gender>female</gender><first-name>Marion</first-name><middle-initial>P</middle-initial><last-name>Dickerson</last-name><address>2518 Milford Street</address><city>Epping</city><state>NH</state><zipcode>03042</zipcode><country>US</country><email>Marion.P.Dickerson@trashymail.com</email><telephone>603-679-7878</telephone><birthday>12/20/1948</birthday><domain>ShopEquity.com</domain><occupation>Linemen</occupation><blood-type>A+</blood-type><pounds>115.5</pounds><kilograms>52.5</kilograms><feet-inches>5' 8&quot;</feet-inches><centimeters>172</centimeters><country>US</country><password>ixae4aVai2</password><credit-card-type>Visa</credit-card-type><credit-card-number>4916176732639383</credit-card-number><cvv2>633</cvv2><credit-card-expiration>9/2013</credit-card-expiration></fake-person><!--THIS DATA IS FAKE AND IS NOT REAL!!  FOR EXAMPLE PURPOSES ONLY!!-->