<?xml version="1.0" ?><!--THIS DATA IS FAKE AND IS NOT REAL!!  FOR EXAMPLE PURPOSES ONLY!!--><fake-person id="002-84-7232" xmlns="http://www.marklogic.com/random/fake-people"><gender>female</gender><first-name>Marianne</first-name><middle-initial>C</middle-initial><last-name>Smith</last-name><address>3891 Shearwood Forest Drive</address><city>Manchester</city><state>NH</state><zipcode>03103</zipcode><country>US</country><email>Marianne.C.Smith@dodgit.com</email><telephone>603-294-9449</telephone><birthday>8/22/1931</birthday><domain>LandscapeLoan.com</domain><occupation>Ophthalmologist</occupation><blood-type>O+</blood-type><pounds>191.4</pounds><kilograms>87</kilograms><feet-inches>5' 1&quot;</feet-inches><centimeters>156</centimeters><country>US</country><password>ooRa9zeK</password><credit-card-type>MasterCard</credit-card-type><credit-card-number>5186215976624659</credit-card-number><cvv2>771</cvv2><credit-card-expiration>2/2013</credit-card-expiration></fake-person><!--THIS DATA IS FAKE AND IS NOT REAL!!  FOR EXAMPLE PURPOSES ONLY!!-->