<?xml version="1.0" ?><!--THIS DATA IS FAKE AND IS NOT REAL!!  FOR EXAMPLE PURPOSES ONLY!!--><fake-person id="002-38-6808" xmlns="http://www.marklogic.com/random/fake-people"><gender>female</gender><first-name>Marlys</first-name><middle-initial>L</middle-initial><last-name>Quinn</last-name><address>3873 Grasselli Street</address><city>Nashua</city><state>NH</state><zipcode>03060</zipcode><country>US</country><email>Marlys.L.Quinn@spambob.com</email><telephone>603-365-1692</telephone><birthday>4/27/1990</birthday><domain>OrganicFreebies.com</domain><occupation>Control and valve repairer</occupation><blood-type>A+</blood-type><pounds>150.9</pounds><kilograms>68.6</kilograms><feet-inches>5' 0&quot;</feet-inches><centimeters>152</centimeters><country>US</country><password>id1ivae2Aey</password><credit-card-type>MasterCard</credit-card-type><credit-card-number>5262317514423664</credit-card-number><cvv2>920</cvv2><credit-card-expiration>8/2015</credit-card-expiration></fake-person><!--THIS DATA IS FAKE AND IS NOT REAL!!  FOR EXAMPLE PURPOSES ONLY!!-->