<?xml version="1.0" ?><!--THIS DATA IS FAKE AND IS NOT REAL!!  FOR EXAMPLE PURPOSES ONLY!!--><fake-person id="002-01-5867" xmlns="http://www.marklogic.com/random/fake-people"><gender>female</gender><first-name>Patrice</first-name><middle-initial>R</middle-initial><last-name>Wong</last-name><address>2245 Grasselli Street</address><city>Bellows Falls</city><state>NH</state><zipcode>05101</zipcode><country>US</country><email>Patrice.R.Wong@dodgit.com</email><telephone>603-445-8340</telephone><birthday>12/15/1978</birthday><domain>SpaceSeries.com</domain><occupation>Marketing specialist</occupation><blood-type>O+</blood-type><pounds>204.8</pounds><kilograms>93.1</kilograms><feet-inches>5' 3&quot;</feet-inches><centimeters>160</centimeters><country>US</country><password>Ohghei9w</password><credit-card-type>MasterCard</credit-card-type><credit-card-number>5410939139204665</credit-card-number><cvv2>630</cvv2><credit-card-expiration>9/2013</credit-card-expiration></fake-person><!--THIS DATA IS FAKE AND IS NOT REAL!!  FOR EXAMPLE PURPOSES ONLY!!-->