<?xml version="1.0" ?><!--THIS DATA IS FAKE AND IS NOT REAL!!  FOR EXAMPLE PURPOSES ONLY!!--><fake-person id="002-28-0839" xmlns="http://www.marklogic.com/random/fake-people"><gender>male</gender><first-name>Fred</first-name><middle-initial>C</middle-initial><last-name>Steele</last-name><address>1679 Elliott Street</address><city>Manchester</city><state>NH</state><zipcode>03103</zipcode><country>US</country><email>Fred.C.Steele@mailinator.com</email><telephone>603-565-6685</telephone><birthday>12/25/1935</birthday><domain>ThemeTank.com</domain><occupation>Mathematical statistician</occupation><blood-type>A+</blood-type><pounds>189.2</pounds><kilograms>86</kilograms><feet-inches>5' 7&quot;</feet-inches><centimeters>171</centimeters><country>US</country><password>cuyahNg7Y</password><credit-card-type>Visa</credit-card-type><credit-card-number>4532051412772362</credit-card-number><cvv2>367</cvv2><credit-card-expiration>6/2015</credit-card-expiration></fake-person><!--THIS DATA IS FAKE AND IS NOT REAL!!  FOR EXAMPLE PURPOSES ONLY!!-->