<?xml version="1.0" ?><!--THIS DATA IS FAKE AND IS NOT REAL!!  FOR EXAMPLE PURPOSES ONLY!!--><fake-person id="002-96-6212" xmlns="http://www.marklogic.com/random/fake-people"><gender>male</gender><first-name>William</first-name><middle-initial>A</middle-initial><last-name>Acker</last-name><address>446 Grasselli Street</address><city>Portsmouth</city><state>NH</state><zipcode>03801</zipcode><country>US</country><email>William.A.Acker@dodgit.com</email><telephone>603-430-5755</telephone><birthday>6/16/1989</birthday><domain>DNSSpecialist.com</domain><occupation>Textile, apparel, and furnishings occupation</occupation><blood-type>A+</blood-type><pounds>235.8</pounds><kilograms>107.2</kilograms><feet-inches>6' 2&quot;</feet-inches><centimeters>187</centimeters><country>US</country><password>Waichah8g</password><credit-card-type>MasterCard</credit-card-type><credit-card-number>5450579652363430</credit-card-number><cvv2>671</cvv2><credit-card-expiration>1/2013</credit-card-expiration></fake-person><!--THIS DATA IS FAKE AND IS NOT REAL!!  FOR EXAMPLE PURPOSES ONLY!!-->