<?xml version="1.0" ?><!--THIS DATA IS FAKE AND IS NOT REAL!!  FOR EXAMPLE PURPOSES ONLY!!--><fake-person id="002-12-1243" xmlns="http://www.marklogic.com/random/fake-people"><gender>male</gender><first-name>Jose</first-name><middle-initial>A</middle-initial><last-name>Egbert</last-name><address>4049 Milford Street</address><city>Manchester</city><state>NH</state><zipcode>03101</zipcode><country>US</country><email>Jose.A.Egbert@dodgit.com</email><telephone>603-727-9372</telephone><birthday>2/3/1964</birthday><domain>OfficerUniform.com</domain><occupation>Pedicurist</occupation><blood-type>O+</blood-type><pounds>216.7</pounds><kilograms>98.5</kilograms><feet-inches>5' 7&quot;</feet-inches><centimeters>171</centimeters><country>US</country><password>AhF5OoGei</password><credit-card-type>Visa</credit-card-type><credit-card-number>4916421663940701</credit-card-number><cvv2>836</cvv2><credit-card-expiration>9/2014</credit-card-expiration></fake-person><!--THIS DATA IS FAKE AND IS NOT REAL!!  FOR EXAMPLE PURPOSES ONLY!!-->