<?xml version="1.0" ?><!--THIS DATA IS FAKE AND IS NOT REAL!!  FOR EXAMPLE PURPOSES ONLY!!--><fake-person id="002-92-0804" xmlns="http://www.marklogic.com/random/fake-people"><gender>male</gender><first-name>Micheal</first-name><middle-initial>L</middle-initial><last-name>Lane</last-name><address>2172 Peck Street</address><city>Nashua</city><state>NH</state><zipcode>03060</zipcode><country>US</country><email>Micheal.L.Lane@spambob.com</email><telephone>603-834-0717</telephone><birthday>5/17/1971</birthday><domain>WichitaFallsWeddings.com</domain><occupation>Risk manager</occupation><blood-type>O+</blood-type><pounds>220.9</pounds><kilograms>100.4</kilograms><feet-inches>5' 9&quot;</feet-inches><centimeters>174</centimeters><country>US</country><password>Ahr2eiVah</password><credit-card-type>MasterCard</credit-card-type><credit-card-number>5483815130809573</credit-card-number><cvv2>001</cvv2><credit-card-expiration>12/2012</credit-card-expiration></fake-person><!--THIS DATA IS FAKE AND IS NOT REAL!!  FOR EXAMPLE PURPOSES ONLY!!-->