<?xml version="1.0" ?><!--THIS DATA IS FAKE AND IS NOT REAL!!  FOR EXAMPLE PURPOSES ONLY!!--><fake-person id="002-80-6210" xmlns="http://www.marklogic.com/random/fake-people"><gender>male</gender><first-name>Timothy</first-name><middle-initial>D</middle-initial><last-name>Crane</last-name><address>2692 Milford Street</address><city>Fryeburg</city><state>NH</state><zipcode>04037</zipcode><country>US</country><email>Timothy.D.Crane@mailinator.com</email><telephone>603-694-0466</telephone><birthday>9/21/1935</birthday><domain>WeSleep.com</domain><occupation>Urban and transportation geographer</occupation><blood-type>A+</blood-type><pounds>174</pounds><kilograms>79.1</kilograms><feet-inches>6' 0&quot;</feet-inches><centimeters>183</centimeters><country>US</country><password>jef6AhNo</password><credit-card-type>Visa</credit-card-type><credit-card-number>4556769992367557</credit-card-number><cvv2>464</cvv2><credit-card-expiration>11/2015</credit-card-expiration></fake-person><!--THIS DATA IS FAKE AND IS NOT REAL!!  FOR EXAMPLE PURPOSES ONLY!!-->