<?xml version="1.0" ?><!--THIS DATA IS FAKE AND IS NOT REAL!!  FOR EXAMPLE PURPOSES ONLY!!--><fake-person id="002-94-0354" xmlns="http://www.marklogic.com/random/fake-people"><gender>female</gender><first-name>Myriam</first-name><middle-initial>C</middle-initial><last-name>Perry</last-name><address>1463 Elliott Street</address><city>Manchester</city><state>NH</state><zipcode>03109</zipcode><country>US</country><email>Myriam.C.Perry@mailinator.com</email><telephone>603-580-7434</telephone><birthday>8/14/1939</birthday><domain>BuffaloBull.com</domain><occupation>Time and attendance clerk</occupation><blood-type>A+</blood-type><pounds>142.8</pounds><kilograms>64.9</kilograms><feet-inches>5' 7&quot;</feet-inches><centimeters>171</centimeters><country>US</country><password>Aeree8laePh</password><credit-card-type>Visa</credit-card-type><credit-card-number>4485571780440745</credit-card-number><cvv2>595</cvv2><credit-card-expiration>11/2014</credit-card-expiration></fake-person><!--THIS DATA IS FAKE AND IS NOT REAL!!  FOR EXAMPLE PURPOSES ONLY!!-->