<?xml version="1.0" ?><!--THIS DATA IS FAKE AND IS NOT REAL!!  FOR EXAMPLE PURPOSES ONLY!!--><fake-person id="002-22-9751" xmlns="http://www.marklogic.com/random/fake-people"><gender>male</gender><first-name>Lon</first-name><middle-initial>J</middle-initial><last-name>Treadaway</last-name><address>3990 Milford Street</address><city>Manchester</city><state>NH</state><zipcode>03103</zipcode><country>US</country><email>Lon.J.Treadaway@dodgit.com</email><telephone>603-689-0161</telephone><birthday>12/7/1944</birthday><domain>BoiseSportingGoods.com</domain><occupation>Recreation worker</occupation><blood-type>B+</blood-type><pounds>169.6</pounds><kilograms>77.1</kilograms><feet-inches>6' 0&quot;</feet-inches><centimeters>183</centimeters><country>US</country><password>WaijohM8d</password><credit-card-type>Visa</credit-card-type><credit-card-number>4916293622787097</credit-card-number><cvv2>962</cvv2><credit-card-expiration>8/2015</credit-card-expiration></fake-person><!--THIS DATA IS FAKE AND IS NOT REAL!!  FOR EXAMPLE PURPOSES ONLY!!-->