<?xml version="1.0" ?><!--THIS DATA IS FAKE AND IS NOT REAL!!  FOR EXAMPLE PURPOSES ONLY!!--><fake-person id="002-44-7276" xmlns="http://www.marklogic.com/random/fake-people"><gender>male</gender><first-name>Joseph</first-name><middle-initial>M</middle-initial><last-name>Mejia</last-name><address>2816 Grasselli Street</address><city>Nashua</city><state>NH</state><zipcode>03060</zipcode><country>US</country><email>Joseph.M.Mejia@dodgit.com</email><telephone>603-418-4022</telephone><birthday>8/12/1947</birthday><domain>MortgageShows.com</domain><occupation>Commercial lender</occupation><blood-type>A-</blood-type><pounds>240.5</pounds><kilograms>109.3</kilograms><feet-inches>5' 7&quot;</feet-inches><centimeters>170</centimeters><country>US</country><password>ohV3Ux3ee</password><credit-card-type>Visa</credit-card-type><credit-card-number>4929121263760112</credit-card-number><cvv2>652</cvv2><credit-card-expiration>8/2013</credit-card-expiration></fake-person><!--THIS DATA IS FAKE AND IS NOT REAL!!  FOR EXAMPLE PURPOSES ONLY!!-->