<?xml version="1.0" ?><!--THIS DATA IS FAKE AND IS NOT REAL!!  FOR EXAMPLE PURPOSES ONLY!!--><fake-person id="002-70-7323" xmlns="http://www.marklogic.com/random/fake-people"><gender>female</gender><first-name>Sandra</first-name><middle-initial>G</middle-initial><last-name>Poulos</last-name><address>4755 Elsie Drive</address><city>West Lebanon</city><state>NH</state><zipcode>03784</zipcode><country>US</country><email>Sandra.G.Poulos@pookmail.com</email><telephone>603-991-7638</telephone><birthday>9/11/1938</birthday><domain>StreamsVideo.com</domain><occupation>Billing and posting clerk</occupation><blood-type>O+</blood-type><pounds>166.5</pounds><kilograms>75.7</kilograms><feet-inches>5' 7&quot;</feet-inches><centimeters>171</centimeters><country>US</country><password>quo1nujeR</password><credit-card-type>MasterCard</credit-card-type><credit-card-number>5113996749503886</credit-card-number><cvv2>181</cvv2><credit-card-expiration>3/2013</credit-card-expiration></fake-person><!--THIS DATA IS FAKE AND IS NOT REAL!!  FOR EXAMPLE PURPOSES ONLY!!-->