<?xml version="1.0" ?><!--THIS DATA IS FAKE AND IS NOT REAL!!  FOR EXAMPLE PURPOSES ONLY!!--><fake-person id="002-24-4783" xmlns="http://www.marklogic.com/random/fake-people"><gender>female</gender><first-name>Cynthia</first-name><middle-initial>T</middle-initial><last-name>Simon</last-name><address>3327 Milford Street</address><city>Manchester</city><state>NH</state><zipcode>03103</zipcode><country>US</country><email>Cynthia.T.Simon@dodgit.com</email><telephone>603-689-2614</telephone><birthday>1/2/1939</birthday><domain>LoanRestoration.com</domain><occupation>Pilates instructor</occupation><blood-type>O+</blood-type><pounds>109.6</pounds><kilograms>49.8</kilograms><feet-inches>5' 0&quot;</feet-inches><centimeters>152</centimeters><country>US</country><password>Thi9Vuhaiw6</password><credit-card-type>MasterCard</credit-card-type><credit-card-number>5540430852231062</credit-card-number><cvv2>811</cvv2><credit-card-expiration>10/2014</credit-card-expiration></fake-person><!--THIS DATA IS FAKE AND IS NOT REAL!!  FOR EXAMPLE PURPOSES ONLY!!-->