<?xml version="1.0" ?><!--THIS DATA IS FAKE AND IS NOT REAL!!  FOR EXAMPLE PURPOSES ONLY!!--><fake-person id="002-05-5004" xmlns="http://www.marklogic.com/random/fake-people"><gender>male</gender><first-name>John</first-name><middle-initial>M</middle-initial><last-name>Murphy</last-name><address>1783 Shearwood Forest Drive</address><city>Manchester</city><state>NH</state><zipcode>03101</zipcode><country>US</country><email>John.M.Murphy@dodgit.com</email><telephone>603-283-6559</telephone><birthday>4/4/1929</birthday><domain>FancyChicks.com</domain><occupation>Construction electrician</occupation><blood-type>B+</blood-type><pounds>153.8</pounds><kilograms>69.9</kilograms><feet-inches>5' 4&quot;</feet-inches><centimeters>163</centimeters><country>US</country><password>Ueg8jain5ni</password><credit-card-type>Visa</credit-card-type><credit-card-number>4539911220035703</credit-card-number><cvv2>666</cvv2><credit-card-expiration>7/2015</credit-card-expiration></fake-person><!--THIS DATA IS FAKE AND IS NOT REAL!!  FOR EXAMPLE PURPOSES ONLY!!-->