<?xml version="1.0" ?><!--THIS DATA IS FAKE AND IS NOT REAL!!  FOR EXAMPLE PURPOSES ONLY!!--><fake-person id="002-60-2490" xmlns="http://www.marklogic.com/random/fake-people"><gender>female</gender><first-name>Tania</first-name><middle-initial>M</middle-initial><last-name>Yarber</last-name><address>2173 Grasselli Street</address><city>Derry</city><state>NH</state><zipcode>03038</zipcode><country>US</country><email>Tania.M.Yarber@spambob.com</email><telephone>603-380-4150</telephone><birthday>10/2/1972</birthday><domain>ForumPromo.com</domain><occupation>Chairperson of the board</occupation><blood-type>B+</blood-type><pounds>147.2</pounds><kilograms>66.9</kilograms><feet-inches>5' 7&quot;</feet-inches><centimeters>170</centimeters><country>US</country><password>leeRaiz8ai</password><credit-card-type>Visa</credit-card-type><credit-card-number>4916979019517754</credit-card-number><cvv2>493</cvv2><credit-card-expiration>4/2011</credit-card-expiration></fake-person><!--THIS DATA IS FAKE AND IS NOT REAL!!  FOR EXAMPLE PURPOSES ONLY!!-->