<?xml version="1.0" ?><!--THIS DATA IS FAKE AND IS NOT REAL!!  FOR EXAMPLE PURPOSES ONLY!!--><fake-person id="002-02-6169" xmlns="http://www.marklogic.com/random/fake-people"><gender>female</gender><first-name>Carla</first-name><middle-initial>R</middle-initial><last-name>Rogers</last-name><address>1835 Grasselli Street</address><city>Portsmouth</city><state>NH</state><zipcode>03801</zipcode><country>US</country><email>Carla.R.Rogers@spambob.com</email><telephone>603-430-3901</telephone><birthday>12/3/1948</birthday><domain>ProspectingTeam.com</domain><occupation>Recruiter</occupation><blood-type>O-</blood-type><pounds>188.8</pounds><kilograms>85.8</kilograms><feet-inches>5' 2&quot;</feet-inches><centimeters>157</centimeters><country>US</country><password>neiMeiNg2fie</password><credit-card-type>MasterCard</credit-card-type><credit-card-number>5118650558582938</credit-card-number><cvv2>632</cvv2><credit-card-expiration>10/2013</credit-card-expiration></fake-person><!--THIS DATA IS FAKE AND IS NOT REAL!!  FOR EXAMPLE PURPOSES ONLY!!-->