<?xml version="1.0" ?><!--THIS DATA IS FAKE AND IS NOT REAL!!  FOR EXAMPLE PURPOSES ONLY!!--><fake-person id="002-78-9470" xmlns="http://www.marklogic.com/random/fake-people"><gender>male</gender><first-name>William</first-name><middle-initial>M</middle-initial><last-name>Widener</last-name><address>3939 Shearwood Forest Drive</address><city>Rochester</city><state>NH</state><zipcode>03867</zipcode><country>US</country><email>William.M.Widener@mailinator.com</email><telephone>603-335-2312</telephone><birthday>8/31/1977</birthday><domain>ThisOrder.com</domain><occupation>Meteorologist</occupation><blood-type>O+</blood-type><pounds>233.4</pounds><kilograms>106.1</kilograms><feet-inches>5' 7&quot;</feet-inches><centimeters>169</centimeters><country>US</country><password>ooc9iP6ie</password><credit-card-type>Visa</credit-card-type><credit-card-number>4556762195250324</credit-card-number><cvv2>886</cvv2><credit-card-expiration>9/2012</credit-card-expiration></fake-person><!--THIS DATA IS FAKE AND IS NOT REAL!!  FOR EXAMPLE PURPOSES ONLY!!-->