<?xml version="1.0" ?><!--THIS DATA IS FAKE AND IS NOT REAL!!  FOR EXAMPLE PURPOSES ONLY!!--><fake-person id="002-60-2354" xmlns="http://www.marklogic.com/random/fake-people"><gender>male</gender><first-name>Joseph</first-name><middle-initial>K</middle-initial><last-name>Fedor</last-name><address>1553 Grasselli Street</address><city>West Lebanon</city><state>NH</state><zipcode>03784</zipcode><country>US</country><email>Joseph.K.Fedor@spambob.com</email><telephone>603-359-0536</telephone><birthday>5/6/1985</birthday><domain>Trappin.com</domain><occupation>Administrative assistant</occupation><blood-type>A+</blood-type><pounds>211.4</pounds><kilograms>96.1</kilograms><feet-inches>5' 9&quot;</feet-inches><centimeters>175</centimeters><country>US</country><password>jooZ0hiHio</password><credit-card-type>MasterCard</credit-card-type><credit-card-number>5467565185885347</credit-card-number><cvv2>931</cvv2><credit-card-expiration>3/2015</credit-card-expiration></fake-person><!--THIS DATA IS FAKE AND IS NOT REAL!!  FOR EXAMPLE PURPOSES ONLY!!-->