<?xml version="1.0" ?><!--THIS DATA IS FAKE AND IS NOT REAL!!  FOR EXAMPLE PURPOSES ONLY!!--><fake-person id="002-32-6541" xmlns="http://www.marklogic.com/random/fake-people"><gender>male</gender><first-name>Jason</first-name><middle-initial>A</middle-initial><last-name>Springs</last-name><address>4414 Elliott Street</address><city>Manchester</city><state>NH</state><zipcode>03101</zipcode><country>US</country><email>Jason.A.Springs@spambob.com</email><telephone>603-622-5508</telephone><birthday>1/5/1988</birthday><domain>Gimmefeedback.com</domain><occupation>Desktop publishing editor</occupation><blood-type>B+</blood-type><pounds>231</pounds><kilograms>105</kilograms><feet-inches>6' 2&quot;</feet-inches><centimeters>188</centimeters><country>US</country><password>oa9Vaeph</password><credit-card-type>Visa</credit-card-type><credit-card-number>4929155093241687</credit-card-number><cvv2>307</cvv2><credit-card-expiration>1/2012</credit-card-expiration></fake-person><!--THIS DATA IS FAKE AND IS NOT REAL!!  FOR EXAMPLE PURPOSES ONLY!!-->