<?xml version="1.0" ?><!--THIS DATA IS FAKE AND IS NOT REAL!!  FOR EXAMPLE PURPOSES ONLY!!--><fake-person id="002-01-9291" xmlns="http://www.marklogic.com/random/fake-people"><gender>female</gender><first-name>Lillie</first-name><middle-initial>D</middle-initial><last-name>Mckinney</last-name><address>3304 Milford Street</address><city>Windsor</city><state>NH</state><zipcode>05089</zipcode><country>US</country><email>Lillie.D.Mckinney@trashymail.com</email><telephone>603-675-5591</telephone><birthday>12/15/1930</birthday><domain>FederalBus.com</domain><occupation>Floor installer</occupation><blood-type>O+</blood-type><pounds>166.5</pounds><kilograms>75.7</kilograms><feet-inches>5' 2&quot;</feet-inches><centimeters>158</centimeters><country>US</country><password>ooSazah9boo</password><credit-card-type>Visa</credit-card-type><credit-card-number>4539593986727044</credit-card-number><cvv2>223</cvv2><credit-card-expiration>3/2012</credit-card-expiration></fake-person><!--THIS DATA IS FAKE AND IS NOT REAL!!  FOR EXAMPLE PURPOSES ONLY!!-->