<?xml version="1.0" ?><!--THIS DATA IS FAKE AND IS NOT REAL!!  FOR EXAMPLE PURPOSES ONLY!!--><fake-person id="002-50-0418" xmlns="http://www.marklogic.com/random/fake-people"><gender>female</gender><first-name>Marisha</first-name><middle-initial>R</middle-initial><last-name>Watson</last-name><address>629 Elliott Street</address><city>Nashua</city><state>NH</state><zipcode>03061</zipcode><country>US</country><email>Marisha.R.Watson@spambob.com</email><telephone>603-578-1852</telephone><birthday>11/3/1980</birthday><domain>MemorabiliaRecords.com</domain><occupation>Magistrate</occupation><blood-type>O+</blood-type><pounds>143.9</pounds><kilograms>65.4</kilograms><feet-inches>5' 4&quot;</feet-inches><centimeters>162</centimeters><country>US</country><password>BuCeewi7IV</password><credit-card-type>MasterCard</credit-card-type><credit-card-number>5369632982119665</credit-card-number><cvv2>823</cvv2><credit-card-expiration>11/2012</credit-card-expiration></fake-person><!--THIS DATA IS FAKE AND IS NOT REAL!!  FOR EXAMPLE PURPOSES ONLY!!-->