<?xml version="1.0" ?><!--THIS DATA IS FAKE AND IS NOT REAL!!  FOR EXAMPLE PURPOSES ONLY!!--><fake-person id="002-78-8565" xmlns="http://www.marklogic.com/random/fake-people"><gender>female</gender><first-name>Florence</first-name><middle-initial>E</middle-initial><last-name>Langston</last-name><address>3240 Grasselli Street</address><city>Atkinson</city><state>NH</state><zipcode>03811</zipcode><country>US</country><email>Florence.E.Langston@mailinator.com</email><telephone>603-362-5814</telephone><birthday>3/1/1978</birthday><domain>EntrepreneurFinder.com</domain><occupation>Executive</occupation><blood-type>AB+</blood-type><pounds>151.6</pounds><kilograms>68.9</kilograms><feet-inches>5' 6&quot;</feet-inches><centimeters>167</centimeters><country>US</country><password>Oosa5Fieng</password><credit-card-type>Visa</credit-card-type><credit-card-number>4539594735959953</credit-card-number><cvv2>844</cvv2><credit-card-expiration>1/2012</credit-card-expiration></fake-person><!--THIS DATA IS FAKE AND IS NOT REAL!!  FOR EXAMPLE PURPOSES ONLY!!-->