<?xml version="1.0" ?><!--THIS DATA IS FAKE AND IS NOT REAL!!  FOR EXAMPLE PURPOSES ONLY!!--><fake-person id="002-92-3311" xmlns="http://www.marklogic.com/random/fake-people"><gender>female</gender><first-name>Gloria</first-name><middle-initial>J</middle-initial><last-name>Ross</last-name><address>4054 Milford Street</address><city>Londonderry</city><state>NH</state><zipcode>03053</zipcode><country>US</country><email>Gloria.J.Ross@mailinator.com</email><telephone>603-799-4215</telephone><birthday>5/17/1941</birthday><domain>DenverStations.com</domain><occupation>Heavy-duty truck mechanic</occupation><blood-type>A+</blood-type><pounds>181.9</pounds><kilograms>82.7</kilograms><feet-inches>5' 4&quot;</feet-inches><centimeters>163</centimeters><country>US</country><password>Thah9wo4i</password><credit-card-type>MasterCard</credit-card-type><credit-card-number>5122500726161665</credit-card-number><cvv2>944</cvv2><credit-card-expiration>3/2011</credit-card-expiration></fake-person><!--THIS DATA IS FAKE AND IS NOT REAL!!  FOR EXAMPLE PURPOSES ONLY!!-->