<?xml version="1.0" ?><!--THIS DATA IS FAKE AND IS NOT REAL!!  FOR EXAMPLE PURPOSES ONLY!!--><fake-person id="002-42-3981" xmlns="http://www.marklogic.com/random/fake-people"><gender>female</gender><first-name>Barbara</first-name><middle-initial>R</middle-initial><last-name>Tatum</last-name><address>3120 Grasselli Street</address><city>Bartlett</city><state>NH</state><zipcode>03812</zipcode><country>US</country><email>Barbara.R.Tatum@mailinator.com</email><telephone>603-374-4872</telephone><birthday>11/10/1968</birthday><domain>PoolKey.com</domain><occupation>Recreation supervisor</occupation><blood-type>O-</blood-type><pounds>130.2</pounds><kilograms>59.2</kilograms><feet-inches>5' 4&quot;</feet-inches><centimeters>163</centimeters><country>US</country><password>Itae8ozo1</password><credit-card-type>Visa</credit-card-type><credit-card-number>4916138913717537</credit-card-number><cvv2>055</cvv2><credit-card-expiration>4/2013</credit-card-expiration></fake-person><!--THIS DATA IS FAKE AND IS NOT REAL!!  FOR EXAMPLE PURPOSES ONLY!!-->