<?xml version="1.0" ?><!--THIS DATA IS FAKE AND IS NOT REAL!!  FOR EXAMPLE PURPOSES ONLY!!--><fake-person id="002-05-0622" xmlns="http://www.marklogic.com/random/fake-people"><gender>male</gender><first-name>Micah</first-name><middle-initial>L</middle-initial><last-name>Feinstein</last-name><address>2568 Milford Street</address><city>Merrimack</city><state>NH</state><zipcode>03054</zipcode><country>US</country><email>Micah.L.Feinstein@pookmail.com</email><telephone>603-683-0948</telephone><birthday>4/5/1950</birthday><domain>SteelArms.com</domain><occupation>Intructional coordinator</occupation><blood-type>O+</blood-type><pounds>239.6</pounds><kilograms>108.9</kilograms><feet-inches>5' 6&quot;</feet-inches><centimeters>168</centimeters><country>US</country><password>QuahNg6Ie</password><credit-card-type>MasterCard</credit-card-type><credit-card-number>5568601589162096</credit-card-number><cvv2>495</cvv2><credit-card-expiration>11/2013</credit-card-expiration></fake-person><!--THIS DATA IS FAKE AND IS NOT REAL!!  FOR EXAMPLE PURPOSES ONLY!!-->