<?xml version="1.0" ?><!--THIS DATA IS FAKE AND IS NOT REAL!!  FOR EXAMPLE PURPOSES ONLY!!--><fake-person id="002-62-3997" xmlns="http://www.marklogic.com/random/fake-people"><gender>male</gender><first-name>Ryan</first-name><middle-initial>R</middle-initial><last-name>Stagner</last-name><address>3590 Grasselli Street</address><city>Portsmouth</city><state>NH</state><zipcode>03801</zipcode><country>US</country><email>Ryan.R.Stagner@dodgit.com</email><telephone>603-415-2457</telephone><birthday>7/1/1962</birthday><domain>CatCritics.com</domain><occupation>Bindery machine setter</occupation><blood-type>O-</blood-type><pounds>161.7</pounds><kilograms>73.5</kilograms><feet-inches>6' 0&quot;</feet-inches><centimeters>183</centimeters><country>US</country><password>aaR9aimo9k</password><credit-card-type>Visa</credit-card-type><credit-card-number>4485348057380189</credit-card-number><cvv2>590</cvv2><credit-card-expiration>9/2011</credit-card-expiration></fake-person><!--THIS DATA IS FAKE AND IS NOT REAL!!  FOR EXAMPLE PURPOSES ONLY!!-->