<?xml version="1.0" ?><!--THIS DATA IS FAKE AND IS NOT REAL!!  FOR EXAMPLE PURPOSES ONLY!!--><fake-person id="002-86-9165" xmlns="http://www.marklogic.com/random/fake-people"><gender>male</gender><first-name>Justin</first-name><middle-initial>P</middle-initial><last-name>Morris</last-name><address>464 Elliott Street</address><city>Derry</city><state>NH</state><zipcode>03038</zipcode><country>US</country><email>Justin.P.Morris@spambob.com</email><telephone>603-537-3014</telephone><birthday>5/2/1951</birthday><domain>BizWeddings.com</domain><occupation>Model</occupation><blood-type>A+</blood-type><pounds>239.6</pounds><kilograms>108.9</kilograms><feet-inches>5' 8&quot;</feet-inches><centimeters>173</centimeters><country>US</country><password>ale8Aevei</password><credit-card-type>Visa</credit-card-type><credit-card-number>4485650347979724</credit-card-number><cvv2>363</cvv2><credit-card-expiration>7/2013</credit-card-expiration></fake-person><!--THIS DATA IS FAKE AND IS NOT REAL!!  FOR EXAMPLE PURPOSES ONLY!!-->