<?xml version="1.0" ?><!--THIS DATA IS FAKE AND IS NOT REAL!!  FOR EXAMPLE PURPOSES ONLY!!--><fake-person id="002-62-9594" xmlns="http://www.marklogic.com/random/fake-people"><gender>female</gender><first-name>Lori</first-name><middle-initial>T</middle-initial><last-name>Hall</last-name><address>2909 Elliott Street</address><city>Manchester</city><state>NH</state><zipcode>03101</zipcode><country>US</country><email>Lori.T.Hall@dodgit.com</email><telephone>603-621-9940</telephone><birthday>12/27/1961</birthday><domain>ChessWhiz.com</domain><occupation>Public defender</occupation><blood-type>B+</blood-type><pounds>221.3</pounds><kilograms>100.6</kilograms><feet-inches>5' 1&quot;</feet-inches><centimeters>154</centimeters><country>US</country><password>goex2iich0Ah</password><credit-card-type>Visa</credit-card-type><credit-card-number>4716350154967026</credit-card-number><cvv2>530</cvv2><credit-card-expiration>6/2014</credit-card-expiration></fake-person><!--THIS DATA IS FAKE AND IS NOT REAL!!  FOR EXAMPLE PURPOSES ONLY!!-->