<?xml version="1.0" ?><!--THIS DATA IS FAKE AND IS NOT REAL!!  FOR EXAMPLE PURPOSES ONLY!!--><fake-person id="002-66-2425" xmlns="http://www.marklogic.com/random/fake-people"><gender>female</gender><first-name>Alisia</first-name><middle-initial>J</middle-initial><last-name>Ley</last-name><address>3538 Grasselli Street</address><city>Manchester</city><state>NH</state><zipcode>03101</zipcode><country>US</country><email>Alisia.J.Ley@spambob.com</email><telephone>603-391-6631</telephone><birthday>6/24/1958</birthday><domain>CableVideos.com</domain><occupation>Fish cutter</occupation><blood-type>A+</blood-type><pounds>181.1</pounds><kilograms>82.3</kilograms><feet-inches>5' 3&quot;</feet-inches><centimeters>159</centimeters><country>US</country><password>paingo9uZee</password><credit-card-type>Visa</credit-card-type><credit-card-number>4916951138715510</credit-card-number><cvv2>718</cvv2><credit-card-expiration>12/2013</credit-card-expiration></fake-person><!--THIS DATA IS FAKE AND IS NOT REAL!!  FOR EXAMPLE PURPOSES ONLY!!-->