<?xml version="1.0" ?><!--THIS DATA IS FAKE AND IS NOT REAL!!  FOR EXAMPLE PURPOSES ONLY!!--><fake-person id="002-14-0405" xmlns="http://www.marklogic.com/random/fake-people"><gender>male</gender><first-name>Charles</first-name><middle-initial>A</middle-initial><last-name>Morris</last-name><address>1263 Peck Street</address><city>Nashua</city><state>NH</state><zipcode>03060</zipcode><country>US</country><email>Charles.A.Morris@pookmail.com</email><telephone>603-944-6417</telephone><birthday>10/16/1937</birthday><domain>JuniorDirectory.com</domain><occupation>Dyeing machine operator</occupation><blood-type>O+</blood-type><pounds>169.8</pounds><kilograms>77.2</kilograms><feet-inches>5' 5&quot;</feet-inches><centimeters>165</centimeters><country>US</country><password>Aimei1ohlae</password><credit-card-type>MasterCard</credit-card-type><credit-card-number>5384867479744093</credit-card-number><cvv2>036</cvv2><credit-card-expiration>7/2011</credit-card-expiration></fake-person><!--THIS DATA IS FAKE AND IS NOT REAL!!  FOR EXAMPLE PURPOSES ONLY!!-->