<?xml version="1.0" ?><!--THIS DATA IS FAKE AND IS NOT REAL!!  FOR EXAMPLE PURPOSES ONLY!!--><fake-person id="002-84-8314" xmlns="http://www.marklogic.com/random/fake-people"><gender>female</gender><first-name>Darlene</first-name><middle-initial>W</middle-initial><last-name>Dorsey</last-name><address>4452 Elliott Street</address><city>Hanover</city><state>NH</state><zipcode>03755</zipcode><country>US</country><email>Darlene.W.Dorsey@trashymail.com</email><telephone>603-643-8705</telephone><birthday>9/2/1960</birthday><domain>DenverHealthClub.com</domain><occupation>Histology technician</occupation><blood-type>A+</blood-type><pounds>166.8</pounds><kilograms>75.8</kilograms><feet-inches>5' 8&quot;</feet-inches><centimeters>172</centimeters><country>US</country><password>ieShae5choh</password><credit-card-type>Visa</credit-card-type><credit-card-number>4485179932370453</credit-card-number><cvv2>996</cvv2><credit-card-expiration>9/2013</credit-card-expiration></fake-person><!--THIS DATA IS FAKE AND IS NOT REAL!!  FOR EXAMPLE PURPOSES ONLY!!-->