<?xml version="1.0" ?><!--THIS DATA IS FAKE AND IS NOT REAL!!  FOR EXAMPLE PURPOSES ONLY!!--><fake-person id="002-24-0257" xmlns="http://www.marklogic.com/random/fake-people"><gender>male</gender><first-name>George</first-name><middle-initial>M</middle-initial><last-name>Norvell</last-name><address>2401 Grasselli Street</address><city>Merrimack</city><state>NH</state><zipcode>03054</zipcode><country>US</country><email>George.M.Norvell@trashymail.com</email><telephone>603-429-4603</telephone><birthday>10/4/1959</birthday><domain>HandDroid.com</domain><occupation>Programmer</occupation><blood-type>B+</blood-type><pounds>146.7</pounds><kilograms>66.7</kilograms><feet-inches>6' 1&quot;</feet-inches><centimeters>186</centimeters><country>US</country><password>ao2eC1atae</password><credit-card-type>MasterCard</credit-card-type><credit-card-number>5319972464735732</credit-card-number><cvv2>083</cvv2><credit-card-expiration>12/2011</credit-card-expiration></fake-person><!--THIS DATA IS FAKE AND IS NOT REAL!!  FOR EXAMPLE PURPOSES ONLY!!-->