<?xml version="1.0" ?><!--THIS DATA IS FAKE AND IS NOT REAL!!  FOR EXAMPLE PURPOSES ONLY!!--><fake-person id="002-12-8842" xmlns="http://www.marklogic.com/random/fake-people"><gender>female</gender><first-name>Mary</first-name><middle-initial>S</middle-initial><last-name>Schenk</last-name><address>2613 Grasselli Street</address><city>Bellows Falls</city><state>NH</state><zipcode>05101</zipcode><country>US</country><email>Mary.S.Schenk@trashymail.com</email><telephone>603-445-8043</telephone><birthday>11/3/1956</birthday><domain>SemiLocal.com</domain><occupation>Record center clerk</occupation><blood-type>O+</blood-type><pounds>130.5</pounds><kilograms>59.3</kilograms><feet-inches>5' 8&quot;</feet-inches><centimeters>172</centimeters><country>US</country><password>chohNg3yairae</password><credit-card-type>Visa</credit-card-type><credit-card-number>4929342425467285</credit-card-number><cvv2>874</cvv2><credit-card-expiration>1/2014</credit-card-expiration></fake-person><!--THIS DATA IS FAKE AND IS NOT REAL!!  FOR EXAMPLE PURPOSES ONLY!!-->