<?xml version="1.0" ?><!--THIS DATA IS FAKE AND IS NOT REAL!!  FOR EXAMPLE PURPOSES ONLY!!--><fake-person id="002-22-1705" xmlns="http://www.marklogic.com/random/fake-people"><gender>male</gender><first-name>Kirk</first-name><middle-initial>M</middle-initial><last-name>Barr</last-name><address>989 Shearwood Forest Drive</address><city>Manchester</city><state>NH</state><zipcode>03103</zipcode><country>US</country><email>Kirk.M.Barr@mailinator.com</email><telephone>603-326-0708</telephone><birthday>7/20/1962</birthday><domain>KosherLunch.com</domain><occupation>Job service consultant</occupation><blood-type>AB+</blood-type><pounds>167.4</pounds><kilograms>76.1</kilograms><feet-inches>5' 9&quot;</feet-inches><centimeters>175</centimeters><country>US</country><password>eidoop1riY1Ph</password><credit-card-type>Visa</credit-card-type><credit-card-number>4916938821260508</credit-card-number><cvv2>294</cvv2><credit-card-expiration>1/2014</credit-card-expiration></fake-person><!--THIS DATA IS FAKE AND IS NOT REAL!!  FOR EXAMPLE PURPOSES ONLY!!-->