<?xml version="1.0" ?><!--THIS DATA IS FAKE AND IS NOT REAL!!  FOR EXAMPLE PURPOSES ONLY!!--><fake-person id="002-98-7213" xmlns="http://www.marklogic.com/random/fake-people"><gender>male</gender><first-name>Ian</first-name><middle-initial>K</middle-initial><last-name>Vaughn</last-name><address>1741 Elliott Street</address><city>Nashua</city><state>NH</state><zipcode>03060</zipcode><country>US</country><email>Ian.K.Vaughn@dodgit.com</email><telephone>603-612-6359</telephone><birthday>3/11/1942</birthday><domain>SSLAlert.com</domain><occupation>Midshipman</occupation><blood-type>A+</blood-type><pounds>174.5</pounds><kilograms>79.3</kilograms><feet-inches>5' 8&quot;</feet-inches><centimeters>172</centimeters><country>US</country><password>ogeeN4ohai</password><credit-card-type>Visa</credit-card-type><credit-card-number>4539671503046724</credit-card-number><cvv2>511</cvv2><credit-card-expiration>11/2014</credit-card-expiration></fake-person><!--THIS DATA IS FAKE AND IS NOT REAL!!  FOR EXAMPLE PURPOSES ONLY!!-->