<?xml version="1.0" ?><!--THIS DATA IS FAKE AND IS NOT REAL!!  FOR EXAMPLE PURPOSES ONLY!!--><fake-person id="002-88-0257" xmlns="http://www.marklogic.com/random/fake-people"><gender>female</gender><first-name>Michelle</first-name><middle-initial>L</middle-initial><last-name>Ruiz</last-name><address>3309 Peck Street</address><city>Nashua</city><state>NH</state><zipcode>03061</zipcode><country>US</country><email>Michelle.L.Ruiz@pookmail.com</email><telephone>603-891-6182</telephone><birthday>3/6/1943</birthday><domain>SkiPromotion.com</domain><occupation>Fiscal technician</occupation><blood-type>B+</blood-type><pounds>135.3</pounds><kilograms>61.5</kilograms><feet-inches>5' 7&quot;</feet-inches><centimeters>171</centimeters><country>US</country><password>aineeXei3Lu</password><credit-card-type>Visa</credit-card-type><credit-card-number>4485102041227539</credit-card-number><cvv2>564</cvv2><credit-card-expiration>7/2011</credit-card-expiration></fake-person><!--THIS DATA IS FAKE AND IS NOT REAL!!  FOR EXAMPLE PURPOSES ONLY!!-->