<?xml version="1.0" ?><!--THIS DATA IS FAKE AND IS NOT REAL!!  FOR EXAMPLE PURPOSES ONLY!!--><fake-person id="002-32-5552" xmlns="http://www.marklogic.com/random/fake-people"><gender>male</gender><first-name>Clyde</first-name><middle-initial>R</middle-initial><last-name>Urbano</last-name><address>1375 Shearwood Forest Drive</address><city>Manchester</city><state>NH</state><zipcode>03103</zipcode><country>US</country><email>Clyde.R.Urbano@dodgit.com</email><telephone>603-331-2760</telephone><birthday>8/19/1929</birthday><domain>MiscellaneousJobs.com</domain><occupation>Macromolecular chemist</occupation><blood-type>B+</blood-type><pounds>177.3</pounds><kilograms>80.6</kilograms><feet-inches>5' 4&quot;</feet-inches><centimeters>162</centimeters><country>US</country><password>Apee7eegh</password><credit-card-type>MasterCard</credit-card-type><credit-card-number>5285844261632273</credit-card-number><cvv2>164</cvv2><credit-card-expiration>1/2012</credit-card-expiration></fake-person><!--THIS DATA IS FAKE AND IS NOT REAL!!  FOR EXAMPLE PURPOSES ONLY!!-->