<?xml version="1.0" ?><!--THIS DATA IS FAKE AND IS NOT REAL!!  FOR EXAMPLE PURPOSES ONLY!!--><fake-person id="002-84-4661" xmlns="http://www.marklogic.com/random/fake-people"><gender>male</gender><first-name>Kenneth</first-name><middle-initial>G</middle-initial><last-name>Davis</last-name><address>4675 Elliott Street</address><city>Manchester</city><state>NH</state><zipcode>03101</zipcode><country>US</country><email>Kenneth.G.Davis@trashymail.com</email><telephone>603-589-1571</telephone><birthday>9/13/1967</birthday><domain>TextVerify.com</domain><occupation>Outside order clerk</occupation><blood-type>B+</blood-type><pounds>144.1</pounds><kilograms>65.5</kilograms><feet-inches>5' 10&quot;</feet-inches><centimeters>178</centimeters><country>US</country><password>Xa7miePou</password><credit-card-type>Visa</credit-card-type><credit-card-number>4532843160953206</credit-card-number><cvv2>737</cvv2><credit-card-expiration>10/2012</credit-card-expiration></fake-person><!--THIS DATA IS FAKE AND IS NOT REAL!!  FOR EXAMPLE PURPOSES ONLY!!-->