<?xml version="1.0" ?><!--THIS DATA IS FAKE AND IS NOT REAL!!  FOR EXAMPLE PURPOSES ONLY!!--><fake-person id="002-94-2226" xmlns="http://www.marklogic.com/random/fake-people"><gender>male</gender><first-name>Joseph</first-name><middle-initial>S</middle-initial><last-name>Gould</last-name><address>566 Shearwood Forest Drive</address><city>Troy</city><state>NH</state><zipcode>03465</zipcode><country>US</country><email>Joseph.S.Gould@spambob.com</email><telephone>603-242-7458</telephone><birthday>2/14/1972</birthday><domain>PickWiz.com</domain><occupation>Dermatologist</occupation><blood-type>A+</blood-type><pounds>208.6</pounds><kilograms>94.8</kilograms><feet-inches>5' 10&quot;</feet-inches><centimeters>179</centimeters><country>US</country><password>aa1Laecah</password><credit-card-type>Visa</credit-card-type><credit-card-number>4485381654561513</credit-card-number><cvv2>853</cvv2><credit-card-expiration>4/2014</credit-card-expiration></fake-person><!--THIS DATA IS FAKE AND IS NOT REAL!!  FOR EXAMPLE PURPOSES ONLY!!-->