<?xml version="1.0" ?><!--THIS DATA IS FAKE AND IS NOT REAL!!  FOR EXAMPLE PURPOSES ONLY!!--><fake-person id="002-44-0757" xmlns="http://www.marklogic.com/random/fake-people"><gender>male</gender><first-name>Edwardo</first-name><middle-initial>J</middle-initial><last-name>Garrow</last-name><address>4867 Peck Street</address><city>Manchester</city><state>NH</state><zipcode>03103</zipcode><country>US</country><email>Edwardo.J.Garrow@mailinator.com</email><telephone>603-904-2866</telephone><birthday>4/18/1952</birthday><domain>DivxSales.com</domain><occupation>Floor sander</occupation><blood-type>O+</blood-type><pounds>238</pounds><kilograms>108.2</kilograms><feet-inches>5' 9&quot;</feet-inches><centimeters>176</centimeters><country>US</country><password>biewoiW5j</password><credit-card-type>MasterCard</credit-card-type><credit-card-number>5242191933538062</credit-card-number><cvv2>018</cvv2><credit-card-expiration>3/2015</credit-card-expiration></fake-person><!--THIS DATA IS FAKE AND IS NOT REAL!!  FOR EXAMPLE PURPOSES ONLY!!-->