<?xml version="1.0" ?><!--THIS DATA IS FAKE AND IS NOT REAL!!  FOR EXAMPLE PURPOSES ONLY!!--><fake-person id="002-46-4993" xmlns="http://www.marklogic.com/random/fake-people"><gender>female</gender><first-name>Ida</first-name><middle-initial>M</middle-initial><last-name>Beveridge</last-name><address>2724 Peck Street</address><city>Whitefield</city><state>NH</state><zipcode>03598</zipcode><country>US</country><email>Ida.M.Beveridge@spambob.com</email><telephone>603-837-3812</telephone><birthday>2/21/1973</birthday><domain>SummerDigest.com</domain><occupation>Central office operator</occupation><blood-type>O-</blood-type><pounds>128.3</pounds><kilograms>58.3</kilograms><feet-inches>5' 1&quot;</feet-inches><centimeters>155</centimeters><country>US</country><password>zathei2I</password><credit-card-type>MasterCard</credit-card-type><credit-card-number>5552536382627150</credit-card-number><cvv2>112</cvv2><credit-card-expiration>10/2014</credit-card-expiration></fake-person><!--THIS DATA IS FAKE AND IS NOT REAL!!  FOR EXAMPLE PURPOSES ONLY!!-->