<?xml version="1.0" ?><!--THIS DATA IS FAKE AND IS NOT REAL!!  FOR EXAMPLE PURPOSES ONLY!!--><fake-person id="002-50-5858" xmlns="http://www.marklogic.com/random/fake-people"><gender>female</gender><first-name>Doris</first-name><middle-initial>T</middle-initial><last-name>Neal</last-name><address>3785 Shearwood Forest Drive</address><city>Portsmouth</city><state>NH</state><zipcode>03801</zipcode><country>US</country><email>Doris.T.Neal@dodgit.com</email><telephone>603-245-1802</telephone><birthday>9/13/1977</birthday><domain>InsuranceOasis.com</domain><occupation>Cab driver</occupation><blood-type>O+</blood-type><pounds>228.6</pounds><kilograms>103.9</kilograms><feet-inches>5' 5&quot;</feet-inches><centimeters>165</centimeters><country>US</country><password>feiQuiedei2</password><credit-card-type>Visa</credit-card-type><credit-card-number>4716677007349675</credit-card-number><cvv2>882</cvv2><credit-card-expiration>8/2011</credit-card-expiration></fake-person><!--THIS DATA IS FAKE AND IS NOT REAL!!  FOR EXAMPLE PURPOSES ONLY!!-->