<?xml version="1.0" ?><!--THIS DATA IS FAKE AND IS NOT REAL!!  FOR EXAMPLE PURPOSES ONLY!!--><fake-person id="002-90-5259" xmlns="http://www.marklogic.com/random/fake-people"><gender>female</gender><first-name>Diane</first-name><middle-initial>A</middle-initial><last-name>Alexander</last-name><address>3639 Milford Street</address><city>Exeter</city><state>NH</state><zipcode>03833</zipcode><country>US</country><email>Diane.A.Alexander@trashymail.com</email><telephone>603-777-8897</telephone><birthday>4/28/1951</birthday><domain>PickBlog.com</domain><occupation>Transportation, storage, and distribution manager</occupation><blood-type>A+</blood-type><pounds>196.2</pounds><kilograms>89.2</kilograms><feet-inches>5' 0&quot;</feet-inches><centimeters>153</centimeters><country>US</country><password>aePh5ooph</password><credit-card-type>Visa</credit-card-type><credit-card-number>4539001564111623</credit-card-number><cvv2>681</cvv2><credit-card-expiration>10/2014</credit-card-expiration></fake-person><!--THIS DATA IS FAKE AND IS NOT REAL!!  FOR EXAMPLE PURPOSES ONLY!!-->