<?xml version="1.0" ?><!--THIS DATA IS FAKE AND IS NOT REAL!!  FOR EXAMPLE PURPOSES ONLY!!--><fake-person id="002-40-9859" xmlns="http://www.marklogic.com/random/fake-people"><gender>male</gender><first-name>Thomas</first-name><middle-initial>C</middle-initial><last-name>Keels</last-name><address>1960 Peck Street</address><city>Manchester</city><state>NH</state><zipcode>03103</zipcode><country>US</country><email>Thomas.C.Keels@spambob.com</email><telephone>603-836-4212</telephone><birthday>5/20/1936</birthday><domain>HospitalDigest.com</domain><occupation>Billing and posting clerk</occupation><blood-type>A+</blood-type><pounds>152</pounds><kilograms>69.1</kilograms><feet-inches>5' 10&quot;</feet-inches><centimeters>179</centimeters><country>US</country><password>sai4Doer6d</password><credit-card-type>Visa</credit-card-type><credit-card-number>4716774068222279</credit-card-number><cvv2>428</cvv2><credit-card-expiration>11/2014</credit-card-expiration></fake-person><!--THIS DATA IS FAKE AND IS NOT REAL!!  FOR EXAMPLE PURPOSES ONLY!!-->