<?xml version="1.0" ?><!--THIS DATA IS FAKE AND IS NOT REAL!!  FOR EXAMPLE PURPOSES ONLY!!--><fake-person id="002-60-7059" xmlns="http://www.marklogic.com/random/fake-people"><gender>male</gender><first-name>Benjamin</first-name><middle-initial>W</middle-initial><last-name>Gardner</last-name><address>675 Grasselli Street</address><city>Derry</city><state>NH</state><zipcode>03038</zipcode><country>US</country><email>Benjamin.W.Gardner@dodgit.com</email><telephone>603-426-2008</telephone><birthday>5/28/1962</birthday><domain>AirOvernight.com</domain><occupation>Marine</occupation><blood-type>B+</blood-type><pounds>156.2</pounds><kilograms>71</kilograms><feet-inches>5' 7&quot;</feet-inches><centimeters>170</centimeters><country>US</country><password>EY6oab0ei</password><credit-card-type>Visa</credit-card-type><credit-card-number>4716391303598742</credit-card-number><cvv2>095</cvv2><credit-card-expiration>1/2015</credit-card-expiration></fake-person><!--THIS DATA IS FAKE AND IS NOT REAL!!  FOR EXAMPLE PURPOSES ONLY!!-->