<?xml version="1.0" ?><!--THIS DATA IS FAKE AND IS NOT REAL!!  FOR EXAMPLE PURPOSES ONLY!!--><fake-person id="002-58-3026" xmlns="http://www.marklogic.com/random/fake-people"><gender>male</gender><first-name>Clayton</first-name><middle-initial>P</middle-initial><last-name>Smith</last-name><address>1697 Elliott Street</address><city>Groveton</city><state>NH</state><zipcode>03582</zipcode><country>US</country><email>Clayton.P.Smith@spambob.com</email><telephone>603-636-5057</telephone><birthday>2/7/1945</birthday><domain>ColumbusReview.com</domain><occupation>Ship officer</occupation><blood-type>A+</blood-type><pounds>191.4</pounds><kilograms>87</kilograms><feet-inches>5' 6&quot;</feet-inches><centimeters>167</centimeters><country>US</country><password>Aiph1eem7ch</password><credit-card-type>Visa</credit-card-type><credit-card-number>4532026592976462</credit-card-number><cvv2>933</cvv2><credit-card-expiration>8/2015</credit-card-expiration></fake-person><!--THIS DATA IS FAKE AND IS NOT REAL!!  FOR EXAMPLE PURPOSES ONLY!!-->