<?xml version="1.0" ?><!--THIS DATA IS FAKE AND IS NOT REAL!!  FOR EXAMPLE PURPOSES ONLY!!--><fake-person id="002-98-1946" xmlns="http://www.marklogic.com/random/fake-people"><gender>male</gender><first-name>Carlos</first-name><middle-initial>K</middle-initial><last-name>Smith</last-name><address>1462 Peck Street</address><city>West Lebanon</city><state>NH</state><zipcode>03784</zipcode><country>US</country><email>Carlos.K.Smith@pookmail.com</email><telephone>603-851-0123</telephone><birthday>6/12/1926</birthday><domain>MaxiPros.com</domain><occupation>Oral surgeon</occupation><blood-type>O+</blood-type><pounds>136</pounds><kilograms>61.8</kilograms><feet-inches>6' 0&quot;</feet-inches><centimeters>183</centimeters><country>US</country><password>Yaev9aequee</password><credit-card-type>MasterCard</credit-card-type><credit-card-number>5289495345487543</credit-card-number><cvv2>572</cvv2><credit-card-expiration>4/2013</credit-card-expiration></fake-person><!--THIS DATA IS FAKE AND IS NOT REAL!!  FOR EXAMPLE PURPOSES ONLY!!-->