<?xml version="1.0" ?><!--THIS DATA IS FAKE AND IS NOT REAL!!  FOR EXAMPLE PURPOSES ONLY!!--><fake-person id="002-84-1146" xmlns="http://www.marklogic.com/random/fake-people"><gender>female</gender><first-name>Beverly</first-name><middle-initial>A</middle-initial><last-name>Ahrens</last-name><address>1410 Elliott Street</address><city>Jefferson</city><state>NH</state><zipcode>03583</zipcode><country>US</country><email>Beverly.A.Ahrens@spambob.com</email><telephone>603-586-0600</telephone><birthday>7/9/1960</birthday><domain>CollegeMyths.com</domain><occupation>Weathercaster</occupation><blood-type>B+</blood-type><pounds>177.5</pounds><kilograms>80.7</kilograms><feet-inches>5' 5&quot;</feet-inches><centimeters>164</centimeters><country>US</country><password>raN3Ahgae</password><credit-card-type>MasterCard</credit-card-type><credit-card-number>5329749670599682</credit-card-number><cvv2>614</cvv2><credit-card-expiration>3/2013</credit-card-expiration></fake-person><!--THIS DATA IS FAKE AND IS NOT REAL!!  FOR EXAMPLE PURPOSES ONLY!!-->