<?xml version="1.0" ?><!--THIS DATA IS FAKE AND IS NOT REAL!!  FOR EXAMPLE PURPOSES ONLY!!--><fake-person id="002-12-5491" xmlns="http://www.marklogic.com/random/fake-people"><gender>male</gender><first-name>Alexander</first-name><middle-initial>A</middle-initial><last-name>Irvin</last-name><address>335 Elliott Street</address><city>Enfield</city><state>NH</state><zipcode>03748</zipcode><country>US</country><email>Alexander.A.Irvin@dodgit.com</email><telephone>603-632-8702</telephone><birthday>10/17/1944</birthday><domain>TubeFail.com</domain><occupation>Microbiologist</occupation><blood-type>B+</blood-type><pounds>165</pounds><kilograms>75</kilograms><feet-inches>5' 6&quot;</feet-inches><centimeters>167</centimeters><country>US</country><password>Hooshieh3</password><credit-card-type>Visa</credit-card-type><credit-card-number>4556732826101998</credit-card-number><cvv2>838</cvv2><credit-card-expiration>1/2012</credit-card-expiration></fake-person><!--THIS DATA IS FAKE AND IS NOT REAL!!  FOR EXAMPLE PURPOSES ONLY!!-->