<?xml version="1.0" ?><!--THIS DATA IS FAKE AND IS NOT REAL!!  FOR EXAMPLE PURPOSES ONLY!!--><fake-person id="002-74-1303" xmlns="http://www.marklogic.com/random/fake-people"><gender>male</gender><first-name>George</first-name><middle-initial>A</middle-initial><last-name>Love</last-name><address>141 Elliott Street</address><city>Milton</city><state>NH</state><zipcode>03851</zipcode><country>US</country><email>George.A.Love@trashymail.com</email><telephone>603-652-8103</telephone><birthday>11/5/1982</birthday><domain>AlcoholAgent.com</domain><occupation>Detective</occupation><blood-type>AB+</blood-type><pounds>139.5</pounds><kilograms>63.4</kilograms><feet-inches>6' 2&quot;</feet-inches><centimeters>188</centimeters><country>US</country><password>eis6Ooth8Ah</password><credit-card-type>MasterCard</credit-card-type><credit-card-number>5486118729014292</credit-card-number><cvv2>495</cvv2><credit-card-expiration>3/2015</credit-card-expiration></fake-person><!--THIS DATA IS FAKE AND IS NOT REAL!!  FOR EXAMPLE PURPOSES ONLY!!-->