<?xml version="1.0" ?><!--THIS DATA IS FAKE AND IS NOT REAL!!  FOR EXAMPLE PURPOSES ONLY!!--><fake-person id="002-02-5099" xmlns="http://www.marklogic.com/random/fake-people"><gender>male</gender><first-name>Anthony</first-name><middle-initial>A</middle-initial><last-name>Presler</last-name><address>3199 Grasselli Street</address><city>Bartlett</city><state>NH</state><zipcode>03812</zipcode><country>US</country><email>Anthony.A.Presler@mailinator.com</email><telephone>603-374-1534</telephone><birthday>7/21/1951</birthday><domain>ReproductionDoctors.com</domain><occupation>Construction millwright</occupation><blood-type>B+</blood-type><pounds>202</pounds><kilograms>91.8</kilograms><feet-inches>5' 11&quot;</feet-inches><centimeters>181</centimeters><country>US</country><password>eiGh6cah3Yoh</password><credit-card-type>Visa</credit-card-type><credit-card-number>4716987249593166</credit-card-number><cvv2>072</cvv2><credit-card-expiration>5/2013</credit-card-expiration></fake-person><!--THIS DATA IS FAKE AND IS NOT REAL!!  FOR EXAMPLE PURPOSES ONLY!!-->