<?xml version="1.0" ?><!--THIS DATA IS FAKE AND IS NOT REAL!!  FOR EXAMPLE PURPOSES ONLY!!--><fake-person id="002-90-9231" xmlns="http://www.marklogic.com/random/fake-people"><gender>female</gender><first-name>Michelle</first-name><middle-initial>R</middle-initial><last-name>Heck</last-name><address>2673 Milford Street</address><city>Rumney</city><state>NH</state><zipcode>03266</zipcode><country>US</country><email>Michelle.R.Heck@spambob.com</email><telephone>603-786-5611</telephone><birthday>5/19/1988</birthday><domain>ForwardDrop.com</domain><occupation>Postal Service worker</occupation><blood-type>O+</blood-type><pounds>208.1</pounds><kilograms>94.6</kilograms><feet-inches>5' 5&quot;</feet-inches><centimeters>166</centimeters><country>US</country><password>Se0noo8ph</password><credit-card-type>Visa</credit-card-type><credit-card-number>4716605279492592</credit-card-number><cvv2>977</cvv2><credit-card-expiration>11/2015</credit-card-expiration></fake-person><!--THIS DATA IS FAKE AND IS NOT REAL!!  FOR EXAMPLE PURPOSES ONLY!!-->