<?xml version="1.0" ?><!--THIS DATA IS FAKE AND IS NOT REAL!!  FOR EXAMPLE PURPOSES ONLY!!--><fake-person id="002-44-1751" xmlns="http://www.marklogic.com/random/fake-people"><gender>female</gender><first-name>Sally</first-name><middle-initial>R</middle-initial><last-name>Moore</last-name><address>2556 Shearwood Forest Drive</address><city>Manchester</city><state>NH</state><zipcode>03109</zipcode><country>US</country><email>Sally.R.Moore@pookmail.com</email><telephone>603-347-0230</telephone><birthday>11/28/1926</birthday><domain>NetMemorabilia.com</domain><occupation>Local truck driver</occupation><blood-type>A+</blood-type><pounds>124.3</pounds><kilograms>56.5</kilograms><feet-inches>5' 7&quot;</feet-inches><centimeters>170</centimeters><country>US</country><password>OngeibeiT3b</password><credit-card-type>Visa</credit-card-type><credit-card-number>4485496382787527</credit-card-number><cvv2>711</cvv2><credit-card-expiration>1/2013</credit-card-expiration></fake-person><!--THIS DATA IS FAKE AND IS NOT REAL!!  FOR EXAMPLE PURPOSES ONLY!!-->