<?xml version="1.0" ?><!--THIS DATA IS FAKE AND IS NOT REAL!!  FOR EXAMPLE PURPOSES ONLY!!--><fake-person id="002-38-6499" xmlns="http://www.marklogic.com/random/fake-people"><gender>male</gender><first-name>Steven</first-name><middle-initial>B</middle-initial><last-name>Coonrod</last-name><address>937 Grasselli Street</address><city>Manchester</city><state>NH</state><zipcode>03103</zipcode><country>US</country><email>Steven.B.Coonrod@dodgit.com</email><telephone>603-499-2596</telephone><birthday>3/8/1990</birthday><domain>EugenePersonalInjury.com</domain><occupation>Payroll analyst</occupation><blood-type>B+</blood-type><pounds>151.6</pounds><kilograms>68.9</kilograms><feet-inches>5' 11&quot;</feet-inches><centimeters>180</centimeters><country>US</country><password>eeyeLei3</password><credit-card-type>MasterCard</credit-card-type><credit-card-number>5594322888734380</credit-card-number><cvv2>550</cvv2><credit-card-expiration>11/2011</credit-card-expiration></fake-person><!--THIS DATA IS FAKE AND IS NOT REAL!!  FOR EXAMPLE PURPOSES ONLY!!-->