<?xml version="1.0" ?><!--THIS DATA IS FAKE AND IS NOT REAL!!  FOR EXAMPLE PURPOSES ONLY!!--><fake-person id="002-14-3137" xmlns="http://www.marklogic.com/random/fake-people"><gender>male</gender><first-name>Chris</first-name><middle-initial>M</middle-initial><last-name>Laws</last-name><address>2877 Milford Street</address><city>Exeter</city><state>NH</state><zipcode>03833</zipcode><country>US</country><email>Chris.M.Laws@trashymail.com</email><telephone>603-775-1826</telephone><birthday>2/12/1971</birthday><domain>NetsBook.com</domain><occupation>Trash collector</occupation><blood-type>O+</blood-type><pounds>155.3</pounds><kilograms>70.6</kilograms><feet-inches>5' 9&quot;</feet-inches><centimeters>174</centimeters><country>US</country><password>gaiCah0Y</password><credit-card-type>MasterCard</credit-card-type><credit-card-number>5570018071660709</credit-card-number><cvv2>400</cvv2><credit-card-expiration>9/2012</credit-card-expiration></fake-person><!--THIS DATA IS FAKE AND IS NOT REAL!!  FOR EXAMPLE PURPOSES ONLY!!-->