<?xml version="1.0" ?><!--THIS DATA IS FAKE AND IS NOT REAL!!  FOR EXAMPLE PURPOSES ONLY!!--><fake-person id="002-82-2179" xmlns="http://www.marklogic.com/random/fake-people"><gender>male</gender><first-name>Angel</first-name><middle-initial>T</middle-initial><last-name>Dawson</last-name><address>3981 Milford Street</address><city>Epping</city><state>NH</state><zipcode>03042</zipcode><country>US</country><email>Angel.T.Dawson@spambob.com</email><telephone>603-679-9223</telephone><birthday>2/6/1969</birthday><domain>BargainVentures.com</domain><occupation>Personnel administrator</occupation><blood-type>O+</blood-type><pounds>252.8</pounds><kilograms>114.9</kilograms><feet-inches>5' 10&quot;</feet-inches><centimeters>178</centimeters><country>US</country><password>eshoH3yoph</password><credit-card-type>MasterCard</credit-card-type><credit-card-number>5555904191747774</credit-card-number><cvv2>072</cvv2><credit-card-expiration>12/2015</credit-card-expiration></fake-person><!--THIS DATA IS FAKE AND IS NOT REAL!!  FOR EXAMPLE PURPOSES ONLY!!-->