<?xml version="1.0" ?><!--THIS DATA IS FAKE AND IS NOT REAL!!  FOR EXAMPLE PURPOSES ONLY!!--><fake-person id="002-54-2647" xmlns="http://www.marklogic.com/random/fake-people"><gender>male</gender><first-name>John</first-name><middle-initial>A</middle-initial><last-name>Goodman</last-name><address>754 Elliott Street</address><city>Manchester</city><state>NH</state><zipcode>03101</zipcode><country>US</country><email>John.A.Goodman@mailinator.com</email><telephone>603-645-6805</telephone><birthday>8/24/1981</birthday><domain>ARMAlert.com</domain><occupation>Stock trader</occupation><blood-type>O-</blood-type><pounds>215.8</pounds><kilograms>98.1</kilograms><feet-inches>5' 7&quot;</feet-inches><centimeters>170</centimeters><country>US</country><password>quiT8yah0ch</password><credit-card-type>MasterCard</credit-card-type><credit-card-number>5289210416380604</credit-card-number><cvv2>722</cvv2><credit-card-expiration>1/2013</credit-card-expiration></fake-person><!--THIS DATA IS FAKE AND IS NOT REAL!!  FOR EXAMPLE PURPOSES ONLY!!-->