<?xml version="1.0" ?><!--THIS DATA IS FAKE AND IS NOT REAL!!  FOR EXAMPLE PURPOSES ONLY!!--><fake-person id="002-60-2777" xmlns="http://www.marklogic.com/random/fake-people"><gender>female</gender><first-name>Kimberly</first-name><middle-initial>R</middle-initial><last-name>Clark</last-name><address>245 Peck Street</address><city>Nashua</city><state>NH</state><zipcode>03061</zipcode><country>US</country><email>Kimberly.R.Clark@pookmail.com</email><telephone>603-897-8621</telephone><birthday>8/29/1953</birthday><domain>StockVids.com</domain><occupation>Fry cook</occupation><blood-type>O+</blood-type><pounds>122.5</pounds><kilograms>55.7</kilograms><feet-inches>5' 7&quot;</feet-inches><centimeters>171</centimeters><country>US</country><password>eiC2Phaegh</password><credit-card-type>MasterCard</credit-card-type><credit-card-number>5431344818455412</credit-card-number><cvv2>979</cvv2><credit-card-expiration>8/2013</credit-card-expiration></fake-person><!--THIS DATA IS FAKE AND IS NOT REAL!!  FOR EXAMPLE PURPOSES ONLY!!-->