<?xml version="1.0" ?><!--THIS DATA IS FAKE AND IS NOT REAL!!  FOR EXAMPLE PURPOSES ONLY!!--><fake-person id="002-46-9269" xmlns="http://www.marklogic.com/random/fake-people"><gender>male</gender><first-name>Robert</first-name><middle-initial>L</middle-initial><last-name>Oliver</last-name><address>3049 Milford Street</address><city>Andover</city><state>NH</state><zipcode>03216</zipcode><country>US</country><email>Robert.L.Oliver@spambob.com</email><telephone>603-735-9326</telephone><birthday>12/16/1935</birthday><domain>MobileFirms.com</domain><occupation>Aerospace engineer</occupation><blood-type>O+</blood-type><pounds>163.2</pounds><kilograms>74.2</kilograms><feet-inches>5' 7&quot;</feet-inches><centimeters>169</centimeters><country>US</country><password>reer1sai8Ze</password><credit-card-type>Visa</credit-card-type><credit-card-number>4916578312924004</credit-card-number><cvv2>290</cvv2><credit-card-expiration>3/2012</credit-card-expiration></fake-person><!--THIS DATA IS FAKE AND IS NOT REAL!!  FOR EXAMPLE PURPOSES ONLY!!-->