<?xml version="1.0" ?><!--THIS DATA IS FAKE AND IS NOT REAL!!  FOR EXAMPLE PURPOSES ONLY!!--><fake-person id="002-80-7350" xmlns="http://www.marklogic.com/random/fake-people"><gender>female</gender><first-name>Megan</first-name><middle-initial>J</middle-initial><last-name>Jeans</last-name><address>1862 Shearwood Forest Drive</address><city>Manchester</city><state>NH</state><zipcode>03101</zipcode><country>US</country><email>Megan.J.Jeans@trashymail.com</email><telephone>603-264-4649</telephone><birthday>12/16/1946</birthday><domain>StreamingMetro.com</domain><occupation>Land acquisition manager</occupation><blood-type>B+</blood-type><pounds>223.7</pounds><kilograms>101.7</kilograms><feet-inches>5' 3&quot;</feet-inches><centimeters>161</centimeters><country>US</country><password>Uoxei6ca9toh</password><credit-card-type>MasterCard</credit-card-type><credit-card-number>5390590883185826</credit-card-number><cvv2>997</cvv2><credit-card-expiration>10/2013</credit-card-expiration></fake-person><!--THIS DATA IS FAKE AND IS NOT REAL!!  FOR EXAMPLE PURPOSES ONLY!!-->