<?xml version="1.0" ?><!--THIS DATA IS FAKE AND IS NOT REAL!!  FOR EXAMPLE PURPOSES ONLY!!--><fake-person id="003-92-5829" xmlns="http://www.marklogic.com/random/fake-people"><gender>male</gender><first-name>Richard</first-name><middle-initial>J</middle-initial><last-name>Davenport</last-name><address>3860 Elliott Street</address><city>Laconia</city><state>NH</state><zipcode>03246</zipcode><country>US</country><email>Richard.J.Davenport@pookmail.com</email><telephone>603-527-2858</telephone><birthday>3/21/1959</birthday><domain>CardiologyDirectory.com</domain><occupation>Camera repairer</occupation><blood-type>A+</blood-type><pounds>172.9</pounds><kilograms>78.6</kilograms><feet-inches>6' 0&quot;</feet-inches><centimeters>183</centimeters><country>US</country><password>po3ahB3sei</password><credit-card-type>MasterCard</credit-card-type><credit-card-number>5567006810162447</credit-card-number><cvv2>668</cvv2><credit-card-expiration>11/2014</credit-card-expiration></fake-person><!--THIS DATA IS FAKE AND IS NOT REAL!!  FOR EXAMPLE PURPOSES ONLY!!-->