<?xml version="1.0" ?><!--THIS DATA IS FAKE AND IS NOT REAL!!  FOR EXAMPLE PURPOSES ONLY!!--><fake-person id="003-68-8106" xmlns="http://www.marklogic.com/random/fake-people"><gender>female</gender><first-name>Perla</first-name><middle-initial>M</middle-initial><last-name>Tapia</last-name><address>2866 Peck Street</address><city>Dover</city><state>NH</state><zipcode>03820</zipcode><country>US</country><email>Perla.M.Tapia@trashymail.com</email><telephone>603-842-6123</telephone><birthday>6/7/1932</birthday><domain>CableDudes.com</domain><occupation>Floor finisher</occupation><blood-type>B+</blood-type><pounds>218.5</pounds><kilograms>99.3</kilograms><feet-inches>5' 4&quot;</feet-inches><centimeters>162</centimeters><country>US</country><password>eiCh6sah</password><credit-card-type>Visa</credit-card-type><credit-card-number>4532989884312524</credit-card-number><cvv2>184</cvv2><credit-card-expiration>5/2015</credit-card-expiration></fake-person><!--THIS DATA IS FAKE AND IS NOT REAL!!  FOR EXAMPLE PURPOSES ONLY!!-->