<?xml version="1.0" ?><!--THIS DATA IS FAKE AND IS NOT REAL!!  FOR EXAMPLE PURPOSES ONLY!!--><fake-person id="003-98-1142" xmlns="http://www.marklogic.com/random/fake-people"><gender>male</gender><first-name>Ricardo</first-name><middle-initial>S</middle-initial><last-name>Calvillo</last-name><address>2830 Grasselli Street</address><city>Atkinson</city><state>NH</state><zipcode>03811</zipcode><country>US</country><email>Ricardo.S.Calvillo@trashymail.com</email><telephone>603-362-9062</telephone><birthday>4/21/1980</birthday><domain>HomeworkTalk.com</domain><occupation>Web designer</occupation><blood-type>O+</blood-type><pounds>242.4</pounds><kilograms>110.2</kilograms><feet-inches>6' 2&quot;</feet-inches><centimeters>188</centimeters><country>US</country><password>eesh9Boh5ae</password><credit-card-type>Visa</credit-card-type><credit-card-number>4716249135552099</credit-card-number><cvv2>100</cvv2><credit-card-expiration>5/2011</credit-card-expiration></fake-person><!--THIS DATA IS FAKE AND IS NOT REAL!!  FOR EXAMPLE PURPOSES ONLY!!-->