<?xml version="1.0" ?><!--THIS DATA IS FAKE AND IS NOT REAL!!  FOR EXAMPLE PURPOSES ONLY!!--><fake-person id="003-80-4696" xmlns="http://www.marklogic.com/random/fake-people"><gender>male</gender><first-name>Bryan</first-name><middle-initial>S</middle-initial><last-name>Bagwell</last-name><address>4332 Elliott Street</address><city>Salisbury</city><state>NH</state><zipcode>03268</zipcode><country>US</country><email>Bryan.S.Bagwell@dodgit.com</email><telephone>603-648-7877</telephone><birthday>12/2/1960</birthday><domain>OpenBiography.com</domain><occupation>Training and development specialist</occupation><blood-type>O+</blood-type><pounds>194</pounds><kilograms>88.2</kilograms><feet-inches>6' 1&quot;</feet-inches><centimeters>186</centimeters><country>US</country><password>Coo4choo</password><credit-card-type>Visa</credit-card-type><credit-card-number>4716428171714975</credit-card-number><cvv2>442</cvv2><credit-card-expiration>12/2012</credit-card-expiration></fake-person><!--THIS DATA IS FAKE AND IS NOT REAL!!  FOR EXAMPLE PURPOSES ONLY!!-->