<?xml version="1.0" ?><!--THIS DATA IS FAKE AND IS NOT REAL!!  FOR EXAMPLE PURPOSES ONLY!!--><fake-person id="003-74-9790" xmlns="http://www.marklogic.com/random/fake-people"><gender>male</gender><first-name>Daniel</first-name><middle-initial>C</middle-initial><last-name>Martin</last-name><address>4668 Peck Street</address><city>Hampton</city><state>NH</state><zipcode>03842</zipcode><country>US</country><email>Daniel.C.Martin@mailinator.com</email><telephone>603-929-0625</telephone><birthday>3/1/1954</birthday><domain>FindMilk.com</domain><occupation>Corporate accountant</occupation><blood-type>O+</blood-type><pounds>216.9</pounds><kilograms>98.6</kilograms><feet-inches>6' 1&quot;</feet-inches><centimeters>185</centimeters><country>US</country><password>Eid1lieg2</password><credit-card-type>MasterCard</credit-card-type><credit-card-number>5394990282494611</credit-card-number><cvv2>810</cvv2><credit-card-expiration>4/2013</credit-card-expiration></fake-person><!--THIS DATA IS FAKE AND IS NOT REAL!!  FOR EXAMPLE PURPOSES ONLY!!-->