<?xml version="1.0" ?><!--THIS DATA IS FAKE AND IS NOT REAL!!  FOR EXAMPLE PURPOSES ONLY!!--><fake-person id="003-80-0678" xmlns="http://www.marklogic.com/random/fake-people"><gender>female</gender><first-name>Carol</first-name><middle-initial>D</middle-initial><last-name>Millington</last-name><address>1873 Grasselli Street</address><city>Plaistow</city><state>NH</state><zipcode>01865</zipcode><country>US</country><email>Carol.D.Millington@trashymail.com</email><telephone>603-378-0332</telephone><birthday>3/26/1930</birthday><domain>SolarHills.com</domain><occupation>Podiatric doctor</occupation><blood-type>B+</blood-type><pounds>141.7</pounds><kilograms>64.4</kilograms><feet-inches>5' 2&quot;</feet-inches><centimeters>158</centimeters><country>US</country><password>rohthoo1Tu</password><credit-card-type>Visa</credit-card-type><credit-card-number>4916991852943237</credit-card-number><cvv2>365</cvv2><credit-card-expiration>9/2012</credit-card-expiration></fake-person><!--THIS DATA IS FAKE AND IS NOT REAL!!  FOR EXAMPLE PURPOSES ONLY!!-->