<?xml version="1.0" ?><!--THIS DATA IS FAKE AND IS NOT REAL!!  FOR EXAMPLE PURPOSES ONLY!!--><fake-person id="003-48-5663" xmlns="http://www.marklogic.com/random/fake-people"><gender>male</gender><first-name>Courtney</first-name><middle-initial>A</middle-initial><last-name>Boudreaux</last-name><address>1740 Shearwood Forest Drive</address><city>Center Sandwich</city><state>NH</state><zipcode>03227</zipcode><country>US</country><email>Courtney.A.Boudreaux@pookmail.com</email><telephone>603-284-6501</telephone><birthday>8/18/1949</birthday><domain>CodeThings.com</domain><occupation>Oral and maxillofacial radiologist</occupation><blood-type>B+</blood-type><pounds>150.5</pounds><kilograms>68.4</kilograms><feet-inches>5' 10&quot;</feet-inches><centimeters>178</centimeters><country>US</country><password>woh1oHahP5ai</password><credit-card-type>Visa</credit-card-type><credit-card-number>4929356383131089</credit-card-number><cvv2>798</cvv2><credit-card-expiration>9/2015</credit-card-expiration></fake-person><!--THIS DATA IS FAKE AND IS NOT REAL!!  FOR EXAMPLE PURPOSES ONLY!!-->