<?xml version="1.0" ?><!--THIS DATA IS FAKE AND IS NOT REAL!!  FOR EXAMPLE PURPOSES ONLY!!--><fake-person id="003-28-2848" xmlns="http://www.marklogic.com/random/fake-people"><gender>male</gender><first-name>Jean</first-name><middle-initial>J</middle-initial><last-name>Lasater</last-name><address>1323 Grasselli Street</address><city>Marlow</city><state>NH</state><zipcode>03456</zipcode><country>US</country><email>Jean.J.Lasater@dodgit.com</email><telephone>603-446-2503</telephone><birthday>2/28/1932</birthday><domain>VoipPromotion.com</domain><occupation>Neurosonographer</occupation><blood-type>A+</blood-type><pounds>194.9</pounds><kilograms>88.6</kilograms><feet-inches>5' 10&quot;</feet-inches><centimeters>177</centimeters><country>US</country><password>eeH2goak3Ee</password><credit-card-type>MasterCard</credit-card-type><credit-card-number>5148061654295272</credit-card-number><cvv2>302</cvv2><credit-card-expiration>5/2012</credit-card-expiration></fake-person><!--THIS DATA IS FAKE AND IS NOT REAL!!  FOR EXAMPLE PURPOSES ONLY!!-->