<?xml version="1.0" ?><!--THIS DATA IS FAKE AND IS NOT REAL!!  FOR EXAMPLE PURPOSES ONLY!!--><fake-person id="003-12-7934" xmlns="http://www.marklogic.com/random/fake-people"><gender>male</gender><first-name>Marlin</first-name><middle-initial>B</middle-initial><last-name>Burkhead</last-name><address>3978 Elliott Street</address><city>Manchester</city><state>NH</state><zipcode>03101</zipcode><country>US</country><email>Marlin.B.Burkhead@mailinator.com</email><telephone>603-639-8334</telephone><birthday>1/19/1973</birthday><domain>VailStores.com</domain><occupation>Social and community service manager</occupation><blood-type>A+</blood-type><pounds>169.2</pounds><kilograms>76.9</kilograms><feet-inches>5' 7&quot;</feet-inches><centimeters>170</centimeters><country>US</country><password>zo4aiD0D</password><credit-card-type>Visa</credit-card-type><credit-card-number>4532672695120902</credit-card-number><cvv2>244</cvv2><credit-card-expiration>9/2015</credit-card-expiration></fake-person><!--THIS DATA IS FAKE AND IS NOT REAL!!  FOR EXAMPLE PURPOSES ONLY!!-->