<?xml version="1.0" ?><!--THIS DATA IS FAKE AND IS NOT REAL!!  FOR EXAMPLE PURPOSES ONLY!!--><fake-person id="003-60-9546" xmlns="http://www.marklogic.com/random/fake-people"><gender>female</gender><first-name>Darlene</first-name><middle-initial>H</middle-initial><last-name>Reese</last-name><address>4051 Peck Street</address><city>Portsmouth</city><state>NH</state><zipcode>03801</zipcode><country>US</country><email>Darlene.H.Reese@trashymail.com</email><telephone>603-971-5222</telephone><birthday>5/31/1974</birthday><domain>FullVenture.com</domain><occupation>Technical recruiter</occupation><blood-type>AB+</blood-type><pounds>144.8</pounds><kilograms>65.8</kilograms><feet-inches>5' 1&quot;</feet-inches><centimeters>155</centimeters><country>US</country><password>Ae6eeya2UB1</password><credit-card-type>MasterCard</credit-card-type><credit-card-number>5168213732875675</credit-card-number><cvv2>158</cvv2><credit-card-expiration>12/2014</credit-card-expiration></fake-person><!--THIS DATA IS FAKE AND IS NOT REAL!!  FOR EXAMPLE PURPOSES ONLY!!-->