<?xml version="1.0" ?><!--THIS DATA IS FAKE AND IS NOT REAL!!  FOR EXAMPLE PURPOSES ONLY!!--><fake-person id="003-82-4229" xmlns="http://www.marklogic.com/random/fake-people"><gender>female</gender><first-name>Shawn</first-name><middle-initial>K</middle-initial><last-name>Giles</last-name><address>3880 Milford Street</address><city>Newmarket</city><state>NH</state><zipcode>03857</zipcode><country>US</country><email>Shawn.K.Giles@dodgit.com</email><telephone>603-659-3772</telephone><birthday>4/19/1930</birthday><domain>CollectWines.com</domain><occupation>Rigging chaser</occupation><blood-type>AB+</blood-type><pounds>157.1</pounds><kilograms>71.4</kilograms><feet-inches>5' 4&quot;</feet-inches><centimeters>162</centimeters><country>US</country><password>oow6Aic7iech</password><credit-card-type>Visa</credit-card-type><credit-card-number>4556481895631366</credit-card-number><cvv2>331</cvv2><credit-card-expiration>3/2011</credit-card-expiration></fake-person><!--THIS DATA IS FAKE AND IS NOT REAL!!  FOR EXAMPLE PURPOSES ONLY!!-->