<?xml version="1.0" ?><!--THIS DATA IS FAKE AND IS NOT REAL!!  FOR EXAMPLE PURPOSES ONLY!!--><fake-person id="003-54-5571" xmlns="http://www.marklogic.com/random/fake-people"><gender>male</gender><first-name>Joshua</first-name><middle-initial>A</middle-initial><last-name>Haley</last-name><address>2449 Grasselli Street</address><city>Bedford</city><state>NH</state><zipcode>03102</zipcode><country>US</country><email>Joshua.A.Haley@dodgit.com</email><telephone>603-472-3806</telephone><birthday>11/2/1943</birthday><domain>HairEnhancer.com</domain><occupation>Molding, coremaking, and casting machine tender</occupation><blood-type>B+</blood-type><pounds>240.5</pounds><kilograms>109.3</kilograms><feet-inches>5' 9&quot;</feet-inches><centimeters>175</centimeters><country>US</country><password>rae0Euho2eiv</password><credit-card-type>MasterCard</credit-card-type><credit-card-number>5181446704910772</credit-card-number><cvv2>686</cvv2><credit-card-expiration>8/2015</credit-card-expiration></fake-person><!--THIS DATA IS FAKE AND IS NOT REAL!!  FOR EXAMPLE PURPOSES ONLY!!-->