<?xml version="1.0" ?><!--THIS DATA IS FAKE AND IS NOT REAL!!  FOR EXAMPLE PURPOSES ONLY!!--><fake-person id="003-26-0956" xmlns="http://www.marklogic.com/random/fake-people"><gender>female</gender><first-name>Jeanne</first-name><middle-initial>S</middle-initial><last-name>Skidmore</last-name><address>593 Shearwood Forest Drive</address><city>Concord</city><state>NH</state><zipcode>03301</zipcode><country>US</country><email>Jeanne.S.Skidmore@mailinator.com</email><telephone>603-230-9132</telephone><birthday>10/10/1976</birthday><domain>RewardPremium.com</domain><occupation>Automation and control technician</occupation><blood-type>O+</blood-type><pounds>216.3</pounds><kilograms>98.3</kilograms><feet-inches>5' 3&quot;</feet-inches><centimeters>161</centimeters><country>US</country><password>eG2ooH5agh</password><credit-card-type>MasterCard</credit-card-type><credit-card-number>5479452100032501</credit-card-number><cvv2>249</cvv2><credit-card-expiration>2/2015</credit-card-expiration></fake-person><!--THIS DATA IS FAKE AND IS NOT REAL!!  FOR EXAMPLE PURPOSES ONLY!!-->