<?xml version="1.0" ?><!--THIS DATA IS FAKE AND IS NOT REAL!!  FOR EXAMPLE PURPOSES ONLY!!--><fake-person id="003-14-5839" xmlns="http://www.marklogic.com/random/fake-people"><gender>female</gender><first-name>Aurelia</first-name><middle-initial>F</middle-initial><last-name>Wozniak</last-name><address>1491 Elliott Street</address><city>Nashua</city><state>NH</state><zipcode>03060</zipcode><country>US</country><email>Aurelia.F.Wozniak@spambob.com</email><telephone>603-606-2728</telephone><birthday>5/29/1965</birthday><domain>MormonRules.com</domain><occupation>Light truck driver</occupation><blood-type>AB+</blood-type><pounds>216.7</pounds><kilograms>98.5</kilograms><feet-inches>5' 7&quot;</feet-inches><centimeters>171</centimeters><country>US</country><password>aiFei8ok</password><credit-card-type>MasterCard</credit-card-type><credit-card-number>5412426905908826</credit-card-number><cvv2>324</cvv2><credit-card-expiration>11/2014</credit-card-expiration></fake-person><!--THIS DATA IS FAKE AND IS NOT REAL!!  FOR EXAMPLE PURPOSES ONLY!!-->