<?xml version="1.0" ?><!--THIS DATA IS FAKE AND IS NOT REAL!!  FOR EXAMPLE PURPOSES ONLY!!--><fake-person id="003-90-5934" xmlns="http://www.marklogic.com/random/fake-people"><gender>male</gender><first-name>Laurence</first-name><middle-initial>M</middle-initial><last-name>Forbes</last-name><address>792 Peck Street</address><city>West Lebanon</city><state>NH</state><zipcode>03784</zipcode><country>US</country><email>Laurence.M.Forbes@trashymail.com</email><telephone>603-915-0132</telephone><birthday>10/11/1956</birthday><domain>GroupMall.com</domain><occupation>Nuclear medicine technologist</occupation><blood-type>B+</blood-type><pounds>162.8</pounds><kilograms>74</kilograms><feet-inches>5' 7&quot;</feet-inches><centimeters>169</centimeters><country>US</country><password>Monoo9wu4Ee</password><credit-card-type>MasterCard</credit-card-type><credit-card-number>5180192457436877</credit-card-number><cvv2>976</cvv2><credit-card-expiration>11/2013</credit-card-expiration></fake-person><!--THIS DATA IS FAKE AND IS NOT REAL!!  FOR EXAMPLE PURPOSES ONLY!!-->