<?xml version="1.0" ?><!--THIS DATA IS FAKE AND IS NOT REAL!!  FOR EXAMPLE PURPOSES ONLY!!--><fake-person id="003-42-9062" xmlns="http://www.marklogic.com/random/fake-people"><gender>male</gender><first-name>Abel</first-name><middle-initial>D</middle-initial><last-name>Anderson</last-name><address>3503 Shearwood Forest Drive</address><city>Merrimack</city><state>NH</state><zipcode>03054</zipcode><country>US</country><email>Abel.D.Anderson@mailinator.com</email><telephone>603-262-7108</telephone><birthday>6/20/1986</birthday><domain>TechnologyRate.com</domain><occupation>Molding, coremaking, and casting machine operator</occupation><blood-type>O+</blood-type><pounds>234.3</pounds><kilograms>106.5</kilograms><feet-inches>6' 2&quot;</feet-inches><centimeters>188</centimeters><country>US</country><password>shiR3Ea3</password><credit-card-type>MasterCard</credit-card-type><credit-card-number>5499476584027568</credit-card-number><cvv2>272</cvv2><credit-card-expiration>7/2013</credit-card-expiration></fake-person><!--THIS DATA IS FAKE AND IS NOT REAL!!  FOR EXAMPLE PURPOSES ONLY!!-->