<?xml version="1.0" ?><!--THIS DATA IS FAKE AND IS NOT REAL!!  FOR EXAMPLE PURPOSES ONLY!!--><fake-person id="003-32-1146" xmlns="http://www.marklogic.com/random/fake-people"><gender>male</gender><first-name>Curtis</first-name><middle-initial>C</middle-initial><last-name>Cummins</last-name><address>3476 Grasselli Street</address><city>Milan</city><state>NH</state><zipcode>03588</zipcode><country>US</country><email>Curtis.C.Cummins@dodgit.com</email><telephone>603-449-7851</telephone><birthday>1/27/1940</birthday><domain>AnalystFinder.com</domain><occupation>Academic dean</occupation><blood-type>AB+</blood-type><pounds>221.3</pounds><kilograms>100.6</kilograms><feet-inches>5' 6&quot;</feet-inches><centimeters>168</centimeters><country>US</country><password>Joomee2a</password><credit-card-type>Visa</credit-card-type><credit-card-number>4539009720488330</credit-card-number><cvv2>780</cvv2><credit-card-expiration>5/2014</credit-card-expiration></fake-person><!--THIS DATA IS FAKE AND IS NOT REAL!!  FOR EXAMPLE PURPOSES ONLY!!-->