<?xml version="1.0" ?><!--THIS DATA IS FAKE AND IS NOT REAL!!  FOR EXAMPLE PURPOSES ONLY!!--><fake-person id="003-50-7991" xmlns="http://www.marklogic.com/random/fake-people"><gender>female</gender><first-name>Helen</first-name><middle-initial>B</middle-initial><last-name>Martinez</last-name><address>424 Shearwood Forest Drive</address><city>Winchester</city><state>NH</state><zipcode>03470</zipcode><country>US</country><email>Helen.B.Martinez@trashymail.com</email><telephone>603-239-2323</telephone><birthday>7/30/1974</birthday><domain>HolidayLocal.com</domain><occupation>INS agent</occupation><blood-type>A+</blood-type><pounds>212.1</pounds><kilograms>96.4</kilograms><feet-inches>5' 7&quot;</feet-inches><centimeters>170</centimeters><country>US</country><password>OhWee0Rei</password><credit-card-type>MasterCard</credit-card-type><credit-card-number>5190796956645818</credit-card-number><cvv2>521</cvv2><credit-card-expiration>8/2011</credit-card-expiration></fake-person><!--THIS DATA IS FAKE AND IS NOT REAL!!  FOR EXAMPLE PURPOSES ONLY!!-->