<?xml version="1.0" ?><!--THIS DATA IS FAKE AND IS NOT REAL!!  FOR EXAMPLE PURPOSES ONLY!!--><fake-person id="003-24-9042" xmlns="http://www.marklogic.com/random/fake-people"><gender>female</gender><first-name>Evelyn</first-name><middle-initial>P</middle-initial><last-name>Gillett</last-name><address>925 Peck Street</address><city>Manchester</city><state>NH</state><zipcode>03101</zipcode><country>US</country><email>Evelyn.P.Gillett@pookmail.com</email><telephone>603-884-1840</telephone><birthday>9/1/1958</birthday><domain>EBizStudent.com</domain><occupation>Training specialist</occupation><blood-type>B+</blood-type><pounds>162.1</pounds><kilograms>73.7</kilograms><feet-inches>5' 6&quot;</feet-inches><centimeters>168</centimeters><country>US</country><password>yei9aiChieT</password><credit-card-type>Visa</credit-card-type><credit-card-number>4916918889686372</credit-card-number><cvv2>081</cvv2><credit-card-expiration>4/2013</credit-card-expiration></fake-person><!--THIS DATA IS FAKE AND IS NOT REAL!!  FOR EXAMPLE PURPOSES ONLY!!-->