<?xml version="1.0" ?><!--THIS DATA IS FAKE AND IS NOT REAL!!  FOR EXAMPLE PURPOSES ONLY!!--><fake-person id="003-34-9080" xmlns="http://www.marklogic.com/random/fake-people"><gender>male</gender><first-name>Curtis</first-name><middle-initial>M</middle-initial><last-name>Callaghan</last-name><address>3188 Milford Street</address><city>Manchester</city><state>NH</state><zipcode>03103</zipcode><country>US</country><email>Curtis.M.Callaghan@spambob.com</email><telephone>603-717-5187</telephone><birthday>6/17/1992</birthday><domain>FreeSalmon.com</domain><occupation>Beauty care specialist</occupation><blood-type>O+</blood-type><pounds>183</pounds><kilograms>83.2</kilograms><feet-inches>5' 11&quot;</feet-inches><centimeters>180</centimeters><country>US</country><password>Chie0Usah</password><credit-card-type>Visa</credit-card-type><credit-card-number>4485876713634805</credit-card-number><cvv2>933</cvv2><credit-card-expiration>11/2014</credit-card-expiration></fake-person><!--THIS DATA IS FAKE AND IS NOT REAL!!  FOR EXAMPLE PURPOSES ONLY!!-->