<?xml version="1.0" ?><!--THIS DATA IS FAKE AND IS NOT REAL!!  FOR EXAMPLE PURPOSES ONLY!!--><fake-person id="003-48-2513" xmlns="http://www.marklogic.com/random/fake-people"><gender>male</gender><first-name>Raymond</first-name><middle-initial>K</middle-initial><last-name>Kelly</last-name><address>1856 Grasselli Street</address><city>Nashua</city><state>NH</state><zipcode>03060</zipcode><country>US</country><email>Raymond.K.Kelly@trashymail.com</email><telephone>603-371-2399</telephone><birthday>2/14/1930</birthday><domain>CoopReviews.com</domain><occupation>Computer applications software engineer</occupation><blood-type>A+</blood-type><pounds>143.9</pounds><kilograms>65.4</kilograms><feet-inches>5' 10&quot;</feet-inches><centimeters>179</centimeters><country>US</country><password>bohg6faPhuo</password><credit-card-type>MasterCard</credit-card-type><credit-card-number>5258560614448117</credit-card-number><cvv2>099</cvv2><credit-card-expiration>8/2015</credit-card-expiration></fake-person><!--THIS DATA IS FAKE AND IS NOT REAL!!  FOR EXAMPLE PURPOSES ONLY!!-->