<?xml version="1.0" ?><!--THIS DATA IS FAKE AND IS NOT REAL!!  FOR EXAMPLE PURPOSES ONLY!!--><fake-person id="003-86-5694" xmlns="http://www.marklogic.com/random/fake-people"><gender>female</gender><first-name>Maria</first-name><middle-initial>J</middle-initial><last-name>Mcgreevy</last-name><address>3616 Peck Street</address><city>Manchester</city><state>NH</state><zipcode>03101</zipcode><country>US</country><email>Maria.J.Mcgreevy@spambob.com</email><telephone>603-913-6559</telephone><birthday>10/23/1940</birthday><domain>EngineeringTests.com</domain><occupation>Cooking instructor</occupation><blood-type>B+</blood-type><pounds>176.2</pounds><kilograms>80.1</kilograms><feet-inches>5' 1&quot;</feet-inches><centimeters>156</centimeters><country>US</country><password>Roh3lohch9</password><credit-card-type>Visa</credit-card-type><credit-card-number>4485678853435427</credit-card-number><cvv2>593</cvv2><credit-card-expiration>4/2014</credit-card-expiration></fake-person><!--THIS DATA IS FAKE AND IS NOT REAL!!  FOR EXAMPLE PURPOSES ONLY!!-->