<?xml version="1.0" ?><!--THIS DATA IS FAKE AND IS NOT REAL!!  FOR EXAMPLE PURPOSES ONLY!!--><fake-person id="003-44-8753" xmlns="http://www.marklogic.com/random/fake-people"><gender>male</gender><first-name>Ronnie</first-name><middle-initial>E</middle-initial><last-name>Stephens</last-name><address>547 Shearwood Forest Drive</address><city>Keene</city><state>NH</state><zipcode>03431</zipcode><country>US</country><email>Ronnie.E.Stephens@trashymail.com</email><telephone>603-354-6693</telephone><birthday>5/16/1971</birthday><domain>WikiBug.com</domain><occupation>Meeting and convention planner</occupation><blood-type>A+</blood-type><pounds>240.7</pounds><kilograms>109.4</kilograms><feet-inches>6' 0&quot;</feet-inches><centimeters>182</centimeters><country>US</country><password>eishaeZae4ah</password><credit-card-type>MasterCard</credit-card-type><credit-card-number>5543725905088675</credit-card-number><cvv2>185</cvv2><credit-card-expiration>9/2012</credit-card-expiration></fake-person><!--THIS DATA IS FAKE AND IS NOT REAL!!  FOR EXAMPLE PURPOSES ONLY!!-->