<?xml version="1.0" ?><!--THIS DATA IS FAKE AND IS NOT REAL!!  FOR EXAMPLE PURPOSES ONLY!!--><fake-person id="003-54-0175" xmlns="http://www.marklogic.com/random/fake-people"><gender>male</gender><first-name>Richard</first-name><middle-initial>J</middle-initial><last-name>Johnson</last-name><address>3605 Shearwood Forest Drive</address><city>Concord</city><state>NH</state><zipcode>03301</zipcode><country>US</country><email>Richard.J.Johnson@dodgit.com</email><telephone>603-230-0399</telephone><birthday>4/26/1933</birthday><domain>TempNets.com</domain><occupation>Footwear and accessory designer</occupation><blood-type>O+</blood-type><pounds>225.3</pounds><kilograms>102.4</kilograms><feet-inches>5' 5&quot;</feet-inches><centimeters>164</centimeters><country>US</country><password>kaeX1doquo6</password><credit-card-type>MasterCard</credit-card-type><credit-card-number>5587701389305908</credit-card-number><cvv2>632</cvv2><credit-card-expiration>12/2012</credit-card-expiration></fake-person><!--THIS DATA IS FAKE AND IS NOT REAL!!  FOR EXAMPLE PURPOSES ONLY!!-->