<?xml version="1.0" ?><!--THIS DATA IS FAKE AND IS NOT REAL!!  FOR EXAMPLE PURPOSES ONLY!!--><fake-person id="003-34-5260" xmlns="http://www.marklogic.com/random/fake-people"><gender>female</gender><first-name>Vicki</first-name><middle-initial>J</middle-initial><last-name>Stratton</last-name><address>998 Grasselli Street</address><city>Errol</city><state>NH</state><zipcode>03579</zipcode><country>US</country><email>Vicki.J.Stratton@dodgit.com</email><telephone>603-482-1754</telephone><birthday>1/23/1938</birthday><domain>FonePhone.com</domain><occupation>Food processing occupation</occupation><blood-type>O+</blood-type><pounds>144.8</pounds><kilograms>65.8</kilograms><feet-inches>5' 3&quot;</feet-inches><centimeters>161</centimeters><country>US</country><password>Yaiquai2ai</password><credit-card-type>Visa</credit-card-type><credit-card-number>4916596175442435</credit-card-number><cvv2>900</cvv2><credit-card-expiration>9/2013</credit-card-expiration></fake-person><!--THIS DATA IS FAKE AND IS NOT REAL!!  FOR EXAMPLE PURPOSES ONLY!!-->