<?xml version="1.0" ?><!--THIS DATA IS FAKE AND IS NOT REAL!!  FOR EXAMPLE PURPOSES ONLY!!--><fake-person id="003-30-5675" xmlns="http://www.marklogic.com/random/fake-people"><gender>female</gender><first-name>Amber</first-name><middle-initial>T</middle-initial><last-name>Rhodes</last-name><address>2199 Elliott Street</address><city>Laconia</city><state>NH</state><zipcode>03246</zipcode><country>US</country><email>Amber.T.Rhodes@spambob.com</email><telephone>603-527-4616</telephone><birthday>8/27/1947</birthday><domain>RoundBlog.com</domain><occupation>Reservation agent</occupation><blood-type>A+</blood-type><pounds>119.7</pounds><kilograms>54.4</kilograms><feet-inches>5' 2&quot;</feet-inches><centimeters>157</centimeters><country>US</country><password>ooSaetiosoj4</password><credit-card-type>Visa</credit-card-type><credit-card-number>4916193412741348</credit-card-number><cvv2>124</cvv2><credit-card-expiration>8/2012</credit-card-expiration></fake-person><!--THIS DATA IS FAKE AND IS NOT REAL!!  FOR EXAMPLE PURPOSES ONLY!!-->