<?xml version="1.0" ?><!--THIS DATA IS FAKE AND IS NOT REAL!!  FOR EXAMPLE PURPOSES ONLY!!--><fake-person id="003-05-3925" xmlns="http://www.marklogic.com/random/fake-people"><gender>female</gender><first-name>Jennifer</first-name><middle-initial>J</middle-initial><last-name>Johnson</last-name><address>169 Peck Street</address><city>Dover</city><state>NH</state><zipcode>03820</zipcode><country>US</country><email>Jennifer.J.Johnson@spambob.com</email><telephone>603-862-4441</telephone><birthday>1/27/1943</birthday><domain>PimpleLotion.com</domain><occupation>Elevator mechanic</occupation><blood-type>O+</blood-type><pounds>178.6</pounds><kilograms>81.2</kilograms><feet-inches>5' 7&quot;</feet-inches><centimeters>170</centimeters><country>US</country><password>jei4Ahfu3z</password><credit-card-type>MasterCard</credit-card-type><credit-card-number>5509792853780861</credit-card-number><cvv2>482</cvv2><credit-card-expiration>4/2011</credit-card-expiration></fake-person><!--THIS DATA IS FAKE AND IS NOT REAL!!  FOR EXAMPLE PURPOSES ONLY!!-->