<?xml version="1.0" ?><!--THIS DATA IS FAKE AND IS NOT REAL!!  FOR EXAMPLE PURPOSES ONLY!!--><fake-person id="003-05-7378" xmlns="http://www.marklogic.com/random/fake-people"><gender>male</gender><first-name>John</first-name><middle-initial>K</middle-initial><last-name>Hayes</last-name><address>4000 Grasselli Street</address><city>North Conway</city><state>NH</state><zipcode>03860</zipcode><country>US</country><email>John.K.Hayes@spambob.com</email><telephone>603-356-4699</telephone><birthday>10/1/1962</birthday><domain>SpeedTraveling.com</domain><occupation>Control room operator</occupation><blood-type>B+</blood-type><pounds>175.1</pounds><kilograms>79.6</kilograms><feet-inches>5' 9&quot;</feet-inches><centimeters>175</centimeters><country>US</country><password>gohfie7Foh</password><credit-card-type>MasterCard</credit-card-type><credit-card-number>5349290986097893</credit-card-number><cvv2>792</cvv2><credit-card-expiration>7/2012</credit-card-expiration></fake-person><!--THIS DATA IS FAKE AND IS NOT REAL!!  FOR EXAMPLE PURPOSES ONLY!!-->