<?xml version="1.0" ?><!--THIS DATA IS FAKE AND IS NOT REAL!!  FOR EXAMPLE PURPOSES ONLY!!--><fake-person id="003-80-3238" xmlns="http://www.marklogic.com/random/fake-people"><gender>female</gender><first-name>Sandra</first-name><middle-initial>N</middle-initial><last-name>Benoit</last-name><address>2798 Elliott Street</address><city>Nashua</city><state>NH</state><zipcode>03061</zipcode><country>US</country><email>Sandra.N.Benoit@pookmail.com</email><telephone>603-579-1287</telephone><birthday>7/19/1952</birthday><domain>RoofingSpecials.com</domain><occupation>Clergy</occupation><blood-type>B+</blood-type><pounds>126.3</pounds><kilograms>57.4</kilograms><feet-inches>5' 2&quot;</feet-inches><centimeters>158</centimeters><country>US</country><password>eethah3zeiD</password><credit-card-type>MasterCard</credit-card-type><credit-card-number>5107738891772937</credit-card-number><cvv2>874</cvv2><credit-card-expiration>3/2014</credit-card-expiration></fake-person><!--THIS DATA IS FAKE AND IS NOT REAL!!  FOR EXAMPLE PURPOSES ONLY!!-->