<?xml version="1.0" ?><!--THIS DATA IS FAKE AND IS NOT REAL!!  FOR EXAMPLE PURPOSES ONLY!!--><fake-person id="003-10-4841" xmlns="http://www.marklogic.com/random/fake-people"><gender>male</gender><first-name>Marvin</first-name><middle-initial>R</middle-initial><last-name>Jensen</last-name><address>3036 Elliott Street</address><city>Manchester</city><state>NH</state><zipcode>03101</zipcode><country>US</country><email>Marvin.R.Jensen@spambob.com</email><telephone>603-551-9306</telephone><birthday>2/15/1956</birthday><domain>ScratchBlog.com</domain><occupation>Tilesetter</occupation><blood-type>B+</blood-type><pounds>172.7</pounds><kilograms>78.5</kilograms><feet-inches>5' 11&quot;</feet-inches><centimeters>181</centimeters><country>US</country><password>lahDuzao1</password><credit-card-type>Visa</credit-card-type><credit-card-number>4929573751421047</credit-card-number><cvv2>838</cvv2><credit-card-expiration>4/2011</credit-card-expiration></fake-person><!--THIS DATA IS FAKE AND IS NOT REAL!!  FOR EXAMPLE PURPOSES ONLY!!-->