<?xml version="1.0" ?><!--THIS DATA IS FAKE AND IS NOT REAL!!  FOR EXAMPLE PURPOSES ONLY!!--><fake-person id="003-92-7986" xmlns="http://www.marklogic.com/random/fake-people"><gender>male</gender><first-name>Shaun</first-name><middle-initial>E</middle-initial><last-name>Lopez</last-name><address>3513 Milford Street</address><city>Manchester</city><state>NH</state><zipcode>03103</zipcode><country>US</country><email>Shaun.E.Lopez@pookmail.com</email><telephone>603-733-5127</telephone><birthday>12/27/1946</birthday><domain>ThatRoad.com</domain><occupation>Business office manager</occupation><blood-type>O+</blood-type><pounds>194.5</pounds><kilograms>88.4</kilograms><feet-inches>5' 5&quot;</feet-inches><centimeters>166</centimeters><country>US</country><password>si4ienga9Mo</password><credit-card-type>MasterCard</credit-card-type><credit-card-number>5340115051404253</credit-card-number><cvv2>038</cvv2><credit-card-expiration>3/2012</credit-card-expiration></fake-person><!--THIS DATA IS FAKE AND IS NOT REAL!!  FOR EXAMPLE PURPOSES ONLY!!-->