<?xml version="1.0" ?><!--THIS DATA IS FAKE AND IS NOT REAL!!  FOR EXAMPLE PURPOSES ONLY!!--><fake-person id="003-26-4514" xmlns="http://www.marklogic.com/random/fake-people"><gender>male</gender><first-name>Joe</first-name><middle-initial>L</middle-initial><last-name>Collett</last-name><address>379 Elliott Street</address><city>Claremont</city><state>NH</state><zipcode>03743</zipcode><country>US</country><email>Joe.L.Collett@trashymail.com</email><telephone>603-542-0393</telephone><birthday>1/20/1937</birthday><domain>PhotoSchedule.com</domain><occupation>Commercial diver</occupation><blood-type>O+</blood-type><pounds>154</pounds><kilograms>70</kilograms><feet-inches>6' 0&quot;</feet-inches><centimeters>184</centimeters><country>US</country><password>Phiequo5ah</password><credit-card-type>Visa</credit-card-type><credit-card-number>4916780530801879</credit-card-number><cvv2>303</cvv2><credit-card-expiration>2/2014</credit-card-expiration></fake-person><!--THIS DATA IS FAKE AND IS NOT REAL!!  FOR EXAMPLE PURPOSES ONLY!!-->