<?xml version="1.0" ?><!--THIS DATA IS FAKE AND IS NOT REAL!!  FOR EXAMPLE PURPOSES ONLY!!--><fake-person id="003-80-5513" xmlns="http://www.marklogic.com/random/fake-people"><gender>male</gender><first-name>Nathan</first-name><middle-initial>M</middle-initial><last-name>Hernandez</last-name><address>2706 Elliott Street</address><city>Manchester</city><state>NH</state><zipcode>03103</zipcode><country>US</country><email>Nathan.M.Hernandez@pookmail.com</email><telephone>603-617-2320</telephone><birthday>7/1/1974</birthday><domain>GadgetAnalyst.com</domain><occupation>Project manager</occupation><blood-type>O+</blood-type><pounds>140.6</pounds><kilograms>63.9</kilograms><feet-inches>6' 0&quot;</feet-inches><centimeters>184</centimeters><country>US</country><password>phu2Eecoo4</password><credit-card-type>Visa</credit-card-type><credit-card-number>4929471238339215</credit-card-number><cvv2>037</cvv2><credit-card-expiration>1/2012</credit-card-expiration></fake-person><!--THIS DATA IS FAKE AND IS NOT REAL!!  FOR EXAMPLE PURPOSES ONLY!!-->