<?xml version="1.0" ?><!--THIS DATA IS FAKE AND IS NOT REAL!!  FOR EXAMPLE PURPOSES ONLY!!--><fake-person id="003-38-5958" xmlns="http://www.marklogic.com/random/fake-people"><gender>male</gender><first-name>Benny</first-name><middle-initial>M</middle-initial><last-name>Woodham</last-name><address>57 Shearwood Forest Drive</address><city>Salem</city><state>NH</state><zipcode>03079</zipcode><country>US</country><email>Benny.M.Woodham@mailinator.com</email><telephone>603-212-8815</telephone><birthday>1/18/1966</birthday><domain>PhoneDigit.com</domain><occupation>Paper goods machine setter</occupation><blood-type>B+</blood-type><pounds>167.9</pounds><kilograms>76.3</kilograms><feet-inches>5' 9&quot;</feet-inches><centimeters>174</centimeters><country>US</country><password>quiTh3oTh</password><credit-card-type>Visa</credit-card-type><credit-card-number>4539957070387538</credit-card-number><cvv2>812</cvv2><credit-card-expiration>2/2013</credit-card-expiration></fake-person><!--THIS DATA IS FAKE AND IS NOT REAL!!  FOR EXAMPLE PURPOSES ONLY!!-->