<?xml version="1.0" ?><!--THIS DATA IS FAKE AND IS NOT REAL!!  FOR EXAMPLE PURPOSES ONLY!!--><fake-person id="003-42-8884" xmlns="http://www.marklogic.com/random/fake-people"><gender>female</gender><first-name>Carri</first-name><middle-initial>T</middle-initial><last-name>Fairley</last-name><address>4655 Peck Street</address><city>New Durham</city><state>NH</state><zipcode>03855</zipcode><country>US</country><email>Carri.T.Fairley@trashymail.com</email><telephone>603-859-5511</telephone><birthday>2/22/1970</birthday><domain>RomanticNation.com</domain><occupation>Rental manager</occupation><blood-type>B+</blood-type><pounds>128</pounds><kilograms>58.2</kilograms><feet-inches>5' 5&quot;</feet-inches><centimeters>165</centimeters><country>US</country><password>Vieso9Aif</password><credit-card-type>Visa</credit-card-type><credit-card-number>4716757317375279</credit-card-number><cvv2>927</cvv2><credit-card-expiration>5/2015</credit-card-expiration></fake-person><!--THIS DATA IS FAKE AND IS NOT REAL!!  FOR EXAMPLE PURPOSES ONLY!!-->