<?xml version="1.0" ?><!--THIS DATA IS FAKE AND IS NOT REAL!!  FOR EXAMPLE PURPOSES ONLY!!--><fake-person id="003-56-8460" xmlns="http://www.marklogic.com/random/fake-people"><gender>female</gender><first-name>Sally</first-name><middle-initial>G</middle-initial><last-name>Brown</last-name><address>1469 Milford Street</address><city>Dover</city><state>NH</state><zipcode>03820</zipcode><country>US</country><email>Sally.G.Brown@mailinator.com</email><telephone>603-743-6229</telephone><birthday>2/16/1978</birthday><domain>PrizeHelp.com</domain><occupation>Motion picture camera operator</occupation><blood-type>B+</blood-type><pounds>223.7</pounds><kilograms>101.7</kilograms><feet-inches>5' 9&quot;</feet-inches><centimeters>175</centimeters><country>US</country><password>naizij5Oh</password><credit-card-type>Visa</credit-card-type><credit-card-number>4716929401537409</credit-card-number><cvv2>307</cvv2><credit-card-expiration>12/2015</credit-card-expiration></fake-person><!--THIS DATA IS FAKE AND IS NOT REAL!!  FOR EXAMPLE PURPOSES ONLY!!-->