<?xml version="1.0" ?><!--THIS DATA IS FAKE AND IS NOT REAL!!  FOR EXAMPLE PURPOSES ONLY!!--><fake-person id="003-90-9471" xmlns="http://www.marklogic.com/random/fake-people"><gender>male</gender><first-name>James</first-name><middle-initial>M</middle-initial><last-name>Bey</last-name><address>1665 Elliott Street</address><city>Canaan</city><state>NH</state><zipcode>03741</zipcode><country>US</country><email>James.M.Bey@mailinator.com</email><telephone>603-523-2075</telephone><birthday>1/25/1989</birthday><domain>ToolingNews.com</domain><occupation>Cargo and freight agent</occupation><blood-type>B+</blood-type><pounds>130</pounds><kilograms>59.1</kilograms><feet-inches>6' 2&quot;</feet-inches><centimeters>189</centimeters><country>US</country><password>ro2Vuoqui</password><credit-card-type>MasterCard</credit-card-type><credit-card-number>5370552778311929</credit-card-number><cvv2>425</cvv2><credit-card-expiration>11/2011</credit-card-expiration></fake-person><!--THIS DATA IS FAKE AND IS NOT REAL!!  FOR EXAMPLE PURPOSES ONLY!!-->