<?xml version="1.0" ?><!--THIS DATA IS FAKE AND IS NOT REAL!!  FOR EXAMPLE PURPOSES ONLY!!--><fake-person id="003-32-0394" xmlns="http://www.marklogic.com/random/fake-people"><gender>male</gender><first-name>Frank</first-name><middle-initial>L</middle-initial><last-name>Bruckner</last-name><address>4878 Grasselli Street</address><city>Lebanon</city><state>NH</state><zipcode>03766</zipcode><country>US</country><email>Frank.L.Bruckner@dodgit.com</email><telephone>603-442-2444</telephone><birthday>12/28/1981</birthday><domain>TextPublish.com</domain><occupation>In home service professional</occupation><blood-type>B+</blood-type><pounds>220.2</pounds><kilograms>100.1</kilograms><feet-inches>5' 10&quot;</feet-inches><centimeters>179</centimeters><country>US</country><password>Nie8gothae</password><credit-card-type>MasterCard</credit-card-type><credit-card-number>5422436020245515</credit-card-number><cvv2>310</cvv2><credit-card-expiration>11/2012</credit-card-expiration></fake-person><!--THIS DATA IS FAKE AND IS NOT REAL!!  FOR EXAMPLE PURPOSES ONLY!!-->