<?xml version="1.0" ?><!--THIS DATA IS FAKE AND IS NOT REAL!!  FOR EXAMPLE PURPOSES ONLY!!--><fake-person id="003-78-3560" xmlns="http://www.marklogic.com/random/fake-people"><gender>female</gender><first-name>Kathryn</first-name><middle-initial>C</middle-initial><last-name>Jenkins</last-name><address>930 Grasselli Street</address><city>Manchester</city><state>NH</state><zipcode>03101</zipcode><country>US</country><email>Kathryn.C.Jenkins@pookmail.com</email><telephone>603-480-6410</telephone><birthday>7/15/1956</birthday><domain>PokerMovement.com</domain><occupation>Soldier</occupation><blood-type>O+</blood-type><pounds>190.5</pounds><kilograms>86.6</kilograms><feet-inches>5' 5&quot;</feet-inches><centimeters>164</centimeters><country>US</country><password>Bio6dei9</password><credit-card-type>MasterCard</credit-card-type><credit-card-number>5382123481604905</credit-card-number><cvv2>201</cvv2><credit-card-expiration>3/2014</credit-card-expiration></fake-person><!--THIS DATA IS FAKE AND IS NOT REAL!!  FOR EXAMPLE PURPOSES ONLY!!-->