<?xml version="1.0" ?><!--THIS DATA IS FAKE AND IS NOT REAL!!  FOR EXAMPLE PURPOSES ONLY!!--><fake-person id="003-50-8714" xmlns="http://www.marklogic.com/random/fake-people"><gender>female</gender><first-name>Colleen</first-name><middle-initial>S</middle-initial><last-name>Johnson</last-name><address>111 Milford Street</address><city>Manchester</city><state>NH</state><zipcode>03103</zipcode><country>US</country><email>Colleen.S.Johnson@pookmail.com</email><telephone>603-758-3444</telephone><birthday>3/14/1971</birthday><domain>PrintedBody.com</domain><occupation>Time and attendance clerk</occupation><blood-type>O+</blood-type><pounds>180.8</pounds><kilograms>82.2</kilograms><feet-inches>5' 7&quot;</feet-inches><centimeters>169</centimeters><country>US</country><password>aiQuahgee1</password><credit-card-type>MasterCard</credit-card-type><credit-card-number>5143633597609630</credit-card-number><cvv2>827</cvv2><credit-card-expiration>1/2012</credit-card-expiration></fake-person><!--THIS DATA IS FAKE AND IS NOT REAL!!  FOR EXAMPLE PURPOSES ONLY!!-->