<?xml version="1.0" ?><!--THIS DATA IS FAKE AND IS NOT REAL!!  FOR EXAMPLE PURPOSES ONLY!!--><fake-person id="003-98-5208" xmlns="http://www.marklogic.com/random/fake-people"><gender>female</gender><first-name>Carol</first-name><middle-initial>G</middle-initial><last-name>Willis</last-name><address>1313 Milford Street</address><city>Manchester</city><state>NH</state><zipcode>03101</zipcode><country>US</country><email>Carol.G.Willis@trashymail.com</email><telephone>603-668-6819</telephone><birthday>8/22/1964</birthday><domain>CourseAction.com</domain><occupation>Textile presser</occupation><blood-type>A+</blood-type><pounds>221.1</pounds><kilograms>100.5</kilograms><feet-inches>5' 3&quot;</feet-inches><centimeters>159</centimeters><country>US</country><password>Thahchu1i</password><credit-card-type>MasterCard</credit-card-type><credit-card-number>5268158173212293</credit-card-number><cvv2>615</cvv2><credit-card-expiration>1/2011</credit-card-expiration></fake-person><!--THIS DATA IS FAKE AND IS NOT REAL!!  FOR EXAMPLE PURPOSES ONLY!!-->