<?xml version="1.0" ?><!--THIS DATA IS FAKE AND IS NOT REAL!!  FOR EXAMPLE PURPOSES ONLY!!--><fake-person id="003-14-9676" xmlns="http://www.marklogic.com/random/fake-people"><gender>female</gender><first-name>Elaine</first-name><middle-initial>O</middle-initial><last-name>Brown</last-name><address>3479 Elliott Street</address><city>Sanbornville</city><state>NH</state><zipcode>03872</zipcode><country>US</country><email>Elaine.O.Brown@spambob.com</email><telephone>603-522-1798</telephone><birthday>5/1/1932</birthday><domain>TheyParty.com</domain><occupation>Industrial engineering technician</occupation><blood-type>A+</blood-type><pounds>226.6</pounds><kilograms>103</kilograms><feet-inches>5' 6&quot;</feet-inches><centimeters>168</centimeters><country>US</country><password>ooWaik8Wee</password><credit-card-type>MasterCard</credit-card-type><credit-card-number>5518932294336019</credit-card-number><cvv2>758</cvv2><credit-card-expiration>7/2011</credit-card-expiration></fake-person><!--THIS DATA IS FAKE AND IS NOT REAL!!  FOR EXAMPLE PURPOSES ONLY!!-->