<?xml version="1.0" ?><!--THIS DATA IS FAKE AND IS NOT REAL!!  FOR EXAMPLE PURPOSES ONLY!!--><fake-person id="003-26-5652" xmlns="http://www.marklogic.com/random/fake-people"><gender>female</gender><first-name>Shannon</first-name><middle-initial>J</middle-initial><last-name>Blank</last-name><address>504 Milford Street</address><city>Londonderry</city><state>NH</state><zipcode>03053</zipcode><country>US</country><email>Shannon.J.Blank@trashymail.com</email><telephone>603-799-5938</telephone><birthday>9/18/1950</birthday><domain>AnonymousWriter.com</domain><occupation>Medical scientist</occupation><blood-type>A+</blood-type><pounds>139.9</pounds><kilograms>63.6</kilograms><feet-inches>5' 3&quot;</feet-inches><centimeters>159</centimeters><country>US</country><password>xaiGo0ph</password><credit-card-type>MasterCard</credit-card-type><credit-card-number>5339954221802498</credit-card-number><cvv2>171</cvv2><credit-card-expiration>7/2014</credit-card-expiration></fake-person><!--THIS DATA IS FAKE AND IS NOT REAL!!  FOR EXAMPLE PURPOSES ONLY!!-->