<?xml version="1.0" ?><!--THIS DATA IS FAKE AND IS NOT REAL!!  FOR EXAMPLE PURPOSES ONLY!!--><fake-person id="003-14-4742" xmlns="http://www.marklogic.com/random/fake-people"><gender>female</gender><first-name>Muriel</first-name><middle-initial>D</middle-initial><last-name>Eldridge</last-name><address>427 Elliott Street</address><city>Fitzwilliam</city><state>NH</state><zipcode>03447</zipcode><country>US</country><email>Muriel.D.Eldridge@spambob.com</email><telephone>603-585-1022</telephone><birthday>12/8/1935</birthday><domain>CellphoneArea.com</domain><occupation>Newsletter writer</occupation><blood-type>A+</blood-type><pounds>148.5</pounds><kilograms>67.5</kilograms><feet-inches>4' 11&quot;</feet-inches><centimeters>151</centimeters><country>US</country><password>queew0Ohw1lo</password><credit-card-type>MasterCard</credit-card-type><credit-card-number>5472598990716061</credit-card-number><cvv2>440</cvv2><credit-card-expiration>12/2011</credit-card-expiration></fake-person><!--THIS DATA IS FAKE AND IS NOT REAL!!  FOR EXAMPLE PURPOSES ONLY!!-->