<?xml version="1.0" ?><!--THIS DATA IS FAKE AND IS NOT REAL!!  FOR EXAMPLE PURPOSES ONLY!!--><fake-person id="003-50-3485" xmlns="http://www.marklogic.com/random/fake-people"><gender>male</gender><first-name>Philip</first-name><middle-initial>J</middle-initial><last-name>Carpenter</last-name><address>2066 Peck Street</address><city>Manchester</city><state>NH</state><zipcode>03101</zipcode><country>US</country><email>Philip.J.Carpenter@trashymail.com</email><telephone>603-867-1657</telephone><birthday>8/28/1948</birthday><domain>GoalToll.com</domain><occupation>Nurse specialist</occupation><blood-type>B+</blood-type><pounds>244.4</pounds><kilograms>111.1</kilograms><feet-inches>6' 0&quot;</feet-inches><centimeters>184</centimeters><country>US</country><password>AeJiefi6</password><credit-card-type>Visa</credit-card-type><credit-card-number>4556451680840308</credit-card-number><cvv2>923</cvv2><credit-card-expiration>10/2014</credit-card-expiration></fake-person><!--THIS DATA IS FAKE AND IS NOT REAL!!  FOR EXAMPLE PURPOSES ONLY!!-->