<?xml version="1.0" ?><!--THIS DATA IS FAKE AND IS NOT REAL!!  FOR EXAMPLE PURPOSES ONLY!!--><fake-person id="003-09-4998" xmlns="http://www.marklogic.com/random/fake-people"><gender>female</gender><first-name>Wanda</first-name><middle-initial>E</middle-initial><last-name>Cantor</last-name><address>4129 Grasselli Street</address><city>Meriden</city><state>NH</state><zipcode>03770</zipcode><country>US</country><email>Wanda.E.Cantor@pookmail.com</email><telephone>603-469-3997</telephone><birthday>7/6/1933</birthday><domain>Employment101.com</domain><occupation>Position classifier</occupation><blood-type>O+</blood-type><pounds>106.7</pounds><kilograms>48.5</kilograms><feet-inches>5' 7&quot;</feet-inches><centimeters>170</centimeters><country>US</country><password>xaey1yohD</password><credit-card-type>Visa</credit-card-type><credit-card-number>4556314693581659</credit-card-number><cvv2>211</cvv2><credit-card-expiration>5/2012</credit-card-expiration></fake-person><!--THIS DATA IS FAKE AND IS NOT REAL!!  FOR EXAMPLE PURPOSES ONLY!!-->