<?xml version="1.0" ?><!--THIS DATA IS FAKE AND IS NOT REAL!!  FOR EXAMPLE PURPOSES ONLY!!--><fake-person id="003-36-3148" xmlns="http://www.marklogic.com/random/fake-people"><gender>male</gender><first-name>Tony</first-name><middle-initial>M</middle-initial><last-name>Hanson</last-name><address>3549 Milford Street</address><city>Penacook</city><state>NH</state><zipcode>03303</zipcode><country>US</country><email>Tony.M.Hanson@dodgit.com</email><telephone>603-753-5394</telephone><birthday>3/12/1981</birthday><domain>ShippingCalendar.com</domain><occupation>Stevedore</occupation><blood-type>A+</blood-type><pounds>207.9</pounds><kilograms>94.5</kilograms><feet-inches>5' 6&quot;</feet-inches><centimeters>168</centimeters><country>US</country><password>aep0Vi9iekei</password><credit-card-type>MasterCard</credit-card-type><credit-card-number>5572115109611353</credit-card-number><cvv2>057</cvv2><credit-card-expiration>2/2015</credit-card-expiration></fake-person><!--THIS DATA IS FAKE AND IS NOT REAL!!  FOR EXAMPLE PURPOSES ONLY!!-->