<?xml version="1.0" ?><!--THIS DATA IS FAKE AND IS NOT REAL!!  FOR EXAMPLE PURPOSES ONLY!!--><fake-person id="003-09-6939" xmlns="http://www.marklogic.com/random/fake-people"><gender>female</gender><first-name>Blanca</first-name><middle-initial>J</middle-initial><last-name>Murray</last-name><address>4543 Elliott Street</address><city>Fitzwilliam</city><state>NH</state><zipcode>03447</zipcode><country>US</country><email>Blanca.J.Murray@mailinator.com</email><telephone>603-585-2233</telephone><birthday>10/8/1934</birthday><domain>RegionalStore.com</domain><occupation>Long-term care facility nurse</occupation><blood-type>B+</blood-type><pounds>219.3</pounds><kilograms>99.7</kilograms><feet-inches>5' 6&quot;</feet-inches><centimeters>167</centimeters><country>US</country><password>uatahH2quo</password><credit-card-type>Visa</credit-card-type><credit-card-number>4556679603537144</credit-card-number><cvv2>922</cvv2><credit-card-expiration>8/2015</credit-card-expiration></fake-person><!--THIS DATA IS FAKE AND IS NOT REAL!!  FOR EXAMPLE PURPOSES ONLY!!-->