<?xml version="1.0" ?><!--THIS DATA IS FAKE AND IS NOT REAL!!  FOR EXAMPLE PURPOSES ONLY!!--><fake-person id="003-80-8588" xmlns="http://www.marklogic.com/random/fake-people"><gender>female</gender><first-name>Barbara</first-name><middle-initial>C</middle-initial><last-name>Cavins</last-name><address>1080 Shearwood Forest Drive</address><city>Hampstead</city><state>NH</state><zipcode>03841</zipcode><country>US</country><email>Barbara.C.Cavins@pookmail.com</email><telephone>603-329-1964</telephone><birthday>8/13/1984</birthday><domain>LinkReady.com</domain><occupation>Brattice builder</occupation><blood-type>AB+</blood-type><pounds>150</pounds><kilograms>68.2</kilograms><feet-inches>5' 7&quot;</feet-inches><centimeters>171</centimeters><country>US</country><password>ooj0Ohsipa</password><credit-card-type>Visa</credit-card-type><credit-card-number>4716617194501704</credit-card-number><cvv2>835</cvv2><credit-card-expiration>8/2014</credit-card-expiration></fake-person><!--THIS DATA IS FAKE AND IS NOT REAL!!  FOR EXAMPLE PURPOSES ONLY!!-->