<?xml version="1.0" ?><!--THIS DATA IS FAKE AND IS NOT REAL!!  FOR EXAMPLE PURPOSES ONLY!!--><fake-person id="003-90-4899" xmlns="http://www.marklogic.com/random/fake-people"><gender>female</gender><first-name>Marjorie</first-name><middle-initial>R</middle-initial><last-name>Wisdom</last-name><address>1785 Grasselli Street</address><city>Portsmouth</city><state>NH</state><zipcode>03801</zipcode><country>US</country><email>Marjorie.R.Wisdom@trashymail.com</email><telephone>603-516-6792</telephone><birthday>12/17/1991</birthday><domain>PopupCam.com</domain><occupation>Legislator</occupation><blood-type>O+</blood-type><pounds>126.1</pounds><kilograms>57.3</kilograms><feet-inches>5' 1&quot;</feet-inches><centimeters>155</centimeters><country>US</country><password>thi8ohThee</password><credit-card-type>Visa</credit-card-type><credit-card-number>4556076774114383</credit-card-number><cvv2>879</cvv2><credit-card-expiration>12/2015</credit-card-expiration></fake-person><!--THIS DATA IS FAKE AND IS NOT REAL!!  FOR EXAMPLE PURPOSES ONLY!!-->