<?xml version="1.0" ?><!--THIS DATA IS FAKE AND IS NOT REAL!!  FOR EXAMPLE PURPOSES ONLY!!--><fake-person id="003-24-9973" xmlns="http://www.marklogic.com/random/fake-people"><gender>female</gender><first-name>Alice</first-name><middle-initial>M</middle-initial><last-name>Nava</last-name><address>2128 Grasselli Street</address><city>Derry</city><state>NH</state><zipcode>03038</zipcode><country>US</country><email>Alice.M.Nava@spambob.com</email><telephone>603-425-4657</telephone><birthday>12/9/1965</birthday><domain>CzechChannel.com</domain><occupation>Title examiner</occupation><blood-type>B+</blood-type><pounds>148.3</pounds><kilograms>67.4</kilograms><feet-inches>5' 4&quot;</feet-inches><centimeters>163</centimeters><country>US</country><password>ieD3aiWoag</password><credit-card-type>MasterCard</credit-card-type><credit-card-number>5380471045818244</credit-card-number><cvv2>403</cvv2><credit-card-expiration>9/2012</credit-card-expiration></fake-person><!--THIS DATA IS FAKE AND IS NOT REAL!!  FOR EXAMPLE PURPOSES ONLY!!-->