<?xml version="1.0" ?><!--THIS DATA IS FAKE AND IS NOT REAL!!  FOR EXAMPLE PURPOSES ONLY!!--><fake-person id="003-18-3737" xmlns="http://www.marklogic.com/random/fake-people"><gender>female</gender><first-name>Michelle</first-name><middle-initial>D</middle-initial><last-name>Locklin</last-name><address>3362 Elliott Street</address><city>Manchester</city><state>NH</state><zipcode>03101</zipcode><country>US</country><email>Michelle.D.Locklin@pookmail.com</email><telephone>603-545-8989</telephone><birthday>3/3/1982</birthday><domain>OasisMart.com</domain><occupation>Charter bus driver</occupation><blood-type>A+</blood-type><pounds>186.8</pounds><kilograms>84.9</kilograms><feet-inches>5' 6&quot;</feet-inches><centimeters>167</centimeters><country>US</country><password>eiR6oojiwee</password><credit-card-type>Visa</credit-card-type><credit-card-number>4716421071142587</credit-card-number><cvv2>730</cvv2><credit-card-expiration>3/2014</credit-card-expiration></fake-person><!--THIS DATA IS FAKE AND IS NOT REAL!!  FOR EXAMPLE PURPOSES ONLY!!-->