<?xml version="1.0" ?><!--THIS DATA IS FAKE AND IS NOT REAL!!  FOR EXAMPLE PURPOSES ONLY!!--><fake-person id="003-70-4823" xmlns="http://www.marklogic.com/random/fake-people"><gender>male</gender><first-name>Edward</first-name><middle-initial>C</middle-initial><last-name>Yoder</last-name><address>1351 Milford Street</address><city>Somersworth</city><state>NH</state><zipcode>03878</zipcode><country>US</country><email>Edward.C.Yoder@mailinator.com</email><telephone>603-692-2812</telephone><birthday>8/13/1982</birthday><domain>TreeYard.com</domain><occupation>Wire installer</occupation><blood-type>O+</blood-type><pounds>209</pounds><kilograms>95</kilograms><feet-inches>6' 0&quot;</feet-inches><centimeters>183</centimeters><country>US</country><password>xikaiGai3n</password><credit-card-type>MasterCard</credit-card-type><credit-card-number>5365315881606503</credit-card-number><cvv2>667</cvv2><credit-card-expiration>3/2015</credit-card-expiration></fake-person><!--THIS DATA IS FAKE AND IS NOT REAL!!  FOR EXAMPLE PURPOSES ONLY!!-->