<?xml version="1.0" ?><!--THIS DATA IS FAKE AND IS NOT REAL!!  FOR EXAMPLE PURPOSES ONLY!!--><fake-person id="003-56-4253" xmlns="http://www.marklogic.com/random/fake-people"><gender>male</gender><first-name>Joseph</first-name><middle-initial>F</middle-initial><last-name>Mccoy</last-name><address>4036 Elliott Street</address><city>Manchester</city><state>NH</state><zipcode>03103</zipcode><country>US</country><email>Joseph.F.Mccoy@pookmail.com</email><telephone>603-614-8819</telephone><birthday>10/13/1957</birthday><domain>AirEnhancer.com</domain><occupation>Mineralogist</occupation><blood-type>O+</blood-type><pounds>141.2</pounds><kilograms>64.2</kilograms><feet-inches>5' 7&quot;</feet-inches><centimeters>171</centimeters><country>US</country><password>ohKah7ooK</password><credit-card-type>MasterCard</credit-card-type><credit-card-number>5105836367905163</credit-card-number><cvv2>085</cvv2><credit-card-expiration>7/2013</credit-card-expiration></fake-person><!--THIS DATA IS FAKE AND IS NOT REAL!!  FOR EXAMPLE PURPOSES ONLY!!-->