<?xml version="1.0" ?><!--THIS DATA IS FAKE AND IS NOT REAL!!  FOR EXAMPLE PURPOSES ONLY!!--><fake-person id="003-26-2066" xmlns="http://www.marklogic.com/random/fake-people"><gender>male</gender><first-name>Richard</first-name><middle-initial>R</middle-initial><last-name>Woodard</last-name><address>3896 Grasselli Street</address><city>Manchester</city><state>NH</state><zipcode>03103</zipcode><country>US</country><email>Richard.R.Woodard@dodgit.com</email><telephone>603-499-3783</telephone><birthday>4/10/1956</birthday><domain>DinnerCalendars.com</domain><occupation>Assembler</occupation><blood-type>O+</blood-type><pounds>229.9</pounds><kilograms>104.5</kilograms><feet-inches>5' 9&quot;</feet-inches><centimeters>176</centimeters><country>US</country><password>Oaliagh1iz</password><credit-card-type>MasterCard</credit-card-type><credit-card-number>5257312100995057</credit-card-number><cvv2>260</cvv2><credit-card-expiration>6/2015</credit-card-expiration></fake-person><!--THIS DATA IS FAKE AND IS NOT REAL!!  FOR EXAMPLE PURPOSES ONLY!!-->