<?xml version="1.0" ?><!--THIS DATA IS FAKE AND IS NOT REAL!!  FOR EXAMPLE PURPOSES ONLY!!--><fake-person id="003-03-4680" xmlns="http://www.marklogic.com/random/fake-people"><gender>female</gender><first-name>Annette</first-name><middle-initial>N</middle-initial><last-name>Lancaster</last-name><address>3030 Elliott Street</address><city>Salisbury</city><state>NH</state><zipcode>03268</zipcode><country>US</country><email>Annette.N.Lancaster@pookmail.com</email><telephone>603-648-3417</telephone><birthday>1/7/1936</birthday><domain>SeriousJournal.com</domain><occupation>Construction inspector</occupation><blood-type>B+</blood-type><pounds>124.3</pounds><kilograms>56.5</kilograms><feet-inches>5' 4&quot;</feet-inches><centimeters>163</centimeters><country>US</country><password>ooN3Iuk8othe</password><credit-card-type>MasterCard</credit-card-type><credit-card-number>5214563895191318</credit-card-number><cvv2>480</cvv2><credit-card-expiration>8/2012</credit-card-expiration></fake-person><!--THIS DATA IS FAKE AND IS NOT REAL!!  FOR EXAMPLE PURPOSES ONLY!!-->