<?xml version="1.0" ?><!--THIS DATA IS FAKE AND IS NOT REAL!!  FOR EXAMPLE PURPOSES ONLY!!--><fake-person id="003-56-9288" xmlns="http://www.marklogic.com/random/fake-people"><gender>male</gender><first-name>Joe</first-name><middle-initial>E</middle-initial><last-name>Johnston</last-name><address>80 Peck Street</address><city>Bethlehem</city><state>NH</state><zipcode>03574</zipcode><country>US</country><email>Joe.E.Johnston@mailinator.com</email><telephone>603-869-0324</telephone><birthday>4/9/1973</birthday><domain>VintageDVDs.com</domain><occupation>Mail processing machine operator</occupation><blood-type>A+</blood-type><pounds>209.9</pounds><kilograms>95.4</kilograms><feet-inches>5' 9&quot;</feet-inches><centimeters>174</centimeters><country>US</country><password>iPhoo4thae</password><credit-card-type>Visa</credit-card-type><credit-card-number>4929842055690130</credit-card-number><cvv2>420</cvv2><credit-card-expiration>10/2012</credit-card-expiration></fake-person><!--THIS DATA IS FAKE AND IS NOT REAL!!  FOR EXAMPLE PURPOSES ONLY!!-->