<?xml version="1.0" ?><!--THIS DATA IS FAKE AND IS NOT REAL!!  FOR EXAMPLE PURPOSES ONLY!!--><fake-person id="003-80-8324" xmlns="http://www.marklogic.com/random/fake-people"><gender>male</gender><first-name>Daniel</first-name><middle-initial>J</middle-initial><last-name>Edwards</last-name><address>2426 Peck Street</address><city>Manchester</city><state>NH</state><zipcode>03103</zipcode><country>US</country><email>Daniel.J.Edwards@pookmail.com</email><telephone>603-819-8611</telephone><birthday>1/3/1990</birthday><domain>CustomGameTable.com</domain><occupation>Physical therapist</occupation><blood-type>A+</blood-type><pounds>155.3</pounds><kilograms>70.6</kilograms><feet-inches>5' 7&quot;</feet-inches><centimeters>170</centimeters><country>US</country><password>eit9uSo5</password><credit-card-type>Visa</credit-card-type><credit-card-number>4916151173769759</credit-card-number><cvv2>682</cvv2><credit-card-expiration>6/2013</credit-card-expiration></fake-person><!--THIS DATA IS FAKE AND IS NOT REAL!!  FOR EXAMPLE PURPOSES ONLY!!-->