<?xml version="1.0" ?><!--THIS DATA IS FAKE AND IS NOT REAL!!  FOR EXAMPLE PURPOSES ONLY!!--><fake-person id="003-09-0635" xmlns="http://www.marklogic.com/random/fake-people"><gender>male</gender><first-name>Donald</first-name><middle-initial>A</middle-initial><last-name>Post</last-name><address>3930 Grasselli Street</address><city>New Boston</city><state>NH</state><zipcode>03070</zipcode><country>US</country><email>Donald.A.Post@spambob.com</email><telephone>603-487-7208</telephone><birthday>4/8/1945</birthday><domain>CoalExpert.com</domain><occupation>Title examiner</occupation><blood-type>O-</blood-type><pounds>211.6</pounds><kilograms>96.2</kilograms><feet-inches>5' 10&quot;</feet-inches><centimeters>179</centimeters><country>US</country><password>vow7ubahV</password><credit-card-type>MasterCard</credit-card-type><credit-card-number>5121579409498637</credit-card-number><cvv2>689</cvv2><credit-card-expiration>6/2014</credit-card-expiration></fake-person><!--THIS DATA IS FAKE AND IS NOT REAL!!  FOR EXAMPLE PURPOSES ONLY!!-->