<?xml version="1.0" ?><!--THIS DATA IS FAKE AND IS NOT REAL!!  FOR EXAMPLE PURPOSES ONLY!!--><fake-person id="003-01-1467" xmlns="http://www.marklogic.com/random/fake-people"><gender>male</gender><first-name>William</first-name><middle-initial>Y</middle-initial><last-name>Favorite</last-name><address>1435 Shearwood Forest Drive</address><city>Center Barnstead</city><state>NH</state><zipcode>03225</zipcode><country>US</country><email>William.Y.Favorite@mailinator.com</email><telephone>603-269-0898</telephone><birthday>8/6/1956</birthday><domain>RoofingSpecials.com</domain><occupation>Personal care aide</occupation><blood-type>O+</blood-type><pounds>191.4</pounds><kilograms>87</kilograms><feet-inches>5' 8&quot;</feet-inches><centimeters>173</centimeters><country>US</country><password>neil7Tohz</password><credit-card-type>MasterCard</credit-card-type><credit-card-number>5113323630916574</credit-card-number><cvv2>691</cvv2><credit-card-expiration>10/2011</credit-card-expiration></fake-person><!--THIS DATA IS FAKE AND IS NOT REAL!!  FOR EXAMPLE PURPOSES ONLY!!-->