<?xml version="1.0" ?><!--THIS DATA IS FAKE AND IS NOT REAL!!  FOR EXAMPLE PURPOSES ONLY!!--><fake-person id="003-62-5219" xmlns="http://www.marklogic.com/random/fake-people"><gender>female</gender><first-name>Margaret</first-name><middle-initial>M</middle-initial><last-name>Enciso</last-name><address>3231 Shearwood Forest Drive</address><city>Manchester</city><state>NH</state><zipcode>03109</zipcode><country>US</country><email>Margaret.M.Enciso@pookmail.com</email><telephone>603-343-6413</telephone><birthday>2/19/1991</birthday><domain>ImportantApps.com</domain><occupation>Optical mechanic</occupation><blood-type>A+</blood-type><pounds>168.5</pounds><kilograms>76.6</kilograms><feet-inches>5' 9&quot;</feet-inches><centimeters>175</centimeters><country>US</country><password>Se9loofah</password><credit-card-type>Visa</credit-card-type><credit-card-number>4716970014660873</credit-card-number><cvv2>156</cvv2><credit-card-expiration>2/2011</credit-card-expiration></fake-person><!--THIS DATA IS FAKE AND IS NOT REAL!!  FOR EXAMPLE PURPOSES ONLY!!-->