<?xml version="1.0" ?><!--THIS DATA IS FAKE AND IS NOT REAL!!  FOR EXAMPLE PURPOSES ONLY!!--><fake-person id="003-62-0396" xmlns="http://www.marklogic.com/random/fake-people"><gender>male</gender><first-name>William</first-name><middle-initial>D</middle-initial><last-name>Turner</last-name><address>959 Grasselli Street</address><city>Moultonboro</city><state>NH</state><zipcode>03254</zipcode><country>US</country><email>William.D.Turner@dodgit.com</email><telephone>603-476-0374</telephone><birthday>7/3/1965</birthday><domain>SelfBattery.com</domain><occupation>Motion picture camera operator</occupation><blood-type>A+</blood-type><pounds>203.5</pounds><kilograms>92.5</kilograms><feet-inches>5' 7&quot;</feet-inches><centimeters>170</centimeters><country>US</country><password>Zo0Shie2ia</password><credit-card-type>MasterCard</credit-card-type><credit-card-number>5219163783991575</credit-card-number><cvv2>480</cvv2><credit-card-expiration>5/2015</credit-card-expiration></fake-person><!--THIS DATA IS FAKE AND IS NOT REAL!!  FOR EXAMPLE PURPOSES ONLY!!-->