<?xml version="1.0" ?><!--THIS DATA IS FAKE AND IS NOT REAL!!  FOR EXAMPLE PURPOSES ONLY!!--><fake-person id="004-92-6284" xmlns="http://www.marklogic.com/random/fake-people"><gender>female</gender><first-name>Sabrina</first-name><middle-initial>J</middle-initial><last-name>Shephard</last-name><address>2938 Victoria Court</address><city>Fort Fairfield</city><state>ME</state><zipcode>04742</zipcode><country>US</country><email>Sabrina.J.Shephard@pookmail.com</email><telephone>207-476-1417</telephone><birthday>1/14/1949</birthday><domain>LunchRewards.com</domain><occupation>Production assistant</occupation><blood-type>O+</blood-type><pounds>173.8</pounds><kilograms>79</kilograms><feet-inches>5' 3&quot;</feet-inches><centimeters>160</centimeters><country>US</country><password>enuuFou7</password><credit-card-type>MasterCard</credit-card-type><credit-card-number>5541353752939098</credit-card-number><cvv2>090</cvv2><credit-card-expiration>5/2012</credit-card-expiration></fake-person><!--THIS DATA IS FAKE AND IS NOT REAL!!  FOR EXAMPLE PURPOSES ONLY!!-->