<?xml version="1.0" ?><!--THIS DATA IS FAKE AND IS NOT REAL!!  FOR EXAMPLE PURPOSES ONLY!!--><fake-person id="004-03-8705" xmlns="http://www.marklogic.com/random/fake-people"><gender>male</gender><first-name>Brent</first-name><middle-initial>D</middle-initial><last-name>Lopez</last-name><address>1389 Victoria Court</address><city>Albion</city><state>ME</state><zipcode>04910</zipcode><country>US</country><email>Brent.D.Lopez@spambob.com</email><telephone>207-437-8967</telephone><birthday>2/24/1967</birthday><domain>YouInsane.com</domain><occupation>Prosthetist</occupation><blood-type>B+</blood-type><pounds>229.7</pounds><kilograms>104.4</kilograms><feet-inches>5' 10&quot;</feet-inches><centimeters>177</centimeters><country>US</country><password>go7Oingi</password><credit-card-type>MasterCard</credit-card-type><credit-card-number>5118963631330591</credit-card-number><cvv2>256</cvv2><credit-card-expiration>10/2014</credit-card-expiration></fake-person><!--THIS DATA IS FAKE AND IS NOT REAL!!  FOR EXAMPLE PURPOSES ONLY!!-->