<?xml version="1.0" ?><!--THIS DATA IS FAKE AND IS NOT REAL!!  FOR EXAMPLE PURPOSES ONLY!!--><fake-person id="004-04-7435" xmlns="http://www.marklogic.com/random/fake-people"><gender>male</gender><first-name>Tom</first-name><middle-initial>L</middle-initial><last-name>Beecher</last-name><address>758 Bloomfield Way</address><city>Embden Lake</city><state>ME</state><zipcode>04958</zipcode><country>US</country><email>Tom.L.Beecher@dodgit.com</email><telephone>207-566-8021</telephone><birthday>1/22/1985</birthday><domain>NeedDough.com</domain><occupation>Civil engineer</occupation><blood-type>B+</blood-type><pounds>235.8</pounds><kilograms>107.2</kilograms><feet-inches>5' 9&quot;</feet-inches><centimeters>174</centimeters><country>US</country><password>oinong1Tha7</password><credit-card-type>MasterCard</credit-card-type><credit-card-number>5287817714767647</credit-card-number><cvv2>814</cvv2><credit-card-expiration>8/2013</credit-card-expiration></fake-person><!--THIS DATA IS FAKE AND IS NOT REAL!!  FOR EXAMPLE PURPOSES ONLY!!-->