<?xml version="1.0" ?><!--THIS DATA IS FAKE AND IS NOT REAL!!  FOR EXAMPLE PURPOSES ONLY!!--><fake-person id="004-04-1596" xmlns="http://www.marklogic.com/random/fake-people"><gender>female</gender><first-name>Georgia</first-name><middle-initial>L</middle-initial><last-name>Helms</last-name><address>1094 Retreat Avenue</address><city>Portland</city><state>ME</state><zipcode>04101</zipcode><country>US</country><email>Georgia.L.Helms@pookmail.com</email><telephone>207-289-6626</telephone><birthday>3/20/1987</birthday><domain>MaternityExpo.com</domain><occupation>News vendor</occupation><blood-type>A+</blood-type><pounds>128.9</pounds><kilograms>58.6</kilograms><feet-inches>5' 9&quot;</feet-inches><centimeters>174</centimeters><country>US</country><password>Ixaifa4koor</password><credit-card-type>MasterCard</credit-card-type><credit-card-number>5509016699788775</credit-card-number><cvv2>465</cvv2><credit-card-expiration>6/2012</credit-card-expiration></fake-person><!--THIS DATA IS FAKE AND IS NOT REAL!!  FOR EXAMPLE PURPOSES ONLY!!-->