<?xml version="1.0" ?><!--THIS DATA IS FAKE AND IS NOT REAL!!  FOR EXAMPLE PURPOSES ONLY!!--><fake-person id="004-07-1908" xmlns="http://www.marklogic.com/random/fake-people"><gender>male</gender><first-name>Anthony</first-name><middle-initial>D</middle-initial><last-name>Dahlquist</last-name><address>1905 Upton Avenue</address><city>Waterville</city><state>ME</state><zipcode>04901</zipcode><country>US</country><email>Anthony.D.Dahlquist@spambob.com</email><telephone>207-873-4623</telephone><birthday>4/12/1953</birthday><domain>OmahaDryCleaner.com</domain><occupation>Library binding worker</occupation><blood-type>AB+</blood-type><pounds>188.8</pounds><kilograms>85.8</kilograms><feet-inches>5' 9&quot;</feet-inches><centimeters>176</centimeters><country>US</country><password>ixizie3reQu</password><credit-card-type>Visa</credit-card-type><credit-card-number>4539152100568626</credit-card-number><cvv2>851</cvv2><credit-card-expiration>4/2015</credit-card-expiration></fake-person><!--THIS DATA IS FAKE AND IS NOT REAL!!  FOR EXAMPLE PURPOSES ONLY!!-->