<?xml version="1.0" ?><!--THIS DATA IS FAKE AND IS NOT REAL!!  FOR EXAMPLE PURPOSES ONLY!!--><fake-person id="004-20-0779" xmlns="http://www.marklogic.com/random/fake-people"><gender>male</gender><first-name>Vernon</first-name><middle-initial>J</middle-initial><last-name>Phillips</last-name><address>653 Bloomfield Way</address><city>Limington</city><state>ME</state><zipcode>04049</zipcode><country>US</country><email>Vernon.J.Phillips@mailinator.com</email><telephone>207-637-7818</telephone><birthday>3/11/1962</birthday><domain>IncomePoints.com</domain><occupation>Automotive service technician</occupation><blood-type>A+</blood-type><pounds>181.1</pounds><kilograms>82.3</kilograms><feet-inches>5' 6&quot;</feet-inches><centimeters>167</centimeters><country>US</country><password>Xo6zaey2</password><credit-card-type>Visa</credit-card-type><credit-card-number>4539501589486793</credit-card-number><cvv2>882</cvv2><credit-card-expiration>12/2013</credit-card-expiration></fake-person><!--THIS DATA IS FAKE AND IS NOT REAL!!  FOR EXAMPLE PURPOSES ONLY!!-->