<?xml version="1.0" ?><!--THIS DATA IS FAKE AND IS NOT REAL!!  FOR EXAMPLE PURPOSES ONLY!!--><fake-person id="004-04-1486" xmlns="http://www.marklogic.com/random/fake-people"><gender>male</gender><first-name>Charles</first-name><middle-initial>M</middle-initial><last-name>Beery</last-name><address>3373 Bloomfield Way</address><city>Standish</city><state>ME</state><zipcode>04084</zipcode><country>US</country><email>Charles.M.Beery@spambob.com</email><telephone>207-648-9959</telephone><birthday>1/7/1938</birthday><domain>DiplomatWeb.com</domain><occupation>Foot doctor</occupation><blood-type>A+</blood-type><pounds>196.5</pounds><kilograms>89.3</kilograms><feet-inches>5' 9&quot;</feet-inches><centimeters>174</centimeters><country>US</country><password>feeP6eesh</password><credit-card-type>MasterCard</credit-card-type><credit-card-number>5229634750733271</credit-card-number><cvv2>964</cvv2><credit-card-expiration>3/2015</credit-card-expiration></fake-person><!--THIS DATA IS FAKE AND IS NOT REAL!!  FOR EXAMPLE PURPOSES ONLY!!-->