<?xml version="1.0" ?><!--THIS DATA IS FAKE AND IS NOT REAL!!  FOR EXAMPLE PURPOSES ONLY!!--><fake-person id="004-07-0334" xmlns="http://www.marklogic.com/random/fake-people"><gender>male</gender><first-name>Wayne</first-name><middle-initial>L</middle-initial><last-name>Lee</last-name><address>51 Upton Avenue</address><city>Belfast</city><state>ME</state><zipcode>04915</zipcode><country>US</country><email>Wayne.L.Lee@pookmail.com</email><telephone>207-930-9003</telephone><birthday>7/23/1929</birthday><domain>SocialChronicle.com</domain><occupation>Rigging slinger</occupation><blood-type>O+</blood-type><pounds>159.7</pounds><kilograms>72.6</kilograms><feet-inches>5' 5&quot;</feet-inches><centimeters>164</centimeters><country>US</country><password>Aimai0fooc</password><credit-card-type>MasterCard</credit-card-type><credit-card-number>5120318339947434</credit-card-number><cvv2>772</cvv2><credit-card-expiration>7/2012</credit-card-expiration></fake-person><!--THIS DATA IS FAKE AND IS NOT REAL!!  FOR EXAMPLE PURPOSES ONLY!!-->