<?xml version="1.0" ?><!--THIS DATA IS FAKE AND IS NOT REAL!!  FOR EXAMPLE PURPOSES ONLY!!--><fake-person id="004-02-1956" xmlns="http://www.marklogic.com/random/fake-people"><gender>female</gender><first-name>Cindy</first-name><middle-initial>H</middle-initial><last-name>Morrison</last-name><address>2353 Chipmunk Lane</address><city>Turner</city><state>ME</state><zipcode>04282</zipcode><country>US</country><email>Cindy.H.Morrison@dodgit.com</email><telephone>207-225-4841</telephone><birthday>1/21/1949</birthday><domain>BulkEnvelope.com</domain><occupation>Geriatric aide</occupation><blood-type>A+</blood-type><pounds>217.1</pounds><kilograms>98.7</kilograms><feet-inches>5' 7&quot;</feet-inches><centimeters>171</centimeters><country>US</country><password>eefoo9Iele</password><credit-card-type>MasterCard</credit-card-type><credit-card-number>5514087942109021</credit-card-number><cvv2>991</cvv2><credit-card-expiration>11/2013</credit-card-expiration></fake-person><!--THIS DATA IS FAKE AND IS NOT REAL!!  FOR EXAMPLE PURPOSES ONLY!!-->