<?xml version="1.0" ?><!--THIS DATA IS FAKE AND IS NOT REAL!!  FOR EXAMPLE PURPOSES ONLY!!--><fake-person id="004-09-2459" xmlns="http://www.marklogic.com/random/fake-people"><gender>female</gender><first-name>Sharon</first-name><middle-initial>T</middle-initial><last-name>Mckinney</last-name><address>1891 Victoria Court</address><city>Portsmouth</city><state>ME</state><zipcode>03801</zipcode><country>US</country><email>Sharon.T.Mckinney@spambob.com</email><telephone>207-475-3466</telephone><birthday>7/2/1973</birthday><domain>VintageMaternity.com</domain><occupation>Registered dietitian</occupation><blood-type>O+</blood-type><pounds>126.1</pounds><kilograms>57.3</kilograms><feet-inches>5' 2&quot;</feet-inches><centimeters>158</centimeters><country>US</country><password>naipeiLie3</password><credit-card-type>Visa</credit-card-type><credit-card-number>4485153007789715</credit-card-number><cvv2>310</cvv2><credit-card-expiration>4/2015</credit-card-expiration></fake-person><!--THIS DATA IS FAKE AND IS NOT REAL!!  FOR EXAMPLE PURPOSES ONLY!!-->