<?xml version="1.0" ?><!--THIS DATA IS FAKE AND IS NOT REAL!!  FOR EXAMPLE PURPOSES ONLY!!--><fake-person id="004-80-5904" xmlns="http://www.marklogic.com/random/fake-people"><gender>female</gender><first-name>Angela</first-name><middle-initial>R</middle-initial><last-name>Nalls</last-name><address>3340 Chipmunk Lane</address><city>Camden</city><state>ME</state><zipcode>04843</zipcode><country>US</country><email>Angela.R.Nalls@pookmail.com</email><telephone>207-230-1299</telephone><birthday>9/2/1940</birthday><domain>VFederal.com</domain><occupation>Urban planner</occupation><blood-type>B+</blood-type><pounds>221.5</pounds><kilograms>100.7</kilograms><feet-inches>5' 0&quot;</feet-inches><centimeters>152</centimeters><country>US</country><password>ciyooY2aevu</password><credit-card-type>MasterCard</credit-card-type><credit-card-number>5335915562464200</credit-card-number><cvv2>786</cvv2><credit-card-expiration>5/2014</credit-card-expiration></fake-person><!--THIS DATA IS FAKE AND IS NOT REAL!!  FOR EXAMPLE PURPOSES ONLY!!-->