<?xml version="1.0" ?><!--THIS DATA IS FAKE AND IS NOT REAL!!  FOR EXAMPLE PURPOSES ONLY!!--><fake-person id="004-96-4855" xmlns="http://www.marklogic.com/random/fake-people"><gender>male</gender><first-name>Joel</first-name><middle-initial>P</middle-initial><last-name>Thomas</last-name><address>1993 Victoria Court</address><city>Portsmouth</city><state>ME</state><zipcode>03801</zipcode><country>US</country><email>Joel.P.Thomas@spambob.com</email><telephone>207-438-0158</telephone><birthday>5/20/1982</birthday><domain>RoofingBuilder.com</domain><occupation>Upholsterer</occupation><blood-type>O+</blood-type><pounds>225.3</pounds><kilograms>102.4</kilograms><feet-inches>5' 9&quot;</feet-inches><centimeters>175</centimeters><country>US</country><password>ohba2Mae9oKoo</password><credit-card-type>Visa</credit-card-type><credit-card-number>4532015537721208</credit-card-number><cvv2>531</cvv2><credit-card-expiration>2/2015</credit-card-expiration></fake-person><!--THIS DATA IS FAKE AND IS NOT REAL!!  FOR EXAMPLE PURPOSES ONLY!!-->