<?xml version="1.0" ?><!--THIS DATA IS FAKE AND IS NOT REAL!!  FOR EXAMPLE PURPOSES ONLY!!--><fake-person id="004-80-1611" xmlns="http://www.marklogic.com/random/fake-people"><gender>male</gender><first-name>David</first-name><middle-initial>A</middle-initial><last-name>Barnes</last-name><address>1906 Upton Avenue</address><city>Livermore Falls</city><state>ME</state><zipcode>04254</zipcode><country>US</country><email>David.A.Barnes@spambob.com</email><telephone>207-897-1869</telephone><birthday>7/23/1946</birthday><domain>CyberSaga.com</domain><occupation>Prepress technician</occupation><blood-type>O+</blood-type><pounds>201.3</pounds><kilograms>91.5</kilograms><feet-inches>6' 0&quot;</feet-inches><centimeters>184</centimeters><country>US</country><password>de2Ohcoh3</password><credit-card-type>Visa</credit-card-type><credit-card-number>4716962537012120</credit-card-number><cvv2>200</cvv2><credit-card-expiration>10/2013</credit-card-expiration></fake-person><!--THIS DATA IS FAKE AND IS NOT REAL!!  FOR EXAMPLE PURPOSES ONLY!!-->