<?xml version="1.0" ?><!--THIS DATA IS FAKE AND IS NOT REAL!!  FOR EXAMPLE PURPOSES ONLY!!--><fake-person id="004-18-1894" xmlns="http://www.marklogic.com/random/fake-people"><gender>female</gender><first-name>Michele</first-name><middle-initial>D</middle-initial><last-name>Sellers</last-name><address>3374 Victoria Court</address><city>Kennebunk</city><state>ME</state><zipcode>04043</zipcode><country>US</country><email>Michele.D.Sellers@mailinator.com</email><telephone>207-467-3039</telephone><birthday>6/8/1927</birthday><domain>BasketballCourses.com</domain><occupation>Forensic accountant</occupation><blood-type>AB+</blood-type><pounds>206.8</pounds><kilograms>94</kilograms><feet-inches>5' 5&quot;</feet-inches><centimeters>164</centimeters><country>US</country><password>Eg1meipho</password><credit-card-type>Visa</credit-card-type><credit-card-number>4532958818814590</credit-card-number><cvv2>946</cvv2><credit-card-expiration>6/2012</credit-card-expiration></fake-person><!--THIS DATA IS FAKE AND IS NOT REAL!!  FOR EXAMPLE PURPOSES ONLY!!-->