<?xml version="1.0" ?><!--THIS DATA IS FAKE AND IS NOT REAL!!  FOR EXAMPLE PURPOSES ONLY!!--><fake-person id="004-09-4327" xmlns="http://www.marklogic.com/random/fake-people"><gender>female</gender><first-name>Belen</first-name><middle-initial>A</middle-initial><last-name>Young</last-name><address>29 Chipmunk Lane</address><city>Lewiston</city><state>ME</state><zipcode>04240</zipcode><country>US</country><email>Belen.A.Young@dodgit.com</email><telephone>207-786-9149</telephone><birthday>3/20/1950</birthday><domain>SellLofts.com</domain><occupation>Personnel consultant</occupation><blood-type>O+</blood-type><pounds>188.8</pounds><kilograms>85.8</kilograms><feet-inches>5' 2&quot;</feet-inches><centimeters>157</centimeters><country>US</country><password>ieghieFoh8u</password><credit-card-type>MasterCard</credit-card-type><credit-card-number>5161471385600686</credit-card-number><cvv2>990</cvv2><credit-card-expiration>10/2012</credit-card-expiration></fake-person><!--THIS DATA IS FAKE AND IS NOT REAL!!  FOR EXAMPLE PURPOSES ONLY!!-->