<?xml version="1.0" ?><!--THIS DATA IS FAKE AND IS NOT REAL!!  FOR EXAMPLE PURPOSES ONLY!!--><fake-person id="004-22-1417" xmlns="http://www.marklogic.com/random/fake-people"><gender>female</gender><first-name>Marina</first-name><middle-initial>J</middle-initial><last-name>Barraza</last-name><address>1766 Victoria Court</address><city>South Portland</city><state>ME</state><zipcode>04106</zipcode><country>US</country><email>Marina.J.Barraza@pookmail.com</email><telephone>207-471-9511</telephone><birthday>10/19/1929</birthday><domain>LemonLoan.com</domain><occupation>Food science technician</occupation><blood-type>O+</blood-type><pounds>202.4</pounds><kilograms>92</kilograms><feet-inches>5' 3&quot;</feet-inches><centimeters>161</centimeters><country>US</country><password>is7osaGip7</password><credit-card-type>Visa</credit-card-type><credit-card-number>4532024654461960</credit-card-number><cvv2>546</cvv2><credit-card-expiration>10/2011</credit-card-expiration></fake-person><!--THIS DATA IS FAKE AND IS NOT REAL!!  FOR EXAMPLE PURPOSES ONLY!!-->