<?xml version="1.0" ?><!--THIS DATA IS FAKE AND IS NOT REAL!!  FOR EXAMPLE PURPOSES ONLY!!--><fake-person id="004-70-2281" xmlns="http://www.marklogic.com/random/fake-people"><gender>female</gender><first-name>Anita</first-name><middle-initial>M</middle-initial><last-name>Vasquez</last-name><address>978 Bloomfield Way</address><city>Embden Lake</city><state>ME</state><zipcode>04958</zipcode><country>US</country><email>Anita.M.Vasquez@mailinator.com</email><telephone>207-566-7050</telephone><birthday>1/7/1931</birthday><domain>GenerationCredit.com</domain><occupation>Chiropractor</occupation><blood-type>B+</blood-type><pounds>218</pounds><kilograms>99.1</kilograms><feet-inches>5' 3&quot;</feet-inches><centimeters>159</centimeters><country>US</country><password>gaiy8AsahMee</password><credit-card-type>MasterCard</credit-card-type><credit-card-number>5122130305113034</credit-card-number><cvv2>080</cvv2><credit-card-expiration>8/2011</credit-card-expiration></fake-person><!--THIS DATA IS FAKE AND IS NOT REAL!!  FOR EXAMPLE PURPOSES ONLY!!-->