<?xml version="1.0" ?><!--THIS DATA IS FAKE AND IS NOT REAL!!  FOR EXAMPLE PURPOSES ONLY!!--><fake-person id="004-22-4370" xmlns="http://www.marklogic.com/random/fake-people"><gender>female</gender><first-name>Lou</first-name><middle-initial>J</middle-initial><last-name>Dixon</last-name><address>995 Chipmunk Lane</address><city>Bangor</city><state>ME</state><zipcode>04401</zipcode><country>US</country><email>Lou.J.Dixon@pookmail.com</email><telephone>207-279-2246</telephone><birthday>5/18/1951</birthday><domain>Eatville.com</domain><occupation>Directory assistance operator</occupation><blood-type>O+</blood-type><pounds>114.4</pounds><kilograms>52</kilograms><feet-inches>5' 3&quot;</feet-inches><centimeters>159</centimeters><country>US</country><password>ti9eeF4ath</password><credit-card-type>MasterCard</credit-card-type><credit-card-number>5134711929331130</credit-card-number><cvv2>253</cvv2><credit-card-expiration>5/2011</credit-card-expiration></fake-person><!--THIS DATA IS FAKE AND IS NOT REAL!!  FOR EXAMPLE PURPOSES ONLY!!-->