<?xml version="1.0" ?><!--THIS DATA IS FAKE AND IS NOT REAL!!  FOR EXAMPLE PURPOSES ONLY!!--><fake-person id="004-12-1931" xmlns="http://www.marklogic.com/random/fake-people"><gender>male</gender><first-name>Kenneth</first-name><middle-initial>N</middle-initial><last-name>Thayer</last-name><address>768 Upton Avenue</address><city>Scarborough</city><state>ME</state><zipcode>04074</zipcode><country>US</country><email>Kenneth.N.Thayer@spambob.com</email><telephone>207-885-1115</telephone><birthday>8/9/1986</birthday><domain>TrustedCleaners.com</domain><occupation>Pesticide vegetation</occupation><blood-type>AB+</blood-type><pounds>140.6</pounds><kilograms>63.9</kilograms><feet-inches>6' 3&quot;</feet-inches><centimeters>190</centimeters><country>US</country><password>keep2Eeb1Ch</password><credit-card-type>Visa</credit-card-type><credit-card-number>4929963385942122</credit-card-number><cvv2>322</cvv2><credit-card-expiration>11/2012</credit-card-expiration></fake-person><!--THIS DATA IS FAKE AND IS NOT REAL!!  FOR EXAMPLE PURPOSES ONLY!!-->