<?xml version="1.0" ?><!--THIS DATA IS FAKE AND IS NOT REAL!!  FOR EXAMPLE PURPOSES ONLY!!--><fake-person id="004-86-7209" xmlns="http://www.marklogic.com/random/fake-people"><gender>male</gender><first-name>Shawn</first-name><middle-initial>K</middle-initial><last-name>Barnett</last-name><address>780 Upton Avenue</address><city>Portland</city><state>ME</state><zipcode>04101</zipcode><country>US</country><email>Shawn.K.Barnett@trashymail.com</email><telephone>207-891-0803</telephone><birthday>12/5/1944</birthday><domain>TotallyAdvertising.com</domain><occupation>Radiologic technician</occupation><blood-type>A+</blood-type><pounds>210.5</pounds><kilograms>95.7</kilograms><feet-inches>5' 5&quot;</feet-inches><centimeters>165</centimeters><country>US</country><password>taiNg1oa6ei</password><credit-card-type>MasterCard</credit-card-type><credit-card-number>5575537541253477</credit-card-number><cvv2>173</cvv2><credit-card-expiration>11/2014</credit-card-expiration></fake-person><!--THIS DATA IS FAKE AND IS NOT REAL!!  FOR EXAMPLE PURPOSES ONLY!!-->