<?xml version="1.0" ?><!--THIS DATA IS FAKE AND IS NOT REAL!!  FOR EXAMPLE PURPOSES ONLY!!--><fake-person id="004-50-5113" xmlns="http://www.marklogic.com/random/fake-people"><gender>male</gender><first-name>John</first-name><middle-initial>T</middle-initial><last-name>Schell</last-name><address>1517 Fantages Way</address><city>Westbrook</city><state>ME</state><zipcode>04092</zipcode><country>US</country><email>John.T.Schell@spambob.com</email><telephone>207-749-1268</telephone><birthday>1/11/1956</birthday><domain>PopPath.com</domain><occupation>Furnace, kiln, oven, drier, and kettle operator</occupation><blood-type>O+</blood-type><pounds>140.6</pounds><kilograms>63.9</kilograms><feet-inches>6' 0&quot;</feet-inches><centimeters>182</centimeters><country>US</country><password>ielieh5Hu</password><credit-card-type>Visa</credit-card-type><credit-card-number>4532963297180521</credit-card-number><cvv2>872</cvv2><credit-card-expiration>12/2015</credit-card-expiration></fake-person><!--THIS DATA IS FAKE AND IS NOT REAL!!  FOR EXAMPLE PURPOSES ONLY!!-->