<?xml version="1.0" ?><!--THIS DATA IS FAKE AND IS NOT REAL!!  FOR EXAMPLE PURPOSES ONLY!!--><fake-person id="004-04-0352" xmlns="http://www.marklogic.com/random/fake-people"><gender>female</gender><first-name>Shirley</first-name><middle-initial>J</middle-initial><last-name>Miyamoto</last-name><address>1386 Victoria Court</address><city>Exeter</city><state>ME</state><zipcode>04435</zipcode><country>US</country><email>Shirley.J.Miyamoto@pookmail.com</email><telephone>207-379-8373</telephone><birthday>4/2/1977</birthday><domain>PoolVendor.com</domain><occupation>Stereotyper</occupation><blood-type>B+</blood-type><pounds>213.6</pounds><kilograms>97.1</kilograms><feet-inches>5' 8&quot;</feet-inches><centimeters>172</centimeters><country>US</country><password>ba7Osoheph</password><credit-card-type>MasterCard</credit-card-type><credit-card-number>5185787680488929</credit-card-number><cvv2>532</cvv2><credit-card-expiration>10/2013</credit-card-expiration></fake-person><!--THIS DATA IS FAKE AND IS NOT REAL!!  FOR EXAMPLE PURPOSES ONLY!!-->