<?xml version="1.0" ?><!--THIS DATA IS FAKE AND IS NOT REAL!!  FOR EXAMPLE PURPOSES ONLY!!--><fake-person id="004-58-2945" xmlns="http://www.marklogic.com/random/fake-people"><gender>female</gender><first-name>Shari</first-name><middle-initial>R</middle-initial><last-name>Kane</last-name><address>2968 Victoria Court</address><city>Calais</city><state>ME</state><zipcode>04619</zipcode><country>US</country><email>Shari.R.Kane@spambob.com</email><telephone>207-454-2743</telephone><birthday>1/23/1937</birthday><domain>DeluxeReservations.com</domain><occupation>Tour bus driver</occupation><blood-type>O+</blood-type><pounds>122.3</pounds><kilograms>55.6</kilograms><feet-inches>5' 1&quot;</feet-inches><centimeters>155</centimeters><country>US</country><password>oz7pheuTu</password><credit-card-type>Visa</credit-card-type><credit-card-number>4916544834204820</credit-card-number><cvv2>125</cvv2><credit-card-expiration>1/2015</credit-card-expiration></fake-person><!--THIS DATA IS FAKE AND IS NOT REAL!!  FOR EXAMPLE PURPOSES ONLY!!-->