<?xml version="1.0" ?><!--THIS DATA IS FAKE AND IS NOT REAL!!  FOR EXAMPLE PURPOSES ONLY!!--><fake-person id="004-92-5419" xmlns="http://www.marklogic.com/random/fake-people"><gender>male</gender><first-name>Don</first-name><middle-initial>K</middle-initial><last-name>Cruz</last-name><address>1332 Upton Avenue</address><city>Bangor</city><state>ME</state><zipcode>04401</zipcode><country>US</country><email>Don.K.Cruz@pookmail.com</email><telephone>207-852-7354</telephone><birthday>10/18/1932</birthday><domain>AboutHD.com</domain><occupation>Postal Service worker</occupation><blood-type>B+</blood-type><pounds>176</pounds><kilograms>80</kilograms><feet-inches>5' 4&quot;</feet-inches><centimeters>162</centimeters><country>US</country><password>Ji1eip9oo</password><credit-card-type>MasterCard</credit-card-type><credit-card-number>5430653939910886</credit-card-number><cvv2>513</cvv2><credit-card-expiration>9/2014</credit-card-expiration></fake-person><!--THIS DATA IS FAKE AND IS NOT REAL!!  FOR EXAMPLE PURPOSES ONLY!!-->