<?xml version="1.0" ?><!--THIS DATA IS FAKE AND IS NOT REAL!!  FOR EXAMPLE PURPOSES ONLY!!--><fake-person id="004-07-2699" xmlns="http://www.marklogic.com/random/fake-people"><gender>male</gender><first-name>Troy</first-name><middle-initial>K</middle-initial><last-name>Hollis</last-name><address>730 Fantages Way</address><city>Brunswick</city><state>ME</state><zipcode>04011</zipcode><country>US</country><email>Troy.K.Hollis@dodgit.com</email><telephone>207-725-1622</telephone><birthday>1/7/1975</birthday><domain>MovieConsumer.com</domain><occupation>Chemist</occupation><blood-type>A+</blood-type><pounds>170.9</pounds><kilograms>77.7</kilograms><feet-inches>5' 7&quot;</feet-inches><centimeters>171</centimeters><country>US</country><password>fuVeesh5Ni2ah</password><credit-card-type>MasterCard</credit-card-type><credit-card-number>5514850080867233</credit-card-number><cvv2>055</cvv2><credit-card-expiration>2/2015</credit-card-expiration></fake-person><!--THIS DATA IS FAKE AND IS NOT REAL!!  FOR EXAMPLE PURPOSES ONLY!!-->