<?xml version="1.0" ?><!--THIS DATA IS FAKE AND IS NOT REAL!!  FOR EXAMPLE PURPOSES ONLY!!--><fake-person id="004-68-0587" xmlns="http://www.marklogic.com/random/fake-people"><gender>female</gender><first-name>Cynthia</first-name><middle-initial>J</middle-initial><last-name>Bryson</last-name><address>4100 Bloomfield Way</address><city>So.Bristol</city><state>ME</state><zipcode>04568</zipcode><country>US</country><email>Cynthia.J.Bryson@mailinator.com</email><telephone>207-644-3052</telephone><birthday>1/14/1983</birthday><domain>GrayBuilding.com</domain><occupation>Insulation worker</occupation><blood-type>O+</blood-type><pounds>119.7</pounds><kilograms>54.4</kilograms><feet-inches>5' 4&quot;</feet-inches><centimeters>162</centimeters><country>US</country><password>phai9chie7Ch</password><credit-card-type>Visa</credit-card-type><credit-card-number>4485777397816827</credit-card-number><cvv2>152</cvv2><credit-card-expiration>10/2013</credit-card-expiration></fake-person><!--THIS DATA IS FAKE AND IS NOT REAL!!  FOR EXAMPLE PURPOSES ONLY!!-->