<?xml version="1.0" ?><!--THIS DATA IS FAKE AND IS NOT REAL!!  FOR EXAMPLE PURPOSES ONLY!!--><fake-person id="004-58-6084" xmlns="http://www.marklogic.com/random/fake-people"><gender>female</gender><first-name>Kathryn</first-name><middle-initial>R</middle-initial><last-name>Reed</last-name><address>3419 Upton Avenue</address><city>Freeport</city><state>ME</state><zipcode>04032</zipcode><country>US</country><email>Kathryn.R.Reed@spambob.com</email><telephone>207-865-8167</telephone><birthday>3/2/1982</birthday><domain>HasMorals.com</domain><occupation>Academic dean</occupation><blood-type>A-</blood-type><pounds>114</pounds><kilograms>51.8</kilograms><feet-inches>5' 6&quot;</feet-inches><centimeters>167</centimeters><country>US</country><password>Lai3bee3oo</password><credit-card-type>MasterCard</credit-card-type><credit-card-number>5318515101711219</credit-card-number><cvv2>724</cvv2><credit-card-expiration>3/2011</credit-card-expiration></fake-person><!--THIS DATA IS FAKE AND IS NOT REAL!!  FOR EXAMPLE PURPOSES ONLY!!-->