<?xml version="1.0" ?><!--THIS DATA IS FAKE AND IS NOT REAL!!  FOR EXAMPLE PURPOSES ONLY!!--><fake-person id="004-40-5667" xmlns="http://www.marklogic.com/random/fake-people"><gender>male</gender><first-name>Richard</first-name><middle-initial>L</middle-initial><last-name>Coleman</last-name><address>2849 Upton Avenue</address><city>Vinal Haven</city><state>ME</state><zipcode>04863</zipcode><country>US</country><email>Richard.L.Coleman@spambob.com</email><telephone>207-863-4923</telephone><birthday>4/17/1980</birthday><domain>SoccerAlerts.com</domain><occupation>Occupational health and safety technician</occupation><blood-type>B+</blood-type><pounds>218.5</pounds><kilograms>99.3</kilograms><feet-inches>5' 8&quot;</feet-inches><centimeters>172</centimeters><country>US</country><password>Toh8eethai</password><credit-card-type>MasterCard</credit-card-type><credit-card-number>5545173438480184</credit-card-number><cvv2>564</cvv2><credit-card-expiration>2/2014</credit-card-expiration></fake-person><!--THIS DATA IS FAKE AND IS NOT REAL!!  FOR EXAMPLE PURPOSES ONLY!!-->