<?xml version="1.0" ?><!--THIS DATA IS FAKE AND IS NOT REAL!!  FOR EXAMPLE PURPOSES ONLY!!--><fake-person id="004-12-4967" xmlns="http://www.marklogic.com/random/fake-people"><gender>male</gender><first-name>Jon</first-name><middle-initial>V</middle-initial><last-name>Moore</last-name><address>815 Bloomfield Way</address><city>Bangor</city><state>ME</state><zipcode>04401</zipcode><country>US</country><email>Jon.V.Moore@mailinator.com</email><telephone>207-659-7736</telephone><birthday>3/22/1979</birthday><domain>MaternityAdvisor.com</domain><occupation>Community health educator</occupation><blood-type>B+</blood-type><pounds>181.5</pounds><kilograms>82.5</kilograms><feet-inches>5' 8&quot;</feet-inches><centimeters>173</centimeters><country>US</country><password>jieTeif9</password><credit-card-type>Visa</credit-card-type><credit-card-number>4916721008831477</credit-card-number><cvv2>838</cvv2><credit-card-expiration>3/2013</credit-card-expiration></fake-person><!--THIS DATA IS FAKE AND IS NOT REAL!!  FOR EXAMPLE PURPOSES ONLY!!-->