<?xml version="1.0" ?><!--THIS DATA IS FAKE AND IS NOT REAL!!  FOR EXAMPLE PURPOSES ONLY!!--><fake-person id="004-20-0819" xmlns="http://www.marklogic.com/random/fake-people"><gender>male</gender><first-name>Robert</first-name><middle-initial>D</middle-initial><last-name>Wilmore</last-name><address>226 Upton Avenue</address><city>Milo</city><state>ME</state><zipcode>04463</zipcode><country>US</country><email>Robert.D.Wilmore@dodgit.com</email><telephone>207-943-6742</telephone><birthday>12/10/1964</birthday><domain>GolfPhenom.com</domain><occupation>Lather</occupation><blood-type>O+</blood-type><pounds>230.8</pounds><kilograms>104.9</kilograms><feet-inches>5' 10&quot;</feet-inches><centimeters>177</centimeters><country>US</country><password>veedaiRo6jie</password><credit-card-type>MasterCard</credit-card-type><credit-card-number>5321072692033269</credit-card-number><cvv2>646</cvv2><credit-card-expiration>2/2011</credit-card-expiration></fake-person><!--THIS DATA IS FAKE AND IS NOT REAL!!  FOR EXAMPLE PURPOSES ONLY!!-->