<?xml version="1.0" ?><!--THIS DATA IS FAKE AND IS NOT REAL!!  FOR EXAMPLE PURPOSES ONLY!!--><fake-person id="004-98-7248" xmlns="http://www.marklogic.com/random/fake-people"><gender>female</gender><first-name>Elizabeth</first-name><middle-initial>S</middle-initial><last-name>Kleiber</last-name><address>4114 Upton Avenue</address><city>Gorham</city><state>ME</state><zipcode>04038</zipcode><country>US</country><email>Elizabeth.S.Kleiber@spambob.com</email><telephone>207-839-1218</telephone><birthday>11/20/1934</birthday><domain>PokerAddress.com</domain><occupation>Employment assistant</occupation><blood-type>O-</blood-type><pounds>172.7</pounds><kilograms>78.5</kilograms><feet-inches>5' 6&quot;</feet-inches><centimeters>168</centimeters><country>US</country><password>Pa7weedeip</password><credit-card-type>MasterCard</credit-card-type><credit-card-number>5227289713418247</credit-card-number><cvv2>947</cvv2><credit-card-expiration>8/2013</credit-card-expiration></fake-person><!--THIS DATA IS FAKE AND IS NOT REAL!!  FOR EXAMPLE PURPOSES ONLY!!-->