<?xml version="1.0" ?><!--THIS DATA IS FAKE AND IS NOT REAL!!  FOR EXAMPLE PURPOSES ONLY!!--><fake-person id="004-58-6833" xmlns="http://www.marklogic.com/random/fake-people"><gender>female</gender><first-name>Janet</first-name><middle-initial>J</middle-initial><last-name>Patel</last-name><address>4403 Chipmunk Lane</address><city>Bangor</city><state>ME</state><zipcode>04401</zipcode><country>US</country><email>Janet.J.Patel@mailinator.com</email><telephone>207-231-5936</telephone><birthday>3/4/1933</birthday><domain>MediaCorporations.com</domain><occupation>Production, planning, and expediting clerk</occupation><blood-type>O+</blood-type><pounds>203.3</pounds><kilograms>92.4</kilograms><feet-inches>5' 3&quot;</feet-inches><centimeters>160</centimeters><country>US</country><password>Oos2aS0d</password><credit-card-type>MasterCard</credit-card-type><credit-card-number>5109232227430483</credit-card-number><cvv2>689</cvv2><credit-card-expiration>5/2014</credit-card-expiration></fake-person><!--THIS DATA IS FAKE AND IS NOT REAL!!  FOR EXAMPLE PURPOSES ONLY!!-->