<?xml version="1.0" ?><!--THIS DATA IS FAKE AND IS NOT REAL!!  FOR EXAMPLE PURPOSES ONLY!!--><fake-person id="004-24-2111" xmlns="http://www.marklogic.com/random/fake-people"><gender>male</gender><first-name>James</first-name><middle-initial>C</middle-initial><last-name>Fultz</last-name><address>2191 Victoria Court</address><city>Sullivan</city><state>ME</state><zipcode>04689</zipcode><country>US</country><email>James.C.Fultz@spambob.com</email><telephone>207-422-1348</telephone><birthday>12/29/1945</birthday><domain>AnywhereRewards.com</domain><occupation>Professional scout</occupation><blood-type>A+</blood-type><pounds>189.2</pounds><kilograms>86</kilograms><feet-inches>5' 11&quot;</feet-inches><centimeters>181</centimeters><country>US</country><password>gov6OujuRe</password><credit-card-type>Visa</credit-card-type><credit-card-number>4539565026839310</credit-card-number><cvv2>201</cvv2><credit-card-expiration>8/2011</credit-card-expiration></fake-person><!--THIS DATA IS FAKE AND IS NOT REAL!!  FOR EXAMPLE PURPOSES ONLY!!-->