<?xml version="1.0" ?><!--THIS DATA IS FAKE AND IS NOT REAL!!  FOR EXAMPLE PURPOSES ONLY!!--><fake-person id="004-82-7318" xmlns="http://www.marklogic.com/random/fake-people"><gender>male</gender><first-name>Jerry</first-name><middle-initial>T</middle-initial><last-name>Hubbard</last-name><address>4465 Upton Avenue</address><city>Old Orchard Beach</city><state>ME</state><zipcode>04064</zipcode><country>US</country><email>Jerry.T.Hubbard@spambob.com</email><telephone>207-934-4199</telephone><birthday>10/17/1985</birthday><domain>PopularPlayers.com</domain><occupation>Veterinarian</occupation><blood-type>A+</blood-type><pounds>128.5</pounds><kilograms>58.4</kilograms><feet-inches>5' 6&quot;</feet-inches><centimeters>168</centimeters><country>US</country><password>ahS9Gia4</password><credit-card-type>Visa</credit-card-type><credit-card-number>4539458437569819</credit-card-number><cvv2>978</cvv2><credit-card-expiration>11/2013</credit-card-expiration></fake-person><!--THIS DATA IS FAKE AND IS NOT REAL!!  FOR EXAMPLE PURPOSES ONLY!!-->