<?xml version="1.0" ?><!--THIS DATA IS FAKE AND IS NOT REAL!!  FOR EXAMPLE PURPOSES ONLY!!--><fake-person id="004-62-6004" xmlns="http://www.marklogic.com/random/fake-people"><gender>male</gender><first-name>Leonard</first-name><middle-initial>A</middle-initial><last-name>Vacca</last-name><address>215 Victoria Court</address><city>Scarborough</city><state>ME</state><zipcode>04074</zipcode><country>US</country><email>Leonard.A.Vacca@pookmail.com</email><telephone>207-396-6289</telephone><birthday>1/2/1988</birthday><domain>TripAffiliate.com</domain><occupation>Tilesetter</occupation><blood-type>A+</blood-type><pounds>189.6</pounds><kilograms>86.2</kilograms><feet-inches>5' 7&quot;</feet-inches><centimeters>169</centimeters><country>US</country><password>Eiju4sheHae</password><credit-card-type>Visa</credit-card-type><credit-card-number>4929753212032936</credit-card-number><cvv2>802</cvv2><credit-card-expiration>12/2012</credit-card-expiration></fake-person><!--THIS DATA IS FAKE AND IS NOT REAL!!  FOR EXAMPLE PURPOSES ONLY!!-->