<?xml version="1.0" ?><!--THIS DATA IS FAKE AND IS NOT REAL!!  FOR EXAMPLE PURPOSES ONLY!!--><fake-person id="004-36-3036" xmlns="http://www.marklogic.com/random/fake-people"><gender>male</gender><first-name>Kenneth</first-name><middle-initial>M</middle-initial><last-name>Russell</last-name><address>2518 Victoria Court</address><city>Milton Mills</city><state>ME</state><zipcode>03852</zipcode><country>US</country><email>Kenneth.M.Russell@trashymail.com</email><telephone>207-477-6023</telephone><birthday>1/18/1949</birthday><domain>ShowDirectories.com</domain><occupation>Podiatrist</occupation><blood-type>B+</blood-type><pounds>230.3</pounds><kilograms>104.7</kilograms><feet-inches>5' 9&quot;</feet-inches><centimeters>174</centimeters><country>US</country><password>Queec9ah</password><credit-card-type>Visa</credit-card-type><credit-card-number>4532246642791931</credit-card-number><cvv2>014</cvv2><credit-card-expiration>11/2012</credit-card-expiration></fake-person><!--THIS DATA IS FAKE AND IS NOT REAL!!  FOR EXAMPLE PURPOSES ONLY!!-->