<?xml version="1.0" ?><!--THIS DATA IS FAKE AND IS NOT REAL!!  FOR EXAMPLE PURPOSES ONLY!!--><fake-person id="004-03-9880" xmlns="http://www.marklogic.com/random/fake-people"><gender>female</gender><first-name>Marilyn</first-name><middle-initial>K</middle-initial><last-name>Ng</last-name><address>3068 Bloomfield Way</address><city>Portland</city><state>ME</state><zipcode>04101</zipcode><country>US</country><email>Marilyn.K.Ng@spambob.com</email><telephone>207-576-6503</telephone><birthday>1/20/1934</birthday><domain>LiveIncentives.com</domain><occupation>Embalmer</occupation><blood-type>O+</blood-type><pounds>236.5</pounds><kilograms>107.5</kilograms><feet-inches>5' 1&quot;</feet-inches><centimeters>156</centimeters><country>US</country><password>Fiefa5aechoo</password><credit-card-type>MasterCard</credit-card-type><credit-card-number>5565585470560349</credit-card-number><cvv2>234</cvv2><credit-card-expiration>8/2012</credit-card-expiration></fake-person><!--THIS DATA IS FAKE AND IS NOT REAL!!  FOR EXAMPLE PURPOSES ONLY!!-->