<?xml version="1.0" ?><!--THIS DATA IS FAKE AND IS NOT REAL!!  FOR EXAMPLE PURPOSES ONLY!!--><fake-person id="004-26-4768" xmlns="http://www.marklogic.com/random/fake-people"><gender>male</gender><first-name>Antonio</first-name><middle-initial>M</middle-initial><last-name>Lawson</last-name><address>4668 Upton Avenue</address><city>Westbrook</city><state>ME</state><zipcode>04092</zipcode><country>US</country><email>Antonio.M.Lawson@mailinator.com</email><telephone>207-952-4101</telephone><birthday>8/20/1956</birthday><domain>ReverseMortgageBeat.com</domain><occupation>Employment consultant</occupation><blood-type>A-</blood-type><pounds>147.6</pounds><kilograms>67.1</kilograms><feet-inches>5' 9&quot;</feet-inches><centimeters>174</centimeters><country>US</country><password>ThiPhu0e</password><credit-card-type>MasterCard</credit-card-type><credit-card-number>5436861217261674</credit-card-number><cvv2>293</cvv2><credit-card-expiration>4/2011</credit-card-expiration></fake-person><!--THIS DATA IS FAKE AND IS NOT REAL!!  FOR EXAMPLE PURPOSES ONLY!!-->