<?xml version="1.0" ?><!--THIS DATA IS FAKE AND IS NOT REAL!!  FOR EXAMPLE PURPOSES ONLY!!--><fake-person id="004-56-9838" xmlns="http://www.marklogic.com/random/fake-people"><gender>male</gender><first-name>Craig</first-name><middle-initial>H</middle-initial><last-name>Lackey</last-name><address>3788 Victoria Court</address><city>Jonesboro</city><state>ME</state><zipcode>04648</zipcode><country>US</country><email>Craig.H.Lackey@trashymail.com</email><telephone>207-434-9138</telephone><birthday>8/1/1958</birthday><domain>WikiWorm.com</domain><occupation>Tumbling barrel painter</occupation><blood-type>B+</blood-type><pounds>156.4</pounds><kilograms>71.1</kilograms><feet-inches>5' 10&quot;</feet-inches><centimeters>177</centimeters><country>US</country><password>Eazei8thiex</password><credit-card-type>MasterCard</credit-card-type><credit-card-number>5246420221456679</credit-card-number><cvv2>369</cvv2><credit-card-expiration>9/2012</credit-card-expiration></fake-person><!--THIS DATA IS FAKE AND IS NOT REAL!!  FOR EXAMPLE PURPOSES ONLY!!-->