<?xml version="1.0" ?><!--THIS DATA IS FAKE AND IS NOT REAL!!  FOR EXAMPLE PURPOSES ONLY!!--><fake-person id="004-94-7063" xmlns="http://www.marklogic.com/random/fake-people"><gender>male</gender><first-name>Tommy</first-name><middle-initial>R</middle-initial><last-name>Lewis</last-name><address>1323 Bloomfield Way</address><city>Bowdoinham</city><state>ME</state><zipcode>04008</zipcode><country>US</country><email>Tommy.R.Lewis@trashymail.com</email><telephone>207-666-8149</telephone><birthday>1/14/1939</birthday><domain>BankAgreement.com</domain><occupation>Decommissioning and decontamination (D&amp;D) worker</occupation><blood-type>O+</blood-type><pounds>179.5</pounds><kilograms>81.6</kilograms><feet-inches>5' 5&quot;</feet-inches><centimeters>166</centimeters><country>US</country><password>ma2AiPho6ai</password><credit-card-type>MasterCard</credit-card-type><credit-card-number>5281659152974392</credit-card-number><cvv2>642</cvv2><credit-card-expiration>4/2012</credit-card-expiration></fake-person><!--THIS DATA IS FAKE AND IS NOT REAL!!  FOR EXAMPLE PURPOSES ONLY!!-->