<?xml version="1.0" ?><!--THIS DATA IS FAKE AND IS NOT REAL!!  FOR EXAMPLE PURPOSES ONLY!!--><fake-person id="004-84-8558" xmlns="http://www.marklogic.com/random/fake-people"><gender>female</gender><first-name>Mary</first-name><middle-initial>I</middle-initial><last-name>Bussey</last-name><address>2877 Bloomfield Way</address><city>Solon</city><state>ME</state><zipcode>04979</zipcode><country>US</country><email>Mary.I.Bussey@pookmail.com</email><telephone>207-643-8131</telephone><birthday>12/6/1964</birthday><domain>TerrorTax.com</domain><occupation>Financial planner</occupation><blood-type>A-</blood-type><pounds>202.8</pounds><kilograms>92.2</kilograms><feet-inches>5' 0&quot;</feet-inches><centimeters>153</centimeters><country>US</country><password>ieR8aejei3ie</password><credit-card-type>Visa</credit-card-type><credit-card-number>4485217917537157</credit-card-number><cvv2>546</cvv2><credit-card-expiration>2/2015</credit-card-expiration></fake-person><!--THIS DATA IS FAKE AND IS NOT REAL!!  FOR EXAMPLE PURPOSES ONLY!!-->