<?xml version="1.0" ?><!--THIS DATA IS FAKE AND IS NOT REAL!!  FOR EXAMPLE PURPOSES ONLY!!--><fake-person id="004-66-6731" xmlns="http://www.marklogic.com/random/fake-people"><gender>female</gender><first-name>Alice</first-name><middle-initial>N</middle-initial><last-name>Mcandrew</last-name><address>3536 Bloomfield Way</address><city>Portland</city><state>ME</state><zipcode>04101</zipcode><country>US</country><email>Alice.N.Mcandrew@trashymail.com</email><telephone>207-650-9522</telephone><birthday>9/28/1987</birthday><domain>GoldenQuestions.com</domain><occupation>Loan counselor</occupation><blood-type>O+</blood-type><pounds>126.3</pounds><kilograms>57.4</kilograms><feet-inches>5' 4&quot;</feet-inches><centimeters>163</centimeters><country>US</country><password>Io2ooviex</password><credit-card-type>MasterCard</credit-card-type><credit-card-number>5356705999390480</credit-card-number><cvv2>320</cvv2><credit-card-expiration>10/2014</credit-card-expiration></fake-person><!--THIS DATA IS FAKE AND IS NOT REAL!!  FOR EXAMPLE PURPOSES ONLY!!-->