<?xml version="1.0" ?><!--THIS DATA IS FAKE AND IS NOT REAL!!  FOR EXAMPLE PURPOSES ONLY!!--><fake-person id="004-98-2368" xmlns="http://www.marklogic.com/random/fake-people"><gender>female</gender><first-name>Carolyn</first-name><middle-initial>G</middle-initial><last-name>Clegg</last-name><address>2072 Victoria Court</address><city>Portland</city><state>ME</state><zipcode>04101</zipcode><country>US</country><email>Carolyn.G.Clegg@mailinator.com</email><telephone>207-423-4816</telephone><birthday>11/15/1949</birthday><domain>GelBond.com</domain><occupation>Art director</occupation><blood-type>B+</blood-type><pounds>157.3</pounds><kilograms>71.5</kilograms><feet-inches>5' 7&quot;</feet-inches><centimeters>170</centimeters><country>US</country><password>Oor3eitee</password><credit-card-type>Visa</credit-card-type><credit-card-number>4929427624197096</credit-card-number><cvv2>685</cvv2><credit-card-expiration>5/2012</credit-card-expiration></fake-person><!--THIS DATA IS FAKE AND IS NOT REAL!!  FOR EXAMPLE PURPOSES ONLY!!-->