<?xml version="1.0" ?><!--THIS DATA IS FAKE AND IS NOT REAL!!  FOR EXAMPLE PURPOSES ONLY!!--><fake-person id="004-28-2124" xmlns="http://www.marklogic.com/random/fake-people"><gender>male</gender><first-name>Charles</first-name><middle-initial>M</middle-initial><last-name>Martin</last-name><address>2383 Bloomfield Way</address><city>Standish</city><state>ME</state><zipcode>04084</zipcode><country>US</country><email>Charles.M.Martin@trashymail.com</email><telephone>207-648-6243</telephone><birthday>2/18/1984</birthday><domain>PopCowboy.com</domain><occupation>Job service specialist</occupation><blood-type>A+</blood-type><pounds>176.2</pounds><kilograms>80.1</kilograms><feet-inches>5' 9&quot;</feet-inches><centimeters>176</centimeters><country>US</country><password>ba5iMithoh</password><credit-card-type>MasterCard</credit-card-type><credit-card-number>5268481313223461</credit-card-number><cvv2>126</cvv2><credit-card-expiration>10/2011</credit-card-expiration></fake-person><!--THIS DATA IS FAKE AND IS NOT REAL!!  FOR EXAMPLE PURPOSES ONLY!!-->