<?xml version="1.0" ?><!--THIS DATA IS FAKE AND IS NOT REAL!!  FOR EXAMPLE PURPOSES ONLY!!--><fake-person id="004-84-6926" xmlns="http://www.marklogic.com/random/fake-people"><gender>female</gender><first-name>Lillian</first-name><middle-initial>T</middle-initial><last-name>Bohm</last-name><address>53 Victoria Court</address><city>Bath</city><state>ME</state><zipcode>04530</zipcode><country>US</country><email>Lillian.T.Bohm@spambob.com</email><telephone>207-442-0246</telephone><birthday>6/5/1937</birthday><domain>DetectMesothelioma.com</domain><occupation>Videographer</occupation><blood-type>A+</blood-type><pounds>138.2</pounds><kilograms>62.8</kilograms><feet-inches>5' 1&quot;</feet-inches><centimeters>156</centimeters><country>US</country><password>HeivooMu4</password><credit-card-type>Visa</credit-card-type><credit-card-number>4716452426879706</credit-card-number><cvv2>194</cvv2><credit-card-expiration>4/2011</credit-card-expiration></fake-person><!--THIS DATA IS FAKE AND IS NOT REAL!!  FOR EXAMPLE PURPOSES ONLY!!-->