<?xml version="1.0" ?><!--THIS DATA IS FAKE AND IS NOT REAL!!  FOR EXAMPLE PURPOSES ONLY!!--><fake-person id="004-94-0705" xmlns="http://www.marklogic.com/random/fake-people"><gender>female</gender><first-name>Tammara</first-name><middle-initial>C</middle-initial><last-name>Barra</last-name><address>4736 Bloomfield Way</address><city>Wells</city><state>ME</state><zipcode>04090</zipcode><country>US</country><email>Tammara.C.Barra@trashymail.com</email><telephone>207-646-9761</telephone><birthday>4/14/1935</birthday><domain>ItCheaper.com</domain><occupation>Chiropractic physician</occupation><blood-type>AB+</blood-type><pounds>111.3</pounds><kilograms>50.6</kilograms><feet-inches>5' 1&quot;</feet-inches><centimeters>154</centimeters><country>US</country><password>yuzee4ail6H</password><credit-card-type>MasterCard</credit-card-type><credit-card-number>5405398263198200</credit-card-number><cvv2>787</cvv2><credit-card-expiration>9/2013</credit-card-expiration></fake-person><!--THIS DATA IS FAKE AND IS NOT REAL!!  FOR EXAMPLE PURPOSES ONLY!!-->