<?xml version="1.0" ?><!--THIS DATA IS FAKE AND IS NOT REAL!!  FOR EXAMPLE PURPOSES ONLY!!--><fake-person id="004-20-5334" xmlns="http://www.marklogic.com/random/fake-people"><gender>male</gender><first-name>John</first-name><middle-initial>J</middle-initial><last-name>Williams</last-name><address>3748 Upton Avenue</address><city>Freeport</city><state>ME</state><zipcode>04032</zipcode><country>US</country><email>John.J.Williams@trashymail.com</email><telephone>207-869-6832</telephone><birthday>12/1/1941</birthday><domain>WorkoutZoo.com</domain><occupation>Bench technician</occupation><blood-type>O+</blood-type><pounds>146.1</pounds><kilograms>66.4</kilograms><feet-inches>5' 6&quot;</feet-inches><centimeters>167</centimeters><country>US</country><password>feeceinahC0</password><credit-card-type>MasterCard</credit-card-type><credit-card-number>5207123835671736</credit-card-number><cvv2>512</cvv2><credit-card-expiration>6/2011</credit-card-expiration></fake-person><!--THIS DATA IS FAKE AND IS NOT REAL!!  FOR EXAMPLE PURPOSES ONLY!!-->