<?xml version="1.0" ?><!--THIS DATA IS FAKE AND IS NOT REAL!!  FOR EXAMPLE PURPOSES ONLY!!--><fake-person id="004-38-2351" xmlns="http://www.marklogic.com/random/fake-people"><gender>female</gender><first-name>Tina</first-name><middle-initial>M</middle-initial><last-name>Rodgers</last-name><address>1564 Victoria Court</address><city>Belgrade</city><state>ME</state><zipcode>04917</zipcode><country>US</country><email>Tina.M.Rodgers@trashymail.com</email><telephone>207-495-2148</telephone><birthday>8/14/1965</birthday><domain>ChannelWorm.com</domain><occupation>Geophysical prospecting surveyor</occupation><blood-type>A+</blood-type><pounds>196.9</pounds><kilograms>89.5</kilograms><feet-inches>5' 3&quot;</feet-inches><centimeters>160</centimeters><country>US</country><password>Nah5eu5ai</password><credit-card-type>MasterCard</credit-card-type><credit-card-number>5281058158112125</credit-card-number><cvv2>290</cvv2><credit-card-expiration>6/2014</credit-card-expiration></fake-person><!--THIS DATA IS FAKE AND IS NOT REAL!!  FOR EXAMPLE PURPOSES ONLY!!-->