<?xml version="1.0" ?><!--THIS DATA IS FAKE AND IS NOT REAL!!  FOR EXAMPLE PURPOSES ONLY!!--><fake-person id="004-84-5741" xmlns="http://www.marklogic.com/random/fake-people"><gender>male</gender><first-name>Harry</first-name><middle-initial>S</middle-initial><last-name>Gordon</last-name><address>1908 Chipmunk Lane</address><city>Harpswell</city><state>ME</state><zipcode>04079</zipcode><country>US</country><email>Harry.S.Gordon@dodgit.com</email><telephone>207-833-6238</telephone><birthday>1/4/1991</birthday><domain>DomainDrain.com</domain><occupation>EMT</occupation><blood-type>A+</blood-type><pounds>209.2</pounds><kilograms>95.1</kilograms><feet-inches>6' 3&quot;</feet-inches><centimeters>190</centimeters><country>US</country><password>aidoo4oiZ</password><credit-card-type>Visa</credit-card-type><credit-card-number>4532475008004122</credit-card-number><cvv2>786</cvv2><credit-card-expiration>4/2014</credit-card-expiration></fake-person><!--THIS DATA IS FAKE AND IS NOT REAL!!  FOR EXAMPLE PURPOSES ONLY!!-->