<?xml version="1.0" ?><!--THIS DATA IS FAKE AND IS NOT REAL!!  FOR EXAMPLE PURPOSES ONLY!!--><fake-person id="005-36-4141" xmlns="http://www.marklogic.com/random/fake-people"><gender>female</gender><first-name>Veronica</first-name><middle-initial>J</middle-initial><last-name>Weldy</last-name><address>3397 Victoria Court</address><city>York</city><state>ME</state><zipcode>03909</zipcode><country>US</country><email>Veronica.J.Weldy@mailinator.com</email><telephone>207-363-5784</telephone><birthday>10/28/1969</birthday><domain>ToledoInfo.com</domain><occupation>Grader operator</occupation><blood-type>O+</blood-type><pounds>165.4</pounds><kilograms>75.2</kilograms><feet-inches>5' 3&quot;</feet-inches><centimeters>160</centimeters><country>US</country><password>sahNoop7ucei</password><credit-card-type>MasterCard</credit-card-type><credit-card-number>5146248349424340</credit-card-number><cvv2>556</cvv2><credit-card-expiration>2/2011</credit-card-expiration></fake-person><!--THIS DATA IS FAKE AND IS NOT REAL!!  FOR EXAMPLE PURPOSES ONLY!!-->