<?xml version="1.0" ?><!--THIS DATA IS FAKE AND IS NOT REAL!!  FOR EXAMPLE PURPOSES ONLY!!--><fake-person id="005-62-3194" xmlns="http://www.marklogic.com/random/fake-people"><gender>female</gender><first-name>Betty</first-name><middle-initial>J</middle-initial><last-name>Andrews</last-name><address>4599 Upton Avenue</address><city>Westbrook</city><state>ME</state><zipcode>04092</zipcode><country>US</country><email>Betty.J.Andrews@pookmail.com</email><telephone>207-857-5517</telephone><birthday>10/4/1946</birthday><domain>CityBriefs.com</domain><occupation>Bodyguard</occupation><blood-type>B+</blood-type><pounds>166.3</pounds><kilograms>75.6</kilograms><feet-inches>5' 8&quot;</feet-inches><centimeters>172</centimeters><country>US</country><password>sheiY4ukeez8</password><credit-card-type>MasterCard</credit-card-type><credit-card-number>5385757109037985</credit-card-number><cvv2>093</cvv2><credit-card-expiration>3/2013</credit-card-expiration></fake-person><!--THIS DATA IS FAKE AND IS NOT REAL!!  FOR EXAMPLE PURPOSES ONLY!!-->