<?xml version="1.0" ?><!--THIS DATA IS FAKE AND IS NOT REAL!!  FOR EXAMPLE PURPOSES ONLY!!--><fake-person id="005-07-3816" xmlns="http://www.marklogic.com/random/fake-people"><gender>female</gender><first-name>Peggy</first-name><middle-initial>E</middle-initial><last-name>Worden</last-name><address>3500 Upton Avenue</address><city>Bangor</city><state>ME</state><zipcode>04401</zipcode><country>US</country><email>Peggy.E.Worden@mailinator.com</email><telephone>207-942-3660</telephone><birthday>6/10/1945</birthday><domain>SalesPond.com</domain><occupation>Library binding worker</occupation><blood-type>O+</blood-type><pounds>182.4</pounds><kilograms>82.9</kilograms><feet-inches>5' 8&quot;</feet-inches><centimeters>172</centimeters><country>US</country><password>guFe4Thoo3f</password><credit-card-type>Visa</credit-card-type><credit-card-number>4485462836283844</credit-card-number><cvv2>231</cvv2><credit-card-expiration>6/2013</credit-card-expiration></fake-person><!--THIS DATA IS FAKE AND IS NOT REAL!!  FOR EXAMPLE PURPOSES ONLY!!-->