<?xml version="1.0" ?><!--THIS DATA IS FAKE AND IS NOT REAL!!  FOR EXAMPLE PURPOSES ONLY!!--><fake-person id="005-46-4810" xmlns="http://www.marklogic.com/random/fake-people"><gender>female</gender><first-name>Mildred</first-name><middle-initial>G</middle-initial><last-name>Finch</last-name><address>420 Victoria Court</address><city>Portland</city><state>ME</state><zipcode>04101</zipcode><country>US</country><email>Mildred.G.Finch@dodgit.com</email><telephone>207-450-5799</telephone><birthday>2/3/1952</birthday><domain>FMSter.com</domain><occupation>Electrophysiologist</occupation><blood-type>B+</blood-type><pounds>148.9</pounds><kilograms>67.7</kilograms><feet-inches>5' 0&quot;</feet-inches><centimeters>153</centimeters><country>US</country><password>ei1Beil0quie</password><credit-card-type>Visa</credit-card-type><credit-card-number>4539528303136594</credit-card-number><cvv2>559</cvv2><credit-card-expiration>1/2012</credit-card-expiration></fake-person><!--THIS DATA IS FAKE AND IS NOT REAL!!  FOR EXAMPLE PURPOSES ONLY!!-->