<?xml version="1.0" ?><!--THIS DATA IS FAKE AND IS NOT REAL!!  FOR EXAMPLE PURPOSES ONLY!!--><fake-person id="005-01-4927" xmlns="http://www.marklogic.com/random/fake-people"><gender>female</gender><first-name>Kathryn</first-name><middle-initial>L</middle-initial><last-name>Black</last-name><address>4975 Victoria Court</address><city>Pittsfield</city><state>ME</state><zipcode>04967</zipcode><country>US</country><email>Kathryn.L.Black@pookmail.com</email><telephone>207-487-7608</telephone><birthday>10/23/1937</birthday><domain>GetPromotions.com</domain><occupation>Holistic nurse</occupation><blood-type>B+</blood-type><pounds>198.2</pounds><kilograms>90.1</kilograms><feet-inches>5' 7&quot;</feet-inches><centimeters>171</centimeters><country>US</country><password>aeFax1gee7</password><credit-card-type>MasterCard</credit-card-type><credit-card-number>5564612876056218</credit-card-number><cvv2>627</cvv2><credit-card-expiration>1/2013</credit-card-expiration></fake-person><!--THIS DATA IS FAKE AND IS NOT REAL!!  FOR EXAMPLE PURPOSES ONLY!!-->