<?xml version="1.0" ?><!--THIS DATA IS FAKE AND IS NOT REAL!!  FOR EXAMPLE PURPOSES ONLY!!--><fake-person id="005-82-0139" xmlns="http://www.marklogic.com/random/fake-people"><gender>female</gender><first-name>Andrea</first-name><middle-initial>G</middle-initial><last-name>Huff</last-name><address>681 Chipmunk Lane</address><city>Kingfield</city><state>ME</state><zipcode>04947</zipcode><country>US</country><email>Andrea.G.Huff@mailinator.com</email><telephone>207-237-0534</telephone><birthday>11/20/1942</birthday><domain>CreditReportCA.com</domain><occupation>Ophthalmic nurse</occupation><blood-type>O+</blood-type><pounds>205.9</pounds><kilograms>93.6</kilograms><feet-inches>5' 5&quot;</feet-inches><centimeters>164</centimeters><country>US</country><password>boafohPuiv5</password><credit-card-type>MasterCard</credit-card-type><credit-card-number>5589934525415970</credit-card-number><cvv2>159</cvv2><credit-card-expiration>12/2015</credit-card-expiration></fake-person><!--THIS DATA IS FAKE AND IS NOT REAL!!  FOR EXAMPLE PURPOSES ONLY!!-->