<?xml version="1.0" ?><!--THIS DATA IS FAKE AND IS NOT REAL!!  FOR EXAMPLE PURPOSES ONLY!!--><fake-person id="005-01-9004" xmlns="http://www.marklogic.com/random/fake-people"><gender>female</gender><first-name>Helen</first-name><middle-initial>G</middle-initial><last-name>Lee</last-name><address>2386 Upton Avenue</address><city>Hermon</city><state>ME</state><zipcode>04401</zipcode><country>US</country><email>Helen.G.Lee@trashymail.com</email><telephone>207-848-2130</telephone><birthday>5/23/1942</birthday><domain>LocalLots.com</domain><occupation>Photoengraver</occupation><blood-type>B+</blood-type><pounds>159.9</pounds><kilograms>72.7</kilograms><feet-inches>5' 5&quot;</feet-inches><centimeters>166</centimeters><country>US</country><password>Id2Phii6ph</password><credit-card-type>Visa</credit-card-type><credit-card-number>4485993642628640</credit-card-number><cvv2>547</cvv2><credit-card-expiration>2/2014</credit-card-expiration></fake-person><!--THIS DATA IS FAKE AND IS NOT REAL!!  FOR EXAMPLE PURPOSES ONLY!!-->