<?xml version="1.0" ?><!--THIS DATA IS FAKE AND IS NOT REAL!!  FOR EXAMPLE PURPOSES ONLY!!--><fake-person id="005-14-5226" xmlns="http://www.marklogic.com/random/fake-people"><gender>female</gender><first-name>Lindy</first-name><middle-initial>W</middle-initial><last-name>Harmon</last-name><address>1379 Chipmunk Lane</address><city>Brunswick</city><state>ME</state><zipcode>04011</zipcode><country>US</country><email>Lindy.W.Harmon@mailinator.com</email><telephone>207-798-8080</telephone><birthday>3/18/1945</birthday><domain>RefAwards.com</domain><occupation>Aircraft systems assembler</occupation><blood-type>B+</blood-type><pounds>175.8</pounds><kilograms>79.9</kilograms><feet-inches>5' 4&quot;</feet-inches><centimeters>162</centimeters><country>US</country><password>beebi4Thuph</password><credit-card-type>Visa</credit-card-type><credit-card-number>4556726433010022</credit-card-number><cvv2>756</cvv2><credit-card-expiration>12/2013</credit-card-expiration></fake-person><!--THIS DATA IS FAKE AND IS NOT REAL!!  FOR EXAMPLE PURPOSES ONLY!!-->