<?xml version="1.0" ?><!--THIS DATA IS FAKE AND IS NOT REAL!!  FOR EXAMPLE PURPOSES ONLY!!--><fake-person id="005-60-5931" xmlns="http://www.marklogic.com/random/fake-people"><gender>male</gender><first-name>Grant</first-name><middle-initial>L</middle-initial><last-name>Hackett</last-name><address>4396 Upton Avenue</address><city>Portland</city><state>ME</state><zipcode>04101</zipcode><country>US</country><email>Grant.L.Hackett@pookmail.com</email><telephone>207-902-0960</telephone><birthday>8/20/1976</birthday><domain>SalesFace.com</domain><occupation>Webmaster</occupation><blood-type>O+</blood-type><pounds>209.4</pounds><kilograms>95.2</kilograms><feet-inches>5' 7&quot;</feet-inches><centimeters>169</centimeters><country>US</country><password>shupea6Quei</password><credit-card-type>MasterCard</credit-card-type><credit-card-number>5271878198527079</credit-card-number><cvv2>623</cvv2><credit-card-expiration>4/2015</credit-card-expiration></fake-person><!--THIS DATA IS FAKE AND IS NOT REAL!!  FOR EXAMPLE PURPOSES ONLY!!-->