<?xml version="1.0" ?><!--THIS DATA IS FAKE AND IS NOT REAL!!  FOR EXAMPLE PURPOSES ONLY!!--><fake-person id="005-03-4500" xmlns="http://www.marklogic.com/random/fake-people"><gender>male</gender><first-name>Gregory</first-name><middle-initial>E</middle-initial><last-name>Grady</last-name><address>918 Victoria Court</address><city>Portland</city><state>ME</state><zipcode>04101</zipcode><country>US</country><email>Gregory.E.Grady@pookmail.com</email><telephone>207-400-0520</telephone><birthday>7/17/1983</birthday><domain>TattooLocations.com</domain><occupation>Forester</occupation><blood-type>O+</blood-type><pounds>206.4</pounds><kilograms>93.8</kilograms><feet-inches>5' 7&quot;</feet-inches><centimeters>171</centimeters><country>US</country><password>Eetieji8vei</password><credit-card-type>MasterCard</credit-card-type><credit-card-number>5193842881002548</credit-card-number><cvv2>940</cvv2><credit-card-expiration>3/2013</credit-card-expiration></fake-person><!--THIS DATA IS FAKE AND IS NOT REAL!!  FOR EXAMPLE PURPOSES ONLY!!-->