<?xml version="1.0" ?><!--THIS DATA IS FAKE AND IS NOT REAL!!  FOR EXAMPLE PURPOSES ONLY!!--><fake-person id="005-36-1287" xmlns="http://www.marklogic.com/random/fake-people"><gender>female</gender><first-name>Theresa</first-name><middle-initial>S</middle-initial><last-name>Oakman</last-name><address>1422 Chipmunk Lane</address><city>South Portland</city><state>ME</state><zipcode>04106</zipcode><country>US</country><email>Theresa.S.Oakman@spambob.com</email><telephone>207-264-4316</telephone><birthday>4/23/1973</birthday><domain>StageSync.com</domain><occupation>Telephone operator</occupation><blood-type>A+</blood-type><pounds>132</pounds><kilograms>60</kilograms><feet-inches>5' 9&quot;</feet-inches><centimeters>175</centimeters><country>US</country><password>deiL0od7y</password><credit-card-type>MasterCard</credit-card-type><credit-card-number>5271781343210718</credit-card-number><cvv2>845</cvv2><credit-card-expiration>11/2014</credit-card-expiration></fake-person><!--THIS DATA IS FAKE AND IS NOT REAL!!  FOR EXAMPLE PURPOSES ONLY!!-->