<?xml version="1.0" ?><!--THIS DATA IS FAKE AND IS NOT REAL!!  FOR EXAMPLE PURPOSES ONLY!!--><fake-person id="005-80-6475" xmlns="http://www.marklogic.com/random/fake-people"><gender>female</gender><first-name>Kristen</first-name><middle-initial>R</middle-initial><last-name>Adams</last-name><address>1326 Bloomfield Way</address><city>Bangor</city><state>ME</state><zipcode>04401</zipcode><country>US</country><email>Kristen.R.Adams@spambob.com</email><telephone>207-631-6232</telephone><birthday>7/19/1946</birthday><domain>CardLookup.com</domain><occupation>Public affairs specialist</occupation><blood-type>A-</blood-type><pounds>217.1</pounds><kilograms>98.7</kilograms><feet-inches>5' 3&quot;</feet-inches><centimeters>160</centimeters><country>US</country><password>niGhaev0e</password><credit-card-type>Visa</credit-card-type><credit-card-number>4485562854608135</credit-card-number><cvv2>881</cvv2><credit-card-expiration>7/2014</credit-card-expiration></fake-person><!--THIS DATA IS FAKE AND IS NOT REAL!!  FOR EXAMPLE PURPOSES ONLY!!-->