<?xml version="1.0" ?><!--THIS DATA IS FAKE AND IS NOT REAL!!  FOR EXAMPLE PURPOSES ONLY!!--><fake-person id="005-16-0285" xmlns="http://www.marklogic.com/random/fake-people"><gender>male</gender><first-name>Jeffrey</first-name><middle-initial>L</middle-initial><last-name>Walls</last-name><address>1957 Fantages Way</address><city>Fryeburg</city><state>ME</state><zipcode>04037</zipcode><country>US</country><email>Jeffrey.L.Walls@pookmail.com</email><telephone>207-697-5282</telephone><birthday>10/25/1956</birthday><domain>PublicityJungle.com</domain><occupation>Physical therapist assistant</occupation><blood-type>A+</blood-type><pounds>166.1</pounds><kilograms>75.5</kilograms><feet-inches>5' 9&quot;</feet-inches><centimeters>176</centimeters><country>US</country><password>quaigev9eiR</password><credit-card-type>Visa</credit-card-type><credit-card-number>4539224418825194</credit-card-number><cvv2>571</cvv2><credit-card-expiration>11/2012</credit-card-expiration></fake-person><!--THIS DATA IS FAKE AND IS NOT REAL!!  FOR EXAMPLE PURPOSES ONLY!!-->