<?xml version="1.0" ?><!--THIS DATA IS FAKE AND IS NOT REAL!!  FOR EXAMPLE PURPOSES ONLY!!--><fake-person id="005-86-0052" xmlns="http://www.marklogic.com/random/fake-people"><gender>male</gender><first-name>Michael</first-name><middle-initial>S</middle-initial><last-name>Adams</last-name><address>368 Victoria Court</address><city>Fort Kent</city><state>ME</state><zipcode>04743</zipcode><country>US</country><email>Michael.S.Adams@dodgit.com</email><telephone>207-444-1917</telephone><birthday>1/17/1957</birthday><domain>SUV101.com</domain><occupation>Drafter</occupation><blood-type>B+</blood-type><pounds>188.8</pounds><kilograms>85.8</kilograms><feet-inches>5' 10&quot;</feet-inches><centimeters>178</centimeters><country>US</country><password>Laed7ieyi</password><credit-card-type>MasterCard</credit-card-type><credit-card-number>5390103175461523</credit-card-number><cvv2>115</cvv2><credit-card-expiration>8/2014</credit-card-expiration></fake-person><!--THIS DATA IS FAKE AND IS NOT REAL!!  FOR EXAMPLE PURPOSES ONLY!!-->