<?xml version="1.0" ?><!--THIS DATA IS FAKE AND IS NOT REAL!!  FOR EXAMPLE PURPOSES ONLY!!--><fake-person id="005-72-7882" xmlns="http://www.marklogic.com/random/fake-people"><gender>male</gender><first-name>Kevin</first-name><middle-initial>T</middle-initial><last-name>Johnson</last-name><address>2422 Chipmunk Lane</address><city>Standish</city><state>ME</state><zipcode>04084</zipcode><country>US</country><email>Kevin.T.Johnson@trashymail.com</email><telephone>207-787-2925</telephone><birthday>6/17/1943</birthday><domain>EmailVerified.com</domain><occupation>Training development director</occupation><blood-type>O+</blood-type><pounds>228.6</pounds><kilograms>103.9</kilograms><feet-inches>5' 5&quot;</feet-inches><centimeters>165</centimeters><country>US</country><password>ahm0bo9S</password><credit-card-type>MasterCard</credit-card-type><credit-card-number>5543392534522440</credit-card-number><cvv2>088</cvv2><credit-card-expiration>12/2013</credit-card-expiration></fake-person><!--THIS DATA IS FAKE AND IS NOT REAL!!  FOR EXAMPLE PURPOSES ONLY!!-->