<?xml version="1.0" ?><!--THIS DATA IS FAKE AND IS NOT REAL!!  FOR EXAMPLE PURPOSES ONLY!!--><fake-person id="005-68-5387" xmlns="http://www.marklogic.com/random/fake-people"><gender>female</gender><first-name>Lois</first-name><middle-initial>B</middle-initial><last-name>Benson</last-name><address>2741 Fantages Way</address><city>Bingham</city><state>ME</state><zipcode>04920</zipcode><country>US</country><email>Lois.B.Benson@trashymail.com</email><telephone>207-672-7443</telephone><birthday>11/28/1937</birthday><domain>WrestlingManiac.com</domain><occupation>Contract specialist</occupation><blood-type>O-</blood-type><pounds>135.3</pounds><kilograms>61.5</kilograms><feet-inches>5' 2&quot;</feet-inches><centimeters>157</centimeters><country>US</country><password>Siepeip0oish</password><credit-card-type>Visa</credit-card-type><credit-card-number>4929625311949949</credit-card-number><cvv2>207</cvv2><credit-card-expiration>12/2013</credit-card-expiration></fake-person><!--THIS DATA IS FAKE AND IS NOT REAL!!  FOR EXAMPLE PURPOSES ONLY!!-->