<?xml version="1.0" ?><!--THIS DATA IS FAKE AND IS NOT REAL!!  FOR EXAMPLE PURPOSES ONLY!!--><fake-person id="005-44-3234" xmlns="http://www.marklogic.com/random/fake-people"><gender>female</gender><first-name>Robin</first-name><middle-initial>N</middle-initial><last-name>Mangold</last-name><address>3394 Bloomfield Way</address><city>Ellsworth</city><state>ME</state><zipcode>04605</zipcode><country>US</country><email>Robin.N.Mangold@trashymail.com</email><telephone>207-667-7567</telephone><birthday>10/1/1979</birthday><domain>GolfingNorth.com</domain><occupation>Security guard</occupation><blood-type>A-</blood-type><pounds>140.1</pounds><kilograms>63.7</kilograms><feet-inches>5' 7&quot;</feet-inches><centimeters>170</centimeters><country>US</country><password>ULeboh0soo</password><credit-card-type>Visa</credit-card-type><credit-card-number>4929480810070643</credit-card-number><cvv2>916</cvv2><credit-card-expiration>5/2011</credit-card-expiration></fake-person><!--THIS DATA IS FAKE AND IS NOT REAL!!  FOR EXAMPLE PURPOSES ONLY!!-->