<?xml version="1.0" ?><!--THIS DATA IS FAKE AND IS NOT REAL!!  FOR EXAMPLE PURPOSES ONLY!!--><fake-person id="005-54-0576" xmlns="http://www.marklogic.com/random/fake-people"><gender>female</gender><first-name>Stephanie</first-name><middle-initial>A</middle-initial><last-name>Smith</last-name><address>2369 Chipmunk Lane</address><city>South Portland</city><state>ME</state><zipcode>04106</zipcode><country>US</country><email>Stephanie.A.Smith@mailinator.com</email><telephone>207-792-5816</telephone><birthday>2/15/1983</birthday><domain>BuyingRisk.com</domain><occupation>Operations manager</occupation><blood-type>O+</blood-type><pounds>151.4</pounds><kilograms>68.8</kilograms><feet-inches>5' 5&quot;</feet-inches><centimeters>165</centimeters><country>US</country><password>Footacha2e</password><credit-card-type>MasterCard</credit-card-type><credit-card-number>5262019973738927</credit-card-number><cvv2>407</cvv2><credit-card-expiration>5/2014</credit-card-expiration></fake-person><!--THIS DATA IS FAKE AND IS NOT REAL!!  FOR EXAMPLE PURPOSES ONLY!!-->