<?xml version="1.0" ?><!--THIS DATA IS FAKE AND IS NOT REAL!!  FOR EXAMPLE PURPOSES ONLY!!--><fake-person id="005-52-8419" xmlns="http://www.marklogic.com/random/fake-people"><gender>male</gender><first-name>Jon</first-name><middle-initial>L</middle-initial><last-name>Bullock</last-name><address>1919 Bloomfield Way</address><city>Sidney</city><state>ME</state><zipcode>04330</zipcode><country>US</country><email>Jon.L.Bullock@mailinator.com</email><telephone>207-547-0273</telephone><birthday>12/4/1984</birthday><domain>ComfyStore.com</domain><occupation>Sound engineering technician</occupation><blood-type>O+</blood-type><pounds>132.9</pounds><kilograms>60.4</kilograms><feet-inches>6' 3&quot;</feet-inches><centimeters>190</centimeters><country>US</country><password>Aiku9Jai</password><credit-card-type>Visa</credit-card-type><credit-card-number>4929583146410845</credit-card-number><cvv2>972</cvv2><credit-card-expiration>7/2015</credit-card-expiration></fake-person><!--THIS DATA IS FAKE AND IS NOT REAL!!  FOR EXAMPLE PURPOSES ONLY!!-->