<?xml version="1.0" ?><!--THIS DATA IS FAKE AND IS NOT REAL!!  FOR EXAMPLE PURPOSES ONLY!!--><fake-person id="005-26-9129" xmlns="http://www.marklogic.com/random/fake-people"><gender>male</gender><first-name>Mack</first-name><middle-initial>C</middle-initial><last-name>Kennison</last-name><address>3994 Victoria Court</address><city>Ashland</city><state>ME</state><zipcode>04732</zipcode><country>US</country><email>Mack.C.Kennison@mailinator.com</email><telephone>207-435-2639</telephone><birthday>10/9/1988</birthday><domain>DUISites.com</domain><occupation>Organizational development manager</occupation><blood-type>O+</blood-type><pounds>240.5</pounds><kilograms>109.3</kilograms><feet-inches>5' 6&quot;</feet-inches><centimeters>168</centimeters><country>US</country><password>Aeb3yeSho</password><credit-card-type>Visa</credit-card-type><credit-card-number>4929674233744491</credit-card-number><cvv2>605</cvv2><credit-card-expiration>5/2011</credit-card-expiration></fake-person><!--THIS DATA IS FAKE AND IS NOT REAL!!  FOR EXAMPLE PURPOSES ONLY!!-->