<?xml version="1.0" ?><!--THIS DATA IS FAKE AND IS NOT REAL!!  FOR EXAMPLE PURPOSES ONLY!!--><fake-person id="005-92-4410" xmlns="http://www.marklogic.com/random/fake-people"><gender>male</gender><first-name>Adrian</first-name><middle-initial>L</middle-initial><last-name>Doughty</last-name><address>156 Bloomfield Way</address><city>Rockland</city><state>ME</state><zipcode>04841</zipcode><country>US</country><email>Adrian.L.Doughty@trashymail.com</email><telephone>207-593-1348</telephone><birthday>1/5/1941</birthday><domain>NoveltyThings.com</domain><occupation>Mobile heavy equipment mechanic</occupation><blood-type>B+</blood-type><pounds>178</pounds><kilograms>80.9</kilograms><feet-inches>5' 8&quot;</feet-inches><centimeters>173</centimeters><country>US</country><password>Ouraez6Ai</password><credit-card-type>MasterCard</credit-card-type><credit-card-number>5454068540361554</credit-card-number><cvv2>633</cvv2><credit-card-expiration>2/2015</credit-card-expiration></fake-person><!--THIS DATA IS FAKE AND IS NOT REAL!!  FOR EXAMPLE PURPOSES ONLY!!-->