<?xml version="1.0" ?><!--THIS DATA IS FAKE AND IS NOT REAL!!  FOR EXAMPLE PURPOSES ONLY!!--><fake-person id="005-86-8268" xmlns="http://www.marklogic.com/random/fake-people"><gender>female</gender><first-name>Elizabeth</first-name><middle-initial>W</middle-initial><last-name>Phillips</last-name><address>4341 Retreat Avenue</address><city>Bangor</city><state>ME</state><zipcode>04401</zipcode><country>US</country><email>Elizabeth.W.Phillips@spambob.com</email><telephone>207-323-5984</telephone><birthday>3/23/1950</birthday><domain>CurrentComics.com</domain><occupation>Water transportation occupation</occupation><blood-type>O+</blood-type><pounds>161.3</pounds><kilograms>73.3</kilograms><feet-inches>5' 6&quot;</feet-inches><centimeters>168</centimeters><country>US</country><password>oSak1zooNai</password><credit-card-type>MasterCard</credit-card-type><credit-card-number>5474867136036827</credit-card-number><cvv2>481</cvv2><credit-card-expiration>6/2014</credit-card-expiration></fake-person><!--THIS DATA IS FAKE AND IS NOT REAL!!  FOR EXAMPLE PURPOSES ONLY!!-->