<?xml version="1.0" ?><!--THIS DATA IS FAKE AND IS NOT REAL!!  FOR EXAMPLE PURPOSES ONLY!!--><fake-person id="005-88-8748" xmlns="http://www.marklogic.com/random/fake-people"><gender>male</gender><first-name>William</first-name><middle-initial>L</middle-initial><last-name>Saxton</last-name><address>825 Bloomfield Way</address><city>Augusta</city><state>ME</state><zipcode>04330</zipcode><country>US</country><email>William.L.Saxton@dodgit.com</email><telephone>207-621-2914</telephone><birthday>3/25/1932</birthday><domain>YouNetworking.com</domain><occupation>Merchandise displayer</occupation><blood-type>AB+</blood-type><pounds>224.4</pounds><kilograms>102</kilograms><feet-inches>5' 9&quot;</feet-inches><centimeters>175</centimeters><country>US</country><password>Voh4vojiqu</password><credit-card-type>MasterCard</credit-card-type><credit-card-number>5580930792810116</credit-card-number><cvv2>228</cvv2><credit-card-expiration>12/2013</credit-card-expiration></fake-person><!--THIS DATA IS FAKE AND IS NOT REAL!!  FOR EXAMPLE PURPOSES ONLY!!-->