<?xml version="1.0" ?><!--THIS DATA IS FAKE AND IS NOT REAL!!  FOR EXAMPLE PURPOSES ONLY!!--><fake-person id="005-38-8288" xmlns="http://www.marklogic.com/random/fake-people"><gender>male</gender><first-name>Christopher</first-name><middle-initial>E</middle-initial><last-name>Talbot</last-name><address>2150 Bloomfield Way</address><city>Boothbay Harbor</city><state>ME</state><zipcode>04538</zipcode><country>US</country><email>Christopher.E.Talbot@spambob.com</email><telephone>207-633-0561</telephone><birthday>8/8/1940</birthday><domain>YogaAddicts.com</domain><occupation>Door-to-door sales worker</occupation><blood-type>A+</blood-type><pounds>153.3</pounds><kilograms>69.7</kilograms><feet-inches>5' 10&quot;</feet-inches><centimeters>178</centimeters><country>US</country><password>kaes8Bee4</password><credit-card-type>Visa</credit-card-type><credit-card-number>4556375945620801</credit-card-number><cvv2>489</cvv2><credit-card-expiration>12/2012</credit-card-expiration></fake-person><!--THIS DATA IS FAKE AND IS NOT REAL!!  FOR EXAMPLE PURPOSES ONLY!!-->