<?xml version="1.0" ?><!--THIS DATA IS FAKE AND IS NOT REAL!!  FOR EXAMPLE PURPOSES ONLY!!--><fake-person id="005-84-7882" xmlns="http://www.marklogic.com/random/fake-people"><gender>male</gender><first-name>John</first-name><middle-initial>N</middle-initial><last-name>Martin</last-name><address>4099 Upton Avenue</address><city>Dexter</city><state>ME</state><zipcode>04930</zipcode><country>US</country><email>John.N.Martin@mailinator.com</email><telephone>207-924-3121</telephone><birthday>9/7/1985</birthday><domain>CrabDealer.com</domain><occupation>Workforce development officer</occupation><blood-type>A+</blood-type><pounds>137.7</pounds><kilograms>62.6</kilograms><feet-inches>5' 8&quot;</feet-inches><centimeters>173</centimeters><country>US</country><password>oi2aekieX7sh</password><credit-card-type>Visa</credit-card-type><credit-card-number>4556589867997597</credit-card-number><cvv2>907</cvv2><credit-card-expiration>6/2012</credit-card-expiration></fake-person><!--THIS DATA IS FAKE AND IS NOT REAL!!  FOR EXAMPLE PURPOSES ONLY!!-->