<?xml version="1.0" ?><!--THIS DATA IS FAKE AND IS NOT REAL!!  FOR EXAMPLE PURPOSES ONLY!!--><fake-person id="005-22-8775" xmlns="http://www.marklogic.com/random/fake-people"><gender>female</gender><first-name>Arlene</first-name><middle-initial>W</middle-initial><last-name>Burnett</last-name><address>3324 Upton Avenue</address><city>Liberty</city><state>ME</state><zipcode>04949</zipcode><country>US</country><email>Arlene.W.Burnett@trashymail.com</email><telephone>207-993-9864</telephone><birthday>1/21/1967</birthday><domain>FlightProvider.com</domain><occupation>Real estate asset manager</occupation><blood-type>A+</blood-type><pounds>115.1</pounds><kilograms>52.3</kilograms><feet-inches>5' 5&quot;</feet-inches><centimeters>166</centimeters><country>US</country><password>uyaeF9WiTh</password><credit-card-type>MasterCard</credit-card-type><credit-card-number>5314673325412611</credit-card-number><cvv2>263</cvv2><credit-card-expiration>8/2013</credit-card-expiration></fake-person><!--THIS DATA IS FAKE AND IS NOT REAL!!  FOR EXAMPLE PURPOSES ONLY!!-->