<?xml version="1.0" ?><!--THIS DATA IS FAKE AND IS NOT REAL!!  FOR EXAMPLE PURPOSES ONLY!!--><fake-person id="005-64-8431" xmlns="http://www.marklogic.com/random/fake-people"><gender>male</gender><first-name>Charles</first-name><middle-initial>M</middle-initial><last-name>Small</last-name><address>1682 Fantages Way</address><city>Strong</city><state>ME</state><zipcode>04983</zipcode><country>US</country><email>Charles.M.Small@pookmail.com</email><telephone>207-684-6102</telephone><birthday>8/7/1947</birthday><domain>CampFresh.com</domain><occupation>Top executive</occupation><blood-type>A+</blood-type><pounds>220.2</pounds><kilograms>100.1</kilograms><feet-inches>5' 5&quot;</feet-inches><centimeters>166</centimeters><country>US</country><password>aacoChech8</password><credit-card-type>Visa</credit-card-type><credit-card-number>4556760574986138</credit-card-number><cvv2>176</cvv2><credit-card-expiration>11/2015</credit-card-expiration></fake-person><!--THIS DATA IS FAKE AND IS NOT REAL!!  FOR EXAMPLE PURPOSES ONLY!!-->