<?xml version="1.0" ?><!--THIS DATA IS FAKE AND IS NOT REAL!!  FOR EXAMPLE PURPOSES ONLY!!--><fake-person id="005-68-5845" xmlns="http://www.marklogic.com/random/fake-people"><gender>male</gender><first-name>Louis</first-name><middle-initial>B</middle-initial><last-name>Hindman</last-name><address>1020 Retreat Avenue</address><city>Portland</city><state>ME</state><zipcode>04101</zipcode><country>US</country><email>Louis.B.Hindman@spambob.com</email><telephone>207-299-7094</telephone><birthday>6/6/1942</birthday><domain>SurvivorMart.com</domain><occupation>Airport terminal controller</occupation><blood-type>O+</blood-type><pounds>157.1</pounds><kilograms>71.4</kilograms><feet-inches>5' 9&quot;</feet-inches><centimeters>176</centimeters><country>US</country><password>vima9ooD5ee</password><credit-card-type>Visa</credit-card-type><credit-card-number>4556539318196505</credit-card-number><cvv2>228</cvv2><credit-card-expiration>2/2011</credit-card-expiration></fake-person><!--THIS DATA IS FAKE AND IS NOT REAL!!  FOR EXAMPLE PURPOSES ONLY!!-->