<?xml version="1.0" ?><!--THIS DATA IS FAKE AND IS NOT REAL!!  FOR EXAMPLE PURPOSES ONLY!!--><fake-person id="005-56-8789" xmlns="http://www.marklogic.com/random/fake-people"><gender>female</gender><first-name>Ashley</first-name><middle-initial>J</middle-initial><last-name>Acker</last-name><address>3772 Upton Avenue</address><city>Gorham</city><state>ME</state><zipcode>04038</zipcode><country>US</country><email>Ashley.J.Acker@mailinator.com</email><telephone>207-839-6036</telephone><birthday>10/25/1935</birthday><domain>RenoComics.com</domain><occupation>Tour bus driver</occupation><blood-type>B+</blood-type><pounds>217.1</pounds><kilograms>98.7</kilograms><feet-inches>5' 1&quot;</feet-inches><centimeters>156</centimeters><country>US</country><password>jai8ZooB</password><credit-card-type>Visa</credit-card-type><credit-card-number>4556560744064950</credit-card-number><cvv2>196</cvv2><credit-card-expiration>11/2013</credit-card-expiration></fake-person><!--THIS DATA IS FAKE AND IS NOT REAL!!  FOR EXAMPLE PURPOSES ONLY!!-->