<?xml version="1.0" ?><!--THIS DATA IS FAKE AND IS NOT REAL!!  FOR EXAMPLE PURPOSES ONLY!!--><fake-person id="005-18-4523" xmlns="http://www.marklogic.com/random/fake-people"><gender>male</gender><first-name>Ben</first-name><middle-initial>N</middle-initial><last-name>Hernandez</last-name><address>3568 Victoria Court</address><city>Easton</city><state>ME</state><zipcode>04740</zipcode><country>US</country><email>Ben.N.Hernandez@spambob.com</email><telephone>207-488-6743</telephone><birthday>7/20/1983</birthday><domain>NewsJudge.com</domain><occupation>Guide interpreter</occupation><blood-type>A+</blood-type><pounds>158.8</pounds><kilograms>72.2</kilograms><feet-inches>5' 7&quot;</feet-inches><centimeters>171</centimeters><country>US</country><password>ilu9Fei5uf</password><credit-card-type>MasterCard</credit-card-type><credit-card-number>5418948190739701</credit-card-number><cvv2>971</cvv2><credit-card-expiration>9/2014</credit-card-expiration></fake-person><!--THIS DATA IS FAKE AND IS NOT REAL!!  FOR EXAMPLE PURPOSES ONLY!!-->