<?xml version="1.0" ?><!--THIS DATA IS FAKE AND IS NOT REAL!!  FOR EXAMPLE PURPOSES ONLY!!--><fake-person id="005-02-8555" xmlns="http://www.marklogic.com/random/fake-people"><gender>male</gender><first-name>Charles</first-name><middle-initial>A</middle-initial><last-name>Glover</last-name><address>810 Fantages Way</address><city>South Portland</city><state>ME</state><zipcode>04106</zipcode><country>US</country><email>Charles.A.Glover@mailinator.com</email><telephone>207-750-2821</telephone><birthday>12/21/1938</birthday><domain>BrandBeverages.com</domain><occupation>Tire repairer</occupation><blood-type>O+</blood-type><pounds>172.9</pounds><kilograms>78.6</kilograms><feet-inches>5' 5&quot;</feet-inches><centimeters>165</centimeters><country>US</country><password>olahwub1iGh</password><credit-card-type>Visa</credit-card-type><credit-card-number>4716363557774360</credit-card-number><cvv2>462</cvv2><credit-card-expiration>4/2015</credit-card-expiration></fake-person><!--THIS DATA IS FAKE AND IS NOT REAL!!  FOR EXAMPLE PURPOSES ONLY!!-->