<?xml version="1.0" ?><!--THIS DATA IS FAKE AND IS NOT REAL!!  FOR EXAMPLE PURPOSES ONLY!!--><fake-person id="005-09-4068" xmlns="http://www.marklogic.com/random/fake-people"><gender>female</gender><first-name>Tina</first-name><middle-initial>D</middle-initial><last-name>Wade</last-name><address>1401 Fantages Way</address><city>Steep Falls</city><state>ME</state><zipcode>04085</zipcode><country>US</country><email>Tina.D.Wade@trashymail.com</email><telephone>207-675-7294</telephone><birthday>4/18/1948</birthday><domain>MortgageFlight.com</domain><occupation>U.S. deputy marshal</occupation><blood-type>O+</blood-type><pounds>112.2</pounds><kilograms>51</kilograms><feet-inches>5' 0&quot;</feet-inches><centimeters>152</centimeters><country>US</country><password>phiF8eeC1se</password><credit-card-type>Visa</credit-card-type><credit-card-number>4485177839226885</credit-card-number><cvv2>697</cvv2><credit-card-expiration>1/2013</credit-card-expiration></fake-person><!--THIS DATA IS FAKE AND IS NOT REAL!!  FOR EXAMPLE PURPOSES ONLY!!-->