<?xml version="1.0" ?><!--THIS DATA IS FAKE AND IS NOT REAL!!  FOR EXAMPLE PURPOSES ONLY!!--><fake-person id="005-34-9061" xmlns="http://www.marklogic.com/random/fake-people"><gender>female</gender><first-name>Tracy</first-name><middle-initial>E</middle-initial><last-name>Johnson</last-name><address>1357 Chipmunk Lane</address><city>Newburg</city><state>ME</state><zipcode>04444</zipcode><country>US</country><email>Tracy.E.Johnson@pookmail.com</email><telephone>207-234-2651</telephone><birthday>11/25/1990</birthday><domain>RestoreMagic.com</domain><occupation>Optical instrument assembler</occupation><blood-type>A+</blood-type><pounds>181.5</pounds><kilograms>82.5</kilograms><feet-inches>5' 2&quot;</feet-inches><centimeters>157</centimeters><country>US</country><password>iesohB5aez3</password><credit-card-type>MasterCard</credit-card-type><credit-card-number>5393316751746151</credit-card-number><cvv2>908</cvv2><credit-card-expiration>2/2012</credit-card-expiration></fake-person><!--THIS DATA IS FAKE AND IS NOT REAL!!  FOR EXAMPLE PURPOSES ONLY!!-->