<?xml version="1.0" ?><!--THIS DATA IS FAKE AND IS NOT REAL!!  FOR EXAMPLE PURPOSES ONLY!!--><fake-person id="005-28-8706" xmlns="http://www.marklogic.com/random/fake-people"><gender>male</gender><first-name>Robert</first-name><middle-initial>J</middle-initial><last-name>Morse</last-name><address>1882 Victoria Court</address><city>Biddeford</city><state>ME</state><zipcode>04005</zipcode><country>US</country><email>Robert.J.Morse@trashymail.com</email><telephone>207-468-6662</telephone><birthday>11/21/1940</birthday><domain>NightlifeCulture.com</domain><occupation>CNC operator</occupation><blood-type>AB+</blood-type><pounds>220.9</pounds><kilograms>100.4</kilograms><feet-inches>5' 5&quot;</feet-inches><centimeters>165</centimeters><country>US</country><password>UQuo0eeb1ee</password><credit-card-type>Visa</credit-card-type><credit-card-number>4539837952128053</credit-card-number><cvv2>785</cvv2><credit-card-expiration>6/2015</credit-card-expiration></fake-person><!--THIS DATA IS FAKE AND IS NOT REAL!!  FOR EXAMPLE PURPOSES ONLY!!-->