<?xml version="1.0" ?><!--THIS DATA IS FAKE AND IS NOT REAL!!  FOR EXAMPLE PURPOSES ONLY!!--><fake-person id="005-74-6709" xmlns="http://www.marklogic.com/random/fake-people"><gender>male</gender><first-name>Pedro</first-name><middle-initial>J</middle-initial><last-name>Zwick</last-name><address>3960 Victoria Court</address><city>Caribou</city><state>ME</state><zipcode>04736</zipcode><country>US</country><email>Pedro.J.Zwick@spambob.com</email><telephone>207-498-8270</telephone><birthday>12/10/1989</birthday><domain>TraderProfiles.com</domain><occupation>Printmaker</occupation><blood-type>O+</blood-type><pounds>152.2</pounds><kilograms>69.2</kilograms><feet-inches>5' 10&quot;</feet-inches><centimeters>177</centimeters><country>US</country><password>boo8gahZ5xei</password><credit-card-type>MasterCard</credit-card-type><credit-card-number>5163416180628943</credit-card-number><cvv2>873</cvv2><credit-card-expiration>4/2011</credit-card-expiration></fake-person><!--THIS DATA IS FAKE AND IS NOT REAL!!  FOR EXAMPLE PURPOSES ONLY!!-->