<?xml version="1.0" ?><!--THIS DATA IS FAKE AND IS NOT REAL!!  FOR EXAMPLE PURPOSES ONLY!!--><fake-person id="005-30-6598" xmlns="http://www.marklogic.com/random/fake-people"><gender>female</gender><first-name>Linda</first-name><middle-initial>D</middle-initial><last-name>Major</last-name><address>2037 Chipmunk Lane</address><city>Corinna</city><state>ME</state><zipcode>04928</zipcode><country>US</country><email>Linda.D.Major@spambob.com</email><telephone>207-278-0191</telephone><birthday>5/4/1975</birthday><domain>PropertySync.com</domain><occupation>Military officer</occupation><blood-type>B+</blood-type><pounds>207.7</pounds><kilograms>94.4</kilograms><feet-inches>5' 6&quot;</feet-inches><centimeters>168</centimeters><country>US</country><password>Jiezaiy7ahV</password><credit-card-type>Visa</credit-card-type><credit-card-number>4532475180239389</credit-card-number><cvv2>022</cvv2><credit-card-expiration>7/2014</credit-card-expiration></fake-person><!--THIS DATA IS FAKE AND IS NOT REAL!!  FOR EXAMPLE PURPOSES ONLY!!-->