<?xml version="1.0" ?><!--THIS DATA IS FAKE AND IS NOT REAL!!  FOR EXAMPLE PURPOSES ONLY!!--><fake-person id="005-56-1370" xmlns="http://www.marklogic.com/random/fake-people"><gender>female</gender><first-name>Laurie</first-name><middle-initial>B</middle-initial><last-name>Wynn</last-name><address>1877 Victoria Court</address><city>Standish</city><state>ME</state><zipcode>04084</zipcode><country>US</country><email>Laurie.B.Wynn@dodgit.com</email><telephone>207-452-0251</telephone><birthday>10/14/1955</birthday><domain>WetlessWash.com</domain><occupation>Engraver set-up operator</occupation><blood-type>O+</blood-type><pounds>154.7</pounds><kilograms>70.3</kilograms><feet-inches>5' 1&quot;</feet-inches><centimeters>156</centimeters><country>US</country><password>Rai5jaaru</password><credit-card-type>Visa</credit-card-type><credit-card-number>4539904444399807</credit-card-number><cvv2>648</cvv2><credit-card-expiration>11/2014</credit-card-expiration></fake-person><!--THIS DATA IS FAKE AND IS NOT REAL!!  FOR EXAMPLE PURPOSES ONLY!!-->