<?xml version="1.0" ?><!--THIS DATA IS FAKE AND IS NOT REAL!!  FOR EXAMPLE PURPOSES ONLY!!--><fake-person id="005-14-6652" xmlns="http://www.marklogic.com/random/fake-people"><gender>female</gender><first-name>Carlota</first-name><middle-initial>A</middle-initial><last-name>Harris</last-name><address>2419 Bloomfield Way</address><city>Athens</city><state>ME</state><zipcode>04912</zipcode><country>US</country><email>Carlota.A.Harris@spambob.com</email><telephone>207-654-9539</telephone><birthday>7/16/1986</birthday><domain>JudoChat.com</domain><occupation>Unclaimed property officer</occupation><blood-type>B+</blood-type><pounds>181.9</pounds><kilograms>82.7</kilograms><feet-inches>5' 7&quot;</feet-inches><centimeters>170</centimeters><country>US</country><password>uajoh6uoX</password><credit-card-type>Visa</credit-card-type><credit-card-number>4556825424114254</credit-card-number><cvv2>708</cvv2><credit-card-expiration>11/2014</credit-card-expiration></fake-person><!--THIS DATA IS FAKE AND IS NOT REAL!!  FOR EXAMPLE PURPOSES ONLY!!-->