<?xml version="1.0" ?><!--THIS DATA IS FAKE AND IS NOT REAL!!  FOR EXAMPLE PURPOSES ONLY!!--><fake-person id="005-50-9075" xmlns="http://www.marklogic.com/random/fake-people"><gender>female</gender><first-name>Signe</first-name><middle-initial>R</middle-initial><last-name>Winn</last-name><address>1113 Upton Avenue</address><city>Waterville</city><state>ME</state><zipcode>04901</zipcode><country>US</country><email>Signe.R.Winn@pookmail.com</email><telephone>207-873-9972</telephone><birthday>10/26/1930</birthday><domain>ColorUniform.com</domain><occupation>Production, planning, and expediting clerk</occupation><blood-type>O+</blood-type><pounds>200.4</pounds><kilograms>91.1</kilograms><feet-inches>4' 11&quot;</feet-inches><centimeters>150</centimeters><country>US</country><password>Je8geing4ei</password><credit-card-type>Visa</credit-card-type><credit-card-number>4539018520397344</credit-card-number><cvv2>171</cvv2><credit-card-expiration>3/2011</credit-card-expiration></fake-person><!--THIS DATA IS FAKE AND IS NOT REAL!!  FOR EXAMPLE PURPOSES ONLY!!-->