<?xml version="1.0" ?><!--THIS DATA IS FAKE AND IS NOT REAL!!  FOR EXAMPLE PURPOSES ONLY!!--><fake-person id="005-90-8626" xmlns="http://www.marklogic.com/random/fake-people"><gender>female</gender><first-name>Elizabeth</first-name><middle-initial>V</middle-initial><last-name>Fazio</last-name><address>3299 Victoria Court</address><city>Georgetown</city><state>ME</state><zipcode>04548</zipcode><country>US</country><email>Elizabeth.V.Fazio@mailinator.com</email><telephone>207-371-8010</telephone><birthday>7/12/1985</birthday><domain>Vadog.com</domain><occupation>Entomologist</occupation><blood-type>A-</blood-type><pounds>201.5</pounds><kilograms>91.6</kilograms><feet-inches>5' 7&quot;</feet-inches><centimeters>171</centimeters><country>US</country><password>ae1raePhai</password><credit-card-type>Visa</credit-card-type><credit-card-number>4539978968263193</credit-card-number><cvv2>581</cvv2><credit-card-expiration>5/2011</credit-card-expiration></fake-person><!--THIS DATA IS FAKE AND IS NOT REAL!!  FOR EXAMPLE PURPOSES ONLY!!-->