<?xml version="1.0" ?><!--THIS DATA IS FAKE AND IS NOT REAL!!  FOR EXAMPLE PURPOSES ONLY!!--><fake-person id="005-96-3151" xmlns="http://www.marklogic.com/random/fake-people"><gender>male</gender><first-name>Anthony</first-name><middle-initial>K</middle-initial><last-name>Sims</last-name><address>754 Bloomfield Way</address><city>Stockton Springs</city><state>ME</state><zipcode>04981</zipcode><country>US</country><email>Anthony.K.Sims@dodgit.com</email><telephone>207-567-7207</telephone><birthday>1/12/1971</birthday><domain>YouReward.com</domain><occupation>Map editor</occupation><blood-type>B+</blood-type><pounds>242.4</pounds><kilograms>110.2</kilograms><feet-inches>5' 10&quot;</feet-inches><centimeters>177</centimeters><country>US</country><password>ohb5AhZ3qu</password><credit-card-type>Visa</credit-card-type><credit-card-number>4532150492732369</credit-card-number><cvv2>490</cvv2><credit-card-expiration>9/2013</credit-card-expiration></fake-person><!--THIS DATA IS FAKE AND IS NOT REAL!!  FOR EXAMPLE PURPOSES ONLY!!-->