<?xml version="1.0" ?><!--THIS DATA IS FAKE AND IS NOT REAL!!  FOR EXAMPLE PURPOSES ONLY!!--><fake-person id="005-44-0555" xmlns="http://www.marklogic.com/random/fake-people"><gender>female</gender><first-name>Kelly</first-name><middle-initial>E</middle-initial><last-name>Padula</last-name><address>3574 Fantages Way</address><city>Salem</city><state>ME</state><zipcode>04983</zipcode><country>US</country><email>Kelly.E.Padula@spambob.com</email><telephone>207-678-4522</telephone><birthday>1/12/1951</birthday><domain>SSLNews.com</domain><occupation>Library assistant</occupation><blood-type>B-</blood-type><pounds>228.4</pounds><kilograms>103.8</kilograms><feet-inches>5' 0&quot;</feet-inches><centimeters>152</centimeters><country>US</country><password>ahqu4EeB</password><credit-card-type>MasterCard</credit-card-type><credit-card-number>5202620541894705</credit-card-number><cvv2>830</cvv2><credit-card-expiration>1/2012</credit-card-expiration></fake-person><!--THIS DATA IS FAKE AND IS NOT REAL!!  FOR EXAMPLE PURPOSES ONLY!!-->