<?xml version="1.0" ?><!--THIS DATA IS FAKE AND IS NOT REAL!!  FOR EXAMPLE PURPOSES ONLY!!--><fake-person id="005-26-0306" xmlns="http://www.marklogic.com/random/fake-people"><gender>female</gender><first-name>Jeanette</first-name><middle-initial>L</middle-initial><last-name>Schaefer</last-name><address>2957 Victoria Court</address><city>Portland</city><state>ME</state><zipcode>04101</zipcode><country>US</country><email>Jeanette.L.Schaefer@dodgit.com</email><telephone>207-510-1757</telephone><birthday>7/24/1938</birthday><domain>GalSoftball.com</domain><occupation>CNC programmer</occupation><blood-type>O+</blood-type><pounds>150.3</pounds><kilograms>68.3</kilograms><feet-inches>5' 1&quot;</feet-inches><centimeters>154</centimeters><country>US</country><password>aed0Inei</password><credit-card-type>Visa</credit-card-type><credit-card-number>4716970456327288</credit-card-number><cvv2>844</cvv2><credit-card-expiration>1/2011</credit-card-expiration></fake-person><!--THIS DATA IS FAKE AND IS NOT REAL!!  FOR EXAMPLE PURPOSES ONLY!!-->