<?xml version="1.0" ?><!--THIS DATA IS FAKE AND IS NOT REAL!!  FOR EXAMPLE PURPOSES ONLY!!--><fake-person id="005-72-7209" xmlns="http://www.marklogic.com/random/fake-people"><gender>female</gender><first-name>Ethel</first-name><middle-initial>R</middle-initial><last-name>Mclellan</last-name><address>4609 Victoria Court</address><city>Standish</city><state>ME</state><zipcode>04084</zipcode><country>US</country><email>Ethel.R.Mclellan@spambob.com</email><telephone>207-452-9229</telephone><birthday>4/28/1989</birthday><domain>ExamDays.com</domain><occupation>Meeting director</occupation><blood-type>O+</blood-type><pounds>203.1</pounds><kilograms>92.3</kilograms><feet-inches>5' 3&quot;</feet-inches><centimeters>160</centimeters><country>US</country><password>soo3ito2Woh</password><credit-card-type>MasterCard</credit-card-type><credit-card-number>5429956230443512</credit-card-number><cvv2>707</cvv2><credit-card-expiration>6/2015</credit-card-expiration></fake-person><!--THIS DATA IS FAKE AND IS NOT REAL!!  FOR EXAMPLE PURPOSES ONLY!!-->