<?xml version="1.0" ?><!--THIS DATA IS FAKE AND IS NOT REAL!!  FOR EXAMPLE PURPOSES ONLY!!--><fake-person id="005-18-6544" xmlns="http://www.marklogic.com/random/fake-people"><gender>female</gender><first-name>Frances</first-name><middle-initial>J</middle-initial><last-name>Shamblin</last-name><address>902 Victoria Court</address><city>Andover</city><state>ME</state><zipcode>04216</zipcode><country>US</country><email>Frances.J.Shamblin@mailinator.com</email><telephone>207-392-1805</telephone><birthday>10/23/1949</birthday><domain>LawnCovers.com</domain><occupation>Bench technician</occupation><blood-type>O+</blood-type><pounds>119.2</pounds><kilograms>54.2</kilograms><feet-inches>5' 0&quot;</feet-inches><centimeters>152</centimeters><country>US</country><password>caighoo6Hoi</password><credit-card-type>MasterCard</credit-card-type><credit-card-number>5491947183275897</credit-card-number><cvv2>078</cvv2><credit-card-expiration>11/2012</credit-card-expiration></fake-person><!--THIS DATA IS FAKE AND IS NOT REAL!!  FOR EXAMPLE PURPOSES ONLY!!-->