<?xml version="1.0" ?><!--THIS DATA IS FAKE AND IS NOT REAL!!  FOR EXAMPLE PURPOSES ONLY!!--><fake-person id="005-01-2504" xmlns="http://www.marklogic.com/random/fake-people"><gender>female</gender><first-name>Aura</first-name><middle-initial>R</middle-initial><last-name>Davis</last-name><address>2876 Bloomfield Way</address><city>Otis</city><state>ME</state><zipcode>04605</zipcode><country>US</country><email>Aura.R.Davis@mailinator.com</email><telephone>207-537-0303</telephone><birthday>6/21/1988</birthday><domain>PaymentSearch.com</domain><occupation>Administrative leader</occupation><blood-type>A+</blood-type><pounds>101.2</pounds><kilograms>46</kilograms><feet-inches>5' 5&quot;</feet-inches><centimeters>165</centimeters><country>US</country><password>eeSh9quiwai</password><credit-card-type>MasterCard</credit-card-type><credit-card-number>5297103319036235</credit-card-number><cvv2>330</cvv2><credit-card-expiration>9/2011</credit-card-expiration></fake-person><!--THIS DATA IS FAKE AND IS NOT REAL!!  FOR EXAMPLE PURPOSES ONLY!!-->