<?xml version="1.0" ?><!--THIS DATA IS FAKE AND IS NOT REAL!!  FOR EXAMPLE PURPOSES ONLY!!--><fake-person id="005-62-2950" xmlns="http://www.marklogic.com/random/fake-people"><gender>female</gender><first-name>Tammy</first-name><middle-initial>D</middle-initial><last-name>Meyer</last-name><address>4002 Bloomfield Way</address><city>Standish</city><state>ME</state><zipcode>04084</zipcode><country>US</country><email>Tammy.D.Meyer@spambob.com</email><telephone>207-648-2495</telephone><birthday>1/23/1949</birthday><domain>SeekGraphics.com</domain><occupation>Immunology technologist</occupation><blood-type>O+</blood-type><pounds>135.1</pounds><kilograms>61.4</kilograms><feet-inches>5' 7&quot;</feet-inches><centimeters>169</centimeters><country>US</country><password>Phoozu7Ah</password><credit-card-type>Visa</credit-card-type><credit-card-number>4539252906270839</credit-card-number><cvv2>180</cvv2><credit-card-expiration>4/2013</credit-card-expiration></fake-person><!--THIS DATA IS FAKE AND IS NOT REAL!!  FOR EXAMPLE PURPOSES ONLY!!-->