<?xml version="1.0" ?><!--THIS DATA IS FAKE AND IS NOT REAL!!  FOR EXAMPLE PURPOSES ONLY!!--><fake-person id="005-06-7032" xmlns="http://www.marklogic.com/random/fake-people"><gender>female</gender><first-name>Joy</first-name><middle-initial>M</middle-initial><last-name>Tellez</last-name><address>1625 Chipmunk Lane</address><city>Portland</city><state>ME</state><zipcode>04101</zipcode><country>US</country><email>Joy.M.Tellez@spambob.com</email><telephone>207-222-9522</telephone><birthday>1/12/1983</birthday><domain>GrowSkin.com</domain><occupation>Shuttle car operator</occupation><blood-type>A+</blood-type><pounds>160.2</pounds><kilograms>72.8</kilograms><feet-inches>5' 1&quot;</feet-inches><centimeters>154</centimeters><country>US</country><password>Aecah3aSe</password><credit-card-type>MasterCard</credit-card-type><credit-card-number>5342407673261312</credit-card-number><cvv2>544</cvv2><credit-card-expiration>6/2012</credit-card-expiration></fake-person><!--THIS DATA IS FAKE AND IS NOT REAL!!  FOR EXAMPLE PURPOSES ONLY!!-->