<?xml version="1.0" ?><!--THIS DATA IS FAKE AND IS NOT REAL!!  FOR EXAMPLE PURPOSES ONLY!!--><fake-person id="005-78-0737" xmlns="http://www.marklogic.com/random/fake-people"><gender>female</gender><first-name>Patricia</first-name><middle-initial>M</middle-initial><last-name>France</last-name><address>3263 Chipmunk Lane</address><city>Falmouth</city><state>ME</state><zipcode>04105</zipcode><country>US</country><email>Patricia.M.France@dodgit.com</email><telephone>207-781-9426</telephone><birthday>2/11/1932</birthday><domain>CampingWatch.com</domain><occupation>Purchasing technician</occupation><blood-type>O+</blood-type><pounds>167.4</pounds><kilograms>76.1</kilograms><feet-inches>5' 6&quot;</feet-inches><centimeters>168</centimeters><country>US</country><password>Suneen4ah</password><credit-card-type>Visa</credit-card-type><credit-card-number>4532938445791544</credit-card-number><cvv2>913</cvv2><credit-card-expiration>10/2012</credit-card-expiration></fake-person><!--THIS DATA IS FAKE AND IS NOT REAL!!  FOR EXAMPLE PURPOSES ONLY!!-->