<?xml version="1.0" ?><!--THIS DATA IS FAKE AND IS NOT REAL!!  FOR EXAMPLE PURPOSES ONLY!!--><fake-person id="005-98-6845" xmlns="http://www.marklogic.com/random/fake-people"><gender>female</gender><first-name>Yvette</first-name><middle-initial>J</middle-initial><last-name>Ellis</last-name><address>4907 Fantages Way</address><city>Dark Harbor</city><state>ME</state><zipcode>04848</zipcode><country>US</country><email>Yvette.J.Ellis@mailinator.com</email><telephone>207-734-0973</telephone><birthday>10/8/1991</birthday><domain>RockyStore.com</domain><occupation>Treasurer</occupation><blood-type>O+</blood-type><pounds>158.6</pounds><kilograms>72.1</kilograms><feet-inches>5' 8&quot;</feet-inches><centimeters>172</centimeters><country>US</country><password>Wie4oobegoo</password><credit-card-type>Visa</credit-card-type><credit-card-number>4485415558452328</credit-card-number><cvv2>232</cvv2><credit-card-expiration>12/2012</credit-card-expiration></fake-person><!--THIS DATA IS FAKE AND IS NOT REAL!!  FOR EXAMPLE PURPOSES ONLY!!-->