<?xml version="1.0" ?><!--THIS DATA IS FAKE AND IS NOT REAL!!  FOR EXAMPLE PURPOSES ONLY!!--><fake-person id="005-82-1383" xmlns="http://www.marklogic.com/random/fake-people"><gender>male</gender><first-name>Joseph</first-name><middle-initial>D</middle-initial><last-name>Bermudes</last-name><address>2270 Bloomfield Way</address><city>Canton</city><state>ME</state><zipcode>04221</zipcode><country>US</country><email>Joseph.D.Bermudes@spambob.com</email><telephone>207-597-2692</telephone><birthday>9/16/1931</birthday><domain>BuyFinancials.com</domain><occupation>Gerontologist</occupation><blood-type>B-</blood-type><pounds>191.6</pounds><kilograms>87.1</kilograms><feet-inches>5' 9&quot;</feet-inches><centimeters>176</centimeters><country>US</country><password>ji2Jeiyee6</password><credit-card-type>MasterCard</credit-card-type><credit-card-number>5122555791617678</credit-card-number><cvv2>560</cvv2><credit-card-expiration>3/2013</credit-card-expiration></fake-person><!--THIS DATA IS FAKE AND IS NOT REAL!!  FOR EXAMPLE PURPOSES ONLY!!-->