<?xml version="1.0" ?><!--THIS DATA IS FAKE AND IS NOT REAL!!  FOR EXAMPLE PURPOSES ONLY!!--><fake-person id="005-70-6356" xmlns="http://www.marklogic.com/random/fake-people"><gender>female</gender><first-name>Teresa</first-name><middle-initial>C</middle-initial><last-name>Dominguez</last-name><address>1249 Fantages Way</address><city>Pembroke</city><state>ME</state><zipcode>04666</zipcode><country>US</country><email>Teresa.C.Dominguez@dodgit.com</email><telephone>207-726-1238</telephone><birthday>3/16/1959</birthday><domain>NewsOpportunity.com</domain><occupation>Physical therapist</occupation><blood-type>O-</blood-type><pounds>216.5</pounds><kilograms>98.4</kilograms><feet-inches>5' 8&quot;</feet-inches><centimeters>172</centimeters><country>US</country><password>elaiphu7Sa2</password><credit-card-type>Visa</credit-card-type><credit-card-number>4929475972755197</credit-card-number><cvv2>029</cvv2><credit-card-expiration>11/2015</credit-card-expiration></fake-person><!--THIS DATA IS FAKE AND IS NOT REAL!!  FOR EXAMPLE PURPOSES ONLY!!-->