<?xml version="1.0" ?><!--THIS DATA IS FAKE AND IS NOT REAL!!  FOR EXAMPLE PURPOSES ONLY!!--><fake-person id="005-02-3309" xmlns="http://www.marklogic.com/random/fake-people"><gender>male</gender><first-name>Donald</first-name><middle-initial>K</middle-initial><last-name>Roberts</last-name><address>937 Victoria Court</address><city>Rumford</city><state>ME</state><zipcode>04276</zipcode><country>US</country><email>Donald.K.Roberts@spambob.com</email><telephone>207-364-9602</telephone><birthday>7/21/1936</birthday><domain>MaxiFly.com</domain><occupation>Sales agent</occupation><blood-type>O+</blood-type><pounds>226.6</pounds><kilograms>103</kilograms><feet-inches>5' 7&quot;</feet-inches><centimeters>170</centimeters><country>US</country><password>bahv3Chei</password><credit-card-type>Visa</credit-card-type><credit-card-number>4485081066501525</credit-card-number><cvv2>015</cvv2><credit-card-expiration>8/2011</credit-card-expiration></fake-person><!--THIS DATA IS FAKE AND IS NOT REAL!!  FOR EXAMPLE PURPOSES ONLY!!-->