<?xml version="1.0" ?><!--THIS DATA IS FAKE AND IS NOT REAL!!  FOR EXAMPLE PURPOSES ONLY!!--><fake-person id="005-34-3553" xmlns="http://www.marklogic.com/random/fake-people"><gender>male</gender><first-name>Ignacio</first-name><middle-initial>M</middle-initial><last-name>Ervin</last-name><address>1558 Bloomfield Way</address><city>Littleton</city><state>ME</state><zipcode>04760</zipcode><country>US</country><email>Ignacio.M.Ervin@mailinator.com</email><telephone>207-538-9066</telephone><birthday>6/8/1973</birthday><domain>WebsiteCD.com</domain><occupation>Textile bleaching and dyeing machine operator</occupation><blood-type>A+</blood-type><pounds>205.3</pounds><kilograms>93.3</kilograms><feet-inches>5' 7&quot;</feet-inches><centimeters>170</centimeters><country>US</country><password>Az2xoh7aij</password><credit-card-type>Visa</credit-card-type><credit-card-number>4556145427890028</credit-card-number><cvv2>831</cvv2><credit-card-expiration>6/2011</credit-card-expiration></fake-person><!--THIS DATA IS FAKE AND IS NOT REAL!!  FOR EXAMPLE PURPOSES ONLY!!-->