<?xml version="1.0" ?><!--THIS DATA IS FAKE AND IS NOT REAL!!  FOR EXAMPLE PURPOSES ONLY!!--><fake-person id="005-12-7523" xmlns="http://www.marklogic.com/random/fake-people"><gender>female</gender><first-name>Maria</first-name><middle-initial>N</middle-initial><last-name>Reed</last-name><address>966 Bloomfield Way</address><city>Portland</city><state>ME</state><zipcode>04101</zipcode><country>US</country><email>Maria.N.Reed@dodgit.com</email><telephone>207-541-8238</telephone><birthday>4/11/1983</birthday><domain>ToySearcher.com</domain><occupation>Surgeon</occupation><blood-type>AB+</blood-type><pounds>220.9</pounds><kilograms>100.4</kilograms><feet-inches>5' 7&quot;</feet-inches><centimeters>169</centimeters><country>US</country><password>Iesooc4zimon</password><credit-card-type>Visa</credit-card-type><credit-card-number>4532203277153069</credit-card-number><cvv2>195</cvv2><credit-card-expiration>4/2012</credit-card-expiration></fake-person><!--THIS DATA IS FAKE AND IS NOT REAL!!  FOR EXAMPLE PURPOSES ONLY!!-->