<?xml version="1.0" ?><!--THIS DATA IS FAKE AND IS NOT REAL!!  FOR EXAMPLE PURPOSES ONLY!!--><fake-person id="005-42-4615" xmlns="http://www.marklogic.com/random/fake-people"><gender>male</gender><first-name>Guadalupe</first-name><middle-initial>R</middle-initial><last-name>Linzy</last-name><address>167 Bloomfield Way</address><city>Rockwood</city><state>ME</state><zipcode>04478</zipcode><country>US</country><email>Guadalupe.R.Linzy@pookmail.com</email><telephone>207-534-1909</telephone><birthday>4/19/1939</birthday><domain>DoggieParks.com</domain><occupation>Organizational development consultant</occupation><blood-type>O+</blood-type><pounds>175.3</pounds><kilograms>79.7</kilograms><feet-inches>6' 0&quot;</feet-inches><centimeters>183</centimeters><country>US</country><password>UzahM6OhLoh</password><credit-card-type>Visa</credit-card-type><credit-card-number>4716351216052070</credit-card-number><cvv2>373</cvv2><credit-card-expiration>5/2011</credit-card-expiration></fake-person><!--THIS DATA IS FAKE AND IS NOT REAL!!  FOR EXAMPLE PURPOSES ONLY!!-->