<?xml version="1.0" ?><!--THIS DATA IS FAKE AND IS NOT REAL!!  FOR EXAMPLE PURPOSES ONLY!!--><fake-person id="005-24-4932" xmlns="http://www.marklogic.com/random/fake-people"><gender>male</gender><first-name>James</first-name><middle-initial>M</middle-initial><last-name>Landers</last-name><address>4985 Upton Avenue</address><city>Bangor</city><state>ME</state><zipcode>04401</zipcode><country>US</country><email>James.M.Landers@trashymail.com</email><telephone>207-852-7567</telephone><birthday>5/26/1962</birthday><domain>ShoppingMeter.com</domain><occupation>Animal care and service worker</occupation><blood-type>A+</blood-type><pounds>180.4</pounds><kilograms>82</kilograms><feet-inches>6' 0&quot;</feet-inches><centimeters>182</centimeters><country>US</country><password>gie6os0ahCh</password><credit-card-type>MasterCard</credit-card-type><credit-card-number>5193695912524454</credit-card-number><cvv2>729</cvv2><credit-card-expiration>3/2013</credit-card-expiration></fake-person><!--THIS DATA IS FAKE AND IS NOT REAL!!  FOR EXAMPLE PURPOSES ONLY!!-->