<?xml version="1.0" ?><!--THIS DATA IS FAKE AND IS NOT REAL!!  FOR EXAMPLE PURPOSES ONLY!!--><fake-person id="005-92-9881" xmlns="http://www.marklogic.com/random/fake-people"><gender>male</gender><first-name>Adam</first-name><middle-initial>D</middle-initial><last-name>Sanchez</last-name><address>435 Chipmunk Lane</address><city>Cumberland</city><state>ME</state><zipcode>04021</zipcode><country>US</country><email>Adam.D.Sanchez@pookmail.com</email><telephone>207-829-6473</telephone><birthday>2/17/1955</birthday><domain>CardWebs.com</domain><occupation>Textile winding, twisting, and drawing out machine operator</occupation><blood-type>AB-</blood-type><pounds>157.3</pounds><kilograms>71.5</kilograms><feet-inches>5' 10&quot;</feet-inches><centimeters>178</centimeters><country>US</country><password>CuuZ6Ni6ooG</password><credit-card-type>MasterCard</credit-card-type><credit-card-number>5459157360728755</credit-card-number><cvv2>835</cvv2><credit-card-expiration>1/2013</credit-card-expiration></fake-person><!--THIS DATA IS FAKE AND IS NOT REAL!!  FOR EXAMPLE PURPOSES ONLY!!-->