<?xml version="1.0" ?><!--THIS DATA IS FAKE AND IS NOT REAL!!  FOR EXAMPLE PURPOSES ONLY!!--><fake-person id="005-92-8310" xmlns="http://www.marklogic.com/random/fake-people"><gender>male</gender><first-name>Ronald</first-name><middle-initial>S</middle-initial><last-name>Morgan</last-name><address>497 Victoria Court</address><city>Portland</city><state>ME</state><zipcode>04101</zipcode><country>US</country><email>Ronald.S.Morgan@dodgit.com</email><telephone>207-409-2091</telephone><birthday>11/2/1947</birthday><domain>GreenBorn.com</domain><occupation>Electronic home entertainment equipment repairer</occupation><blood-type>O+</blood-type><pounds>176.7</pounds><kilograms>80.3</kilograms><feet-inches>6' 0&quot;</feet-inches><centimeters>182</centimeters><country>US</country><password>Uo1veexub</password><credit-card-type>MasterCard</credit-card-type><credit-card-number>5109562084174562</credit-card-number><cvv2>807</cvv2><credit-card-expiration>6/2014</credit-card-expiration></fake-person><!--THIS DATA IS FAKE AND IS NOT REAL!!  FOR EXAMPLE PURPOSES ONLY!!-->