<?xml version="1.0" ?><!--THIS DATA IS FAKE AND IS NOT REAL!!  FOR EXAMPLE PURPOSES ONLY!!--><fake-person id="005-54-8902" xmlns="http://www.marklogic.com/random/fake-people"><gender>female</gender><first-name>Karen</first-name><middle-initial>J</middle-initial><last-name>Vaughan</last-name><address>1607 Victoria Court</address><city>Sullivan</city><state>ME</state><zipcode>04689</zipcode><country>US</country><email>Karen.J.Vaughan@trashymail.com</email><telephone>207-422-4626</telephone><birthday>12/14/1973</birthday><domain>RecyclingFinder.com</domain><occupation>Dance captain</occupation><blood-type>AB+</blood-type><pounds>111.8</pounds><kilograms>50.8</kilograms><feet-inches>5' 9&quot;</feet-inches><centimeters>174</centimeters><country>US</country><password>Aijeo8ohch</password><credit-card-type>Visa</credit-card-type><credit-card-number>4716673256580003</credit-card-number><cvv2>694</cvv2><credit-card-expiration>11/2012</credit-card-expiration></fake-person><!--THIS DATA IS FAKE AND IS NOT REAL!!  FOR EXAMPLE PURPOSES ONLY!!-->