<?xml version="1.0" ?><!--THIS DATA IS FAKE AND IS NOT REAL!!  FOR EXAMPLE PURPOSES ONLY!!--><fake-person id="005-20-2104" xmlns="http://www.marklogic.com/random/fake-people"><gender>male</gender><first-name>Scott</first-name><middle-initial>J</middle-initial><last-name>Menjivar</last-name><address>4950 Victoria Court</address><city>Portland</city><state>ME</state><zipcode>04101</zipcode><country>US</country><email>Scott.J.Menjivar@pookmail.com</email><telephone>207-514-9022</telephone><birthday>5/24/1965</birthday><domain>AutoStations.com</domain><occupation>Language pathologist</occupation><blood-type>B+</blood-type><pounds>204.8</pounds><kilograms>93.1</kilograms><feet-inches>5' 10&quot;</feet-inches><centimeters>179</centimeters><country>US</country><password>eoPaech3Gup</password><credit-card-type>Visa</credit-card-type><credit-card-number>4539960801466407</credit-card-number><cvv2>158</cvv2><credit-card-expiration>9/2012</credit-card-expiration></fake-person><!--THIS DATA IS FAKE AND IS NOT REAL!!  FOR EXAMPLE PURPOSES ONLY!!-->