<?xml version="1.0" ?><!--THIS DATA IS FAKE AND IS NOT REAL!!  FOR EXAMPLE PURPOSES ONLY!!--><fake-person id="005-86-4244" xmlns="http://www.marklogic.com/random/fake-people"><gender>male</gender><first-name>Miguel</first-name><middle-initial>C</middle-initial><last-name>Ellis</last-name><address>99 Retreat Avenue</address><city>Mechanic Falls</city><state>ME</state><zipcode>04256</zipcode><country>US</country><email>Miguel.C.Ellis@trashymail.com</email><telephone>207-346-0178</telephone><birthday>11/2/1953</birthday><domain>ManGrip.com</domain><occupation>Administrative worker supervisor</occupation><blood-type>A+</blood-type><pounds>173.8</pounds><kilograms>79</kilograms><feet-inches>5' 11&quot;</feet-inches><centimeters>180</centimeters><country>US</country><password>aeJo3biis4</password><credit-card-type>MasterCard</credit-card-type><credit-card-number>5449187909271598</credit-card-number><cvv2>689</cvv2><credit-card-expiration>5/2012</credit-card-expiration></fake-person><!--THIS DATA IS FAKE AND IS NOT REAL!!  FOR EXAMPLE PURPOSES ONLY!!-->