<?xml version="1.0" ?><!--THIS DATA IS FAKE AND IS NOT REAL!!  FOR EXAMPLE PURPOSES ONLY!!--><fake-person id="005-46-8595" xmlns="http://www.marklogic.com/random/fake-people"><gender>female</gender><first-name>April</first-name><middle-initial>R</middle-initial><last-name>Estep</last-name><address>1573 Fantages Way</address><city>Presque Isle</city><state>ME</state><zipcode>04769</zipcode><country>US</country><email>April.R.Estep@dodgit.com</email><telephone>207-760-8244</telephone><birthday>9/20/1971</birthday><domain>LandscapingMakeover.com</domain><occupation>Agricultural laborer</occupation><blood-type>O+</blood-type><pounds>137.7</pounds><kilograms>62.6</kilograms><feet-inches>5' 7&quot;</feet-inches><centimeters>171</centimeters><country>US</country><password>Tah3ooZi6</password><credit-card-type>MasterCard</credit-card-type><credit-card-number>5285296866871287</credit-card-number><cvv2>321</cvv2><credit-card-expiration>4/2011</credit-card-expiration></fake-person><!--THIS DATA IS FAKE AND IS NOT REAL!!  FOR EXAMPLE PURPOSES ONLY!!-->