<?xml version="1.0" ?><!--THIS DATA IS FAKE AND IS NOT REAL!!  FOR EXAMPLE PURPOSES ONLY!!--><fake-person id="005-42-9409" xmlns="http://www.marklogic.com/random/fake-people"><gender>male</gender><first-name>Richard</first-name><middle-initial>M</middle-initial><last-name>Anthony</last-name><address>3527 Victoria Court</address><city>Caribou</city><state>ME</state><zipcode>04736</zipcode><country>US</country><email>Richard.M.Anthony@trashymail.com</email><telephone>207-496-3989</telephone><birthday>6/4/1940</birthday><domain>PizzaHeadquarters.com</domain><occupation>Locomotive engineer</occupation><blood-type>AB+</blood-type><pounds>207.9</pounds><kilograms>94.5</kilograms><feet-inches>5' 9&quot;</feet-inches><centimeters>176</centimeters><country>US</country><password>pa8eBael</password><credit-card-type>Visa</credit-card-type><credit-card-number>4539149281125796</credit-card-number><cvv2>955</cvv2><credit-card-expiration>8/2014</credit-card-expiration></fake-person><!--THIS DATA IS FAKE AND IS NOT REAL!!  FOR EXAMPLE PURPOSES ONLY!!-->