<?xml version="1.0" ?><!--THIS DATA IS FAKE AND IS NOT REAL!!  FOR EXAMPLE PURPOSES ONLY!!--><fake-person id="006-26-1850" xmlns="http://www.marklogic.com/random/fake-people"><gender>male</gender><first-name>Jeffery</first-name><middle-initial>C</middle-initial><last-name>Moore</last-name><address>3141 Fantages Way</address><city>Portland</city><state>ME</state><zipcode>04101</zipcode><country>US</country><email>Jeffery.C.Moore@spambob.com</email><telephone>207-772-8489</telephone><birthday>1/6/1979</birthday><domain>DebtSupply.com</domain><occupation>Clinical psychologist</occupation><blood-type>O+</blood-type><pounds>183.9</pounds><kilograms>83.6</kilograms><feet-inches>6' 1&quot;</feet-inches><centimeters>186</centimeters><country>US</country><password>chaeTai8</password><credit-card-type>Visa</credit-card-type><credit-card-number>4485789966560603</credit-card-number><cvv2>271</cvv2><credit-card-expiration>6/2012</credit-card-expiration></fake-person><!--THIS DATA IS FAKE AND IS NOT REAL!!  FOR EXAMPLE PURPOSES ONLY!!-->