<?xml version="1.0" ?><!--THIS DATA IS FAKE AND IS NOT REAL!!  FOR EXAMPLE PURPOSES ONLY!!--><fake-person id="006-06-2448" xmlns="http://www.marklogic.com/random/fake-people"><gender>female</gender><first-name>Alma</first-name><middle-initial>P</middle-initial><last-name>Browne</last-name><address>140 Fantages Way</address><city>Dover</city><state>ME</state><zipcode>03820</zipcode><country>US</country><email>Alma.P.Browne@spambob.com</email><telephone>207-748-5873</telephone><birthday>11/12/1949</birthday><domain>ParentExam.com</domain><occupation>Pest control technician</occupation><blood-type>A+</blood-type><pounds>211</pounds><kilograms>95.9</kilograms><feet-inches>5' 2&quot;</feet-inches><centimeters>158</centimeters><country>US</country><password>Wel1eeh4Ph</password><credit-card-type>Visa</credit-card-type><credit-card-number>4556212171155105</credit-card-number><cvv2>628</cvv2><credit-card-expiration>1/2015</credit-card-expiration></fake-person><!--THIS DATA IS FAKE AND IS NOT REAL!!  FOR EXAMPLE PURPOSES ONLY!!-->