<?xml version="1.0" ?><!--THIS DATA IS FAKE AND IS NOT REAL!!  FOR EXAMPLE PURPOSES ONLY!!--><fake-person id="006-50-2252" xmlns="http://www.marklogic.com/random/fake-people"><gender>male</gender><first-name>Phillip</first-name><middle-initial>M</middle-initial><last-name>Reed</last-name><address>3528 Upton Avenue</address><city>Belfast</city><state>ME</state><zipcode>04915</zipcode><country>US</country><email>Phillip.M.Reed@dodgit.com</email><telephone>207-930-5272</telephone><birthday>1/8/1980</birthday><domain>FinancialFame.com</domain><occupation>Process pipeline drafter</occupation><blood-type>A+</blood-type><pounds>159.3</pounds><kilograms>72.4</kilograms><feet-inches>5' 7&quot;</feet-inches><centimeters>170</centimeters><country>US</country><password>beiNg9oh</password><credit-card-type>MasterCard</credit-card-type><credit-card-number>5522645506998368</credit-card-number><cvv2>113</cvv2><credit-card-expiration>8/2012</credit-card-expiration></fake-person><!--THIS DATA IS FAKE AND IS NOT REAL!!  FOR EXAMPLE PURPOSES ONLY!!-->