<?xml version="1.0" ?><!--THIS DATA IS FAKE AND IS NOT REAL!!  FOR EXAMPLE PURPOSES ONLY!!--><fake-person id="006-78-5594" xmlns="http://www.marklogic.com/random/fake-people"><gender>female</gender><first-name>Bonita</first-name><middle-initial>A</middle-initial><last-name>Baumann</last-name><address>1409 Victoria Court</address><city>Brunswick</city><state>ME</state><zipcode>04011</zipcode><country>US</country><email>Bonita.A.Baumann@mailinator.com</email><telephone>207-373-6910</telephone><birthday>4/7/1983</birthday><domain>MissingBag.com</domain><occupation>Field sales supervisor</occupation><blood-type>O+</blood-type><pounds>187.7</pounds><kilograms>85.3</kilograms><feet-inches>5' 9&quot;</feet-inches><centimeters>174</centimeters><country>US</country><password>Aegoe1ujahr</password><credit-card-type>MasterCard</credit-card-type><credit-card-number>5511365138385081</credit-card-number><cvv2>486</cvv2><credit-card-expiration>6/2012</credit-card-expiration></fake-person><!--THIS DATA IS FAKE AND IS NOT REAL!!  FOR EXAMPLE PURPOSES ONLY!!-->