<?xml version="1.0" ?><!--THIS DATA IS FAKE AND IS NOT REAL!!  FOR EXAMPLE PURPOSES ONLY!!--><fake-person id="006-84-7558" xmlns="http://www.marklogic.com/random/fake-people"><gender>male</gender><first-name>Ryan</first-name><middle-initial>B</middle-initial><last-name>Church</last-name><address>3371 Fantages Way</address><city>Steep Falls</city><state>ME</state><zipcode>04085</zipcode><country>US</country><email>Ryan.B.Church@dodgit.com</email><telephone>207-675-0135</telephone><birthday>1/2/1956</birthday><domain>BuyHour.com</domain><occupation>Claims representative</occupation><blood-type>B+</blood-type><pounds>213.6</pounds><kilograms>97.1</kilograms><feet-inches>5' 7&quot;</feet-inches><centimeters>170</centimeters><country>US</country><password>seiThohj7</password><credit-card-type>MasterCard</credit-card-type><credit-card-number>5447420253076913</credit-card-number><cvv2>156</cvv2><credit-card-expiration>4/2014</credit-card-expiration></fake-person><!--THIS DATA IS FAKE AND IS NOT REAL!!  FOR EXAMPLE PURPOSES ONLY!!-->