<?xml version="1.0" ?><!--THIS DATA IS FAKE AND IS NOT REAL!!  FOR EXAMPLE PURPOSES ONLY!!--><fake-person id="006-76-8418" xmlns="http://www.marklogic.com/random/fake-people"><gender>female</gender><first-name>Monica</first-name><middle-initial>A</middle-initial><last-name>Wallace</last-name><address>248 Bloomfield Way</address><city>Gardiner</city><state>ME</state><zipcode>04345</zipcode><country>US</country><email>Monica.A.Wallace@dodgit.com</email><telephone>207-582-7862</telephone><birthday>1/12/1957</birthday><domain>FraudPod.com</domain><occupation>Property manager</occupation><blood-type>B+</blood-type><pounds>160.4</pounds><kilograms>72.9</kilograms><feet-inches>5' 7&quot;</feet-inches><centimeters>169</centimeters><country>US</country><password>ahx0ahThah</password><credit-card-type>MasterCard</credit-card-type><credit-card-number>5585991480168170</credit-card-number><cvv2>306</cvv2><credit-card-expiration>2/2015</credit-card-expiration></fake-person><!--THIS DATA IS FAKE AND IS NOT REAL!!  FOR EXAMPLE PURPOSES ONLY!!-->