<?xml version="1.0" ?><!--THIS DATA IS FAKE AND IS NOT REAL!!  FOR EXAMPLE PURPOSES ONLY!!--><fake-person id="006-14-8628" xmlns="http://www.marklogic.com/random/fake-people"><gender>female</gender><first-name>Crystal</first-name><middle-initial>S</middle-initial><last-name>Vazquez</last-name><address>177 Victoria Court</address><city>Portland</city><state>ME</state><zipcode>04101</zipcode><country>US</country><email>Crystal.S.Vazquez@mailinator.com</email><telephone>207-504-8904</telephone><birthday>4/6/1972</birthday><domain>BakeryReview.com</domain><occupation>Host</occupation><blood-type>O+</blood-type><pounds>194.7</pounds><kilograms>88.5</kilograms><feet-inches>5' 4&quot;</feet-inches><centimeters>162</centimeters><country>US</country><password>rah0mohMai</password><credit-card-type>Visa</credit-card-type><credit-card-number>4929101300893852</credit-card-number><cvv2>583</cvv2><credit-card-expiration>9/2012</credit-card-expiration></fake-person><!--THIS DATA IS FAKE AND IS NOT REAL!!  FOR EXAMPLE PURPOSES ONLY!!-->