<?xml version="1.0" ?><!--THIS DATA IS FAKE AND IS NOT REAL!!  FOR EXAMPLE PURPOSES ONLY!!--><fake-person id="006-68-1291" xmlns="http://www.marklogic.com/random/fake-people"><gender>female</gender><first-name>Janene</first-name><middle-initial>G</middle-initial><last-name>Steen</last-name><address>2859 Chipmunk Lane</address><city>Fairfield</city><state>ME</state><zipcode>04937</zipcode><country>US</country><email>Janene.G.Steen@pookmail.com</email><telephone>207-238-8416</telephone><birthday>8/16/1950</birthday><domain>GetEvidence.com</domain><occupation>ESL teacher</occupation><blood-type>A+</blood-type><pounds>145.4</pounds><kilograms>66.1</kilograms><feet-inches>5' 5&quot;</feet-inches><centimeters>165</centimeters><country>US</country><password>ohShae9ahng4</password><credit-card-type>Visa</credit-card-type><credit-card-number>4716388533790222</credit-card-number><cvv2>653</cvv2><credit-card-expiration>6/2013</credit-card-expiration></fake-person><!--THIS DATA IS FAKE AND IS NOT REAL!!  FOR EXAMPLE PURPOSES ONLY!!-->