<?xml version="1.0" ?><!--THIS DATA IS FAKE AND IS NOT REAL!!  FOR EXAMPLE PURPOSES ONLY!!--><fake-person id="006-98-5338" xmlns="http://www.marklogic.com/random/fake-people"><gender>female</gender><first-name>Janet</first-name><middle-initial>H</middle-initial><last-name>Miller</last-name><address>438 Bloomfield Way</address><city>Gardiner</city><state>ME</state><zipcode>04345</zipcode><country>US</country><email>Janet.H.Miller@mailinator.com</email><telephone>207-588-6544</telephone><birthday>9/21/1948</birthday><domain>FasterBlogs.com</domain><occupation>Marketing coordinator</occupation><blood-type>O+</blood-type><pounds>215.4</pounds><kilograms>97.9</kilograms><feet-inches>5' 8&quot;</feet-inches><centimeters>172</centimeters><country>US</country><password>rohSoej0Ae</password><credit-card-type>Visa</credit-card-type><credit-card-number>4916184970432636</credit-card-number><cvv2>181</cvv2><credit-card-expiration>7/2014</credit-card-expiration></fake-person><!--THIS DATA IS FAKE AND IS NOT REAL!!  FOR EXAMPLE PURPOSES ONLY!!-->