<?xml version="1.0" ?><!--THIS DATA IS FAKE AND IS NOT REAL!!  FOR EXAMPLE PURPOSES ONLY!!--><fake-person id="006-96-1323" xmlns="http://www.marklogic.com/random/fake-people"><gender>male</gender><first-name>Louis</first-name><middle-initial>D</middle-initial><last-name>Howe</last-name><address>3719 Chipmunk Lane</address><city>Northeast Harbor</city><state>ME</state><zipcode>04622</zipcode><country>US</country><email>Louis.D.Howe@dodgit.com</email><telephone>207-276-1358</telephone><birthday>10/13/1952</birthday><domain>BustMoves.com</domain><occupation>Systems architect</occupation><blood-type>B+</blood-type><pounds>223.7</pounds><kilograms>101.7</kilograms><feet-inches>5' 9&quot;</feet-inches><centimeters>176</centimeters><country>US</country><password>Soogh9pei3</password><credit-card-type>MasterCard</credit-card-type><credit-card-number>5494163417269840</credit-card-number><cvv2>208</cvv2><credit-card-expiration>10/2015</credit-card-expiration></fake-person><!--THIS DATA IS FAKE AND IS NOT REAL!!  FOR EXAMPLE PURPOSES ONLY!!-->