<?xml version="1.0" ?><!--THIS DATA IS FAKE AND IS NOT REAL!!  FOR EXAMPLE PURPOSES ONLY!!--><fake-person id="006-52-5419" xmlns="http://www.marklogic.com/random/fake-people"><gender>female</gender><first-name>Melissa</first-name><middle-initial>J</middle-initial><last-name>Lewis</last-name><address>1312 Upton Avenue</address><city>Gorham</city><state>ME</state><zipcode>04038</zipcode><country>US</country><email>Melissa.J.Lewis@pookmail.com</email><telephone>207-839-5481</telephone><birthday>9/30/1988</birthday><domain>CopCameras.com</domain><occupation>Tax preparer</occupation><blood-type>O+</blood-type><pounds>208.3</pounds><kilograms>94.7</kilograms><feet-inches>5' 6&quot;</feet-inches><centimeters>168</centimeters><country>US</country><password>ea1Ahhei7H</password><credit-card-type>MasterCard</credit-card-type><credit-card-number>5203704089057898</credit-card-number><cvv2>557</cvv2><credit-card-expiration>9/2011</credit-card-expiration></fake-person><!--THIS DATA IS FAKE AND IS NOT REAL!!  FOR EXAMPLE PURPOSES ONLY!!-->