<?xml version="1.0" ?><!--THIS DATA IS FAKE AND IS NOT REAL!!  FOR EXAMPLE PURPOSES ONLY!!--><fake-person id="006-42-5979" xmlns="http://www.marklogic.com/random/fake-people"><gender>female</gender><first-name>Roseann</first-name><middle-initial>A</middle-initial><last-name>Hauck</last-name><address>2015 Upton Avenue</address><city>Yarmouth</city><state>ME</state><zipcode>04096</zipcode><country>US</country><email>Roseann.A.Hauck@mailinator.com</email><telephone>207-847-4921</telephone><birthday>3/20/1976</birthday><domain>DadClass.com</domain><occupation>Slot key person</occupation><blood-type>B+</blood-type><pounds>117</pounds><kilograms>53.2</kilograms><feet-inches>5' 2&quot;</feet-inches><centimeters>158</centimeters><country>US</country><password>UraeW0iej3</password><credit-card-type>MasterCard</credit-card-type><credit-card-number>5352223790288360</credit-card-number><cvv2>024</cvv2><credit-card-expiration>12/2014</credit-card-expiration></fake-person><!--THIS DATA IS FAKE AND IS NOT REAL!!  FOR EXAMPLE PURPOSES ONLY!!-->