<?xml version="1.0" ?><!--THIS DATA IS FAKE AND IS NOT REAL!!  FOR EXAMPLE PURPOSES ONLY!!--><fake-person id="006-96-8317" xmlns="http://www.marklogic.com/random/fake-people"><gender>female</gender><first-name>Yolanda</first-name><middle-initial>A</middle-initial><last-name>Corbett</last-name><address>702 Fantages Way</address><city>Harmony</city><state>ME</state><zipcode>04942</zipcode><country>US</country><email>Yolanda.A.Corbett@mailinator.com</email><telephone>207-683-6882</telephone><birthday>4/27/1939</birthday><domain>PollAlerts.com</domain><occupation>Job training specialist</occupation><blood-type>A-</blood-type><pounds>208.8</pounds><kilograms>94.9</kilograms><feet-inches>5' 7&quot;</feet-inches><centimeters>171</centimeters><country>US</country><password>eK7ahy7jei</password><credit-card-type>Visa</credit-card-type><credit-card-number>4532636135658490</credit-card-number><cvv2>872</cvv2><credit-card-expiration>10/2011</credit-card-expiration></fake-person><!--THIS DATA IS FAKE AND IS NOT REAL!!  FOR EXAMPLE PURPOSES ONLY!!-->