<?xml version="1.0" ?><!--THIS DATA IS FAKE AND IS NOT REAL!!  FOR EXAMPLE PURPOSES ONLY!!--><fake-person id="006-07-8042" xmlns="http://www.marklogic.com/random/fake-people"><gender>female</gender><first-name>Louise</first-name><middle-initial>S</middle-initial><last-name>Lyles</last-name><address>2816 Retreat Avenue</address><city>Bangor</city><state>ME</state><zipcode>04401</zipcode><country>US</country><email>Louise.S.Lyles@pookmail.com</email><telephone>207-323-5493</telephone><birthday>5/14/1988</birthday><domain>MediaScams.com</domain><occupation>Accounts receivable clerk</occupation><blood-type>B+</blood-type><pounds>152.5</pounds><kilograms>69.3</kilograms><feet-inches>5' 6&quot;</feet-inches><centimeters>167</centimeters><country>US</country><password>aeraiX2saM</password><credit-card-type>MasterCard</credit-card-type><credit-card-number>5317076174580230</credit-card-number><cvv2>273</cvv2><credit-card-expiration>8/2015</credit-card-expiration></fake-person><!--THIS DATA IS FAKE AND IS NOT REAL!!  FOR EXAMPLE PURPOSES ONLY!!-->