<?xml version="1.0" ?><!--THIS DATA IS FAKE AND IS NOT REAL!!  FOR EXAMPLE PURPOSES ONLY!!--><fake-person id="006-90-5171" xmlns="http://www.marklogic.com/random/fake-people"><gender>male</gender><first-name>Kevin</first-name><middle-initial>C</middle-initial><last-name>Maurer</last-name><address>60 Retreat Avenue</address><city>Sanford</city><state>ME</state><zipcode>04073</zipcode><country>US</country><email>Kevin.C.Maurer@pookmail.com</email><telephone>207-324-1330</telephone><birthday>2/18/1972</birthday><domain>vMinnesota.com</domain><occupation>Line repairer</occupation><blood-type>A+</blood-type><pounds>149.8</pounds><kilograms>68.1</kilograms><feet-inches>6' 2&quot;</feet-inches><centimeters>188</centimeters><country>US</country><password>vis4Aish</password><credit-card-type>Visa</credit-card-type><credit-card-number>4556686527546424</credit-card-number><cvv2>085</cvv2><credit-card-expiration>2/2014</credit-card-expiration></fake-person><!--THIS DATA IS FAKE AND IS NOT REAL!!  FOR EXAMPLE PURPOSES ONLY!!-->