<?xml version="1.0" ?><!--THIS DATA IS FAKE AND IS NOT REAL!!  FOR EXAMPLE PURPOSES ONLY!!--><fake-person id="006-50-8626" xmlns="http://www.marklogic.com/random/fake-people"><gender>male</gender><first-name>Wilson</first-name><middle-initial>B</middle-initial><last-name>Jackson</last-name><address>3172 Bloomfield Way</address><city>Mercer</city><state>ME</state><zipcode>04957</zipcode><country>US</country><email>Wilson.B.Jackson@pookmail.com</email><telephone>207-587-1756</telephone><birthday>6/1/1948</birthday><domain>FamilyLoss.com</domain><occupation>Merchandise distributor</occupation><blood-type>O+</blood-type><pounds>235.2</pounds><kilograms>106.9</kilograms><feet-inches>5' 8&quot;</feet-inches><centimeters>173</centimeters><country>US</country><password>ohc4mooR</password><credit-card-type>MasterCard</credit-card-type><credit-card-number>5496898980928441</credit-card-number><cvv2>303</cvv2><credit-card-expiration>2/2012</credit-card-expiration></fake-person><!--THIS DATA IS FAKE AND IS NOT REAL!!  FOR EXAMPLE PURPOSES ONLY!!-->