<?xml version="1.0" ?><!--THIS DATA IS FAKE AND IS NOT REAL!!  FOR EXAMPLE PURPOSES ONLY!!--><fake-person id="006-04-1459" xmlns="http://www.marklogic.com/random/fake-people"><gender>female</gender><first-name>Lori</first-name><middle-initial>C</middle-initial><last-name>Eberhart</last-name><address>2706 Victoria Court</address><city>Brunswick</city><state>ME</state><zipcode>04011</zipcode><country>US</country><email>Lori.C.Eberhart@mailinator.com</email><telephone>207-373-9745</telephone><birthday>10/30/1955</birthday><domain>GPSGolfing.com</domain><occupation>Server</occupation><blood-type>O+</blood-type><pounds>114</pounds><kilograms>51.8</kilograms><feet-inches>5' 5&quot;</feet-inches><centimeters>165</centimeters><country>US</country><password>bae3Ceich</password><credit-card-type>Visa</credit-card-type><credit-card-number>4485071731947575</credit-card-number><cvv2>661</cvv2><credit-card-expiration>5/2015</credit-card-expiration></fake-person><!--THIS DATA IS FAKE AND IS NOT REAL!!  FOR EXAMPLE PURPOSES ONLY!!-->