<?xml version="1.0" ?><!--THIS DATA IS FAKE AND IS NOT REAL!!  FOR EXAMPLE PURPOSES ONLY!!--><fake-person id="006-26-5330" xmlns="http://www.marklogic.com/random/fake-people"><gender>male</gender><first-name>Corey</first-name><middle-initial>C</middle-initial><last-name>Johnston</last-name><address>4677 Upton Avenue</address><city>Portland</city><state>ME</state><zipcode>04101</zipcode><country>US</country><email>Corey.C.Johnston@trashymail.com</email><telephone>207-891-5274</telephone><birthday>3/2/1959</birthday><domain>AlarmMail.com</domain><occupation>Lathe and turning machine tool tender</occupation><blood-type>O+</blood-type><pounds>236.7</pounds><kilograms>107.6</kilograms><feet-inches>5' 10&quot;</feet-inches><centimeters>179</centimeters><country>US</country><password>Eiv2meunee</password><credit-card-type>MasterCard</credit-card-type><credit-card-number>5156006245033137</credit-card-number><cvv2>042</cvv2><credit-card-expiration>11/2015</credit-card-expiration></fake-person><!--THIS DATA IS FAKE AND IS NOT REAL!!  FOR EXAMPLE PURPOSES ONLY!!-->