<?xml version="1.0" ?><!--THIS DATA IS FAKE AND IS NOT REAL!!  FOR EXAMPLE PURPOSES ONLY!!--><fake-person id="006-98-1288" xmlns="http://www.marklogic.com/random/fake-people"><gender>male</gender><first-name>Jeremiah</first-name><middle-initial>A</middle-initial><last-name>Johnson</last-name><address>660 Victoria Court</address><city>Kennebunk</city><state>ME</state><zipcode>04043</zipcode><country>US</country><email>Jeremiah.A.Johnson@dodgit.com</email><telephone>207-467-6169</telephone><birthday>3/19/1928</birthday><domain>SpaDip.com</domain><occupation>Loan counselor</occupation><blood-type>A+</blood-type><pounds>211.9</pounds><kilograms>96.3</kilograms><feet-inches>5' 11&quot;</feet-inches><centimeters>180</centimeters><country>US</country><password>thae1Thunae</password><credit-card-type>Visa</credit-card-type><credit-card-number>4716225075957902</credit-card-number><cvv2>208</cvv2><credit-card-expiration>4/2014</credit-card-expiration></fake-person><!--THIS DATA IS FAKE AND IS NOT REAL!!  FOR EXAMPLE PURPOSES ONLY!!-->