<?xml version="1.0" ?><!--THIS DATA IS FAKE AND IS NOT REAL!!  FOR EXAMPLE PURPOSES ONLY!!--><fake-person id="006-86-4324" xmlns="http://www.marklogic.com/random/fake-people"><gender>male</gender><first-name>William</first-name><middle-initial>T</middle-initial><last-name>Smith</last-name><address>4525 Upton Avenue</address><city>Westbrook</city><state>ME</state><zipcode>04092</zipcode><country>US</country><email>William.T.Smith@spambob.com</email><telephone>207-916-0512</telephone><birthday>9/18/1973</birthday><domain>Billiards411.com</domain><occupation>Store detective</occupation><blood-type>O-</blood-type><pounds>208.3</pounds><kilograms>94.7</kilograms><feet-inches>6' 2&quot;</feet-inches><centimeters>189</centimeters><country>US</country><password>Ohmiezu2</password><credit-card-type>Visa</credit-card-type><credit-card-number>4485869901788590</credit-card-number><cvv2>840</cvv2><credit-card-expiration>11/2015</credit-card-expiration></fake-person><!--THIS DATA IS FAKE AND IS NOT REAL!!  FOR EXAMPLE PURPOSES ONLY!!-->