<?xml version="1.0" ?><!--THIS DATA IS FAKE AND IS NOT REAL!!  FOR EXAMPLE PURPOSES ONLY!!--><fake-person id="006-32-2804" xmlns="http://www.marklogic.com/random/fake-people"><gender>male</gender><first-name>Shane</first-name><middle-initial>A</middle-initial><last-name>Castrejon</last-name><address>3412 Bloomfield Way</address><city>Portland</city><state>ME</state><zipcode>04101</zipcode><country>US</country><email>Shane.A.Castrejon@trashymail.com</email><telephone>207-653-2853</telephone><birthday>11/30/1937</birthday><domain>VoiceZap.com</domain><occupation>Log mover</occupation><blood-type>A+</blood-type><pounds>183</pounds><kilograms>83.2</kilograms><feet-inches>6' 0&quot;</feet-inches><centimeters>182</centimeters><country>US</country><password>Woo5oom3ah</password><credit-card-type>Visa</credit-card-type><credit-card-number>4556348865513108</credit-card-number><cvv2>513</cvv2><credit-card-expiration>7/2012</credit-card-expiration></fake-person><!--THIS DATA IS FAKE AND IS NOT REAL!!  FOR EXAMPLE PURPOSES ONLY!!-->