<?xml version="1.0" ?><!--THIS DATA IS FAKE AND IS NOT REAL!!  FOR EXAMPLE PURPOSES ONLY!!--><fake-person id="006-40-6559" xmlns="http://www.marklogic.com/random/fake-people"><gender>female</gender><first-name>Mattie</first-name><middle-initial>A</middle-initial><last-name>Shain</last-name><address>953 Bloomfield Way</address><city>Portland</city><state>ME</state><zipcode>04101</zipcode><country>US</country><email>Mattie.A.Shain@trashymail.com</email><telephone>207-591-8855</telephone><birthday>11/23/1963</birthday><domain>RingShare.com</domain><occupation>Fork lift driver</occupation><blood-type>B+</blood-type><pounds>194.3</pounds><kilograms>88.3</kilograms><feet-inches>5' 5&quot;</feet-inches><centimeters>166</centimeters><country>US</country><password>daeGui7u</password><credit-card-type>Visa</credit-card-type><credit-card-number>4539867963846575</credit-card-number><cvv2>768</cvv2><credit-card-expiration>12/2013</credit-card-expiration></fake-person><!--THIS DATA IS FAKE AND IS NOT REAL!!  FOR EXAMPLE PURPOSES ONLY!!-->