<?xml version="1.0" ?><!--THIS DATA IS FAKE AND IS NOT REAL!!  FOR EXAMPLE PURPOSES ONLY!!--><fake-person id="006-58-6072" xmlns="http://www.marklogic.com/random/fake-people"><gender>female</gender><first-name>Mary</first-name><middle-initial>J</middle-initial><last-name>Bender</last-name><address>3454 Victoria Court</address><city>Rome</city><state>ME</state><zipcode>04955</zipcode><country>US</country><email>Mary.J.Bender@spambob.com</email><telephone>207-397-3189</telephone><birthday>7/9/1967</birthday><domain>StandardOdds.com</domain><occupation>Engraver set-up operator</occupation><blood-type>AB+</blood-type><pounds>209.4</pounds><kilograms>95.2</kilograms><feet-inches>5' 1&quot;</feet-inches><centimeters>156</centimeters><country>US</country><password>ucheiK9ah</password><credit-card-type>Visa</credit-card-type><credit-card-number>4532863412644908</credit-card-number><cvv2>254</cvv2><credit-card-expiration>3/2011</credit-card-expiration></fake-person><!--THIS DATA IS FAKE AND IS NOT REAL!!  FOR EXAMPLE PURPOSES ONLY!!-->