<?xml version="1.0" ?><!--THIS DATA IS FAKE AND IS NOT REAL!!  FOR EXAMPLE PURPOSES ONLY!!--><fake-person id="006-60-0301" xmlns="http://www.marklogic.com/random/fake-people"><gender>female</gender><first-name>Anna</first-name><middle-initial>E</middle-initial><last-name>Burlingame</last-name><address>552 Victoria Court</address><city>Portland</city><state>ME</state><zipcode>04101</zipcode><country>US</country><email>Anna.E.Burlingame@trashymail.com</email><telephone>207-378-2157</telephone><birthday>3/10/1970</birthday><domain>BounceThrough.com</domain><occupation>Osteopathic surgeon</occupation><blood-type>A+</blood-type><pounds>166.8</pounds><kilograms>75.8</kilograms><feet-inches>5' 4&quot;</feet-inches><centimeters>162</centimeters><country>US</country><password>eiHa7ue1c</password><credit-card-type>Visa</credit-card-type><credit-card-number>4556615884399168</credit-card-number><cvv2>798</cvv2><credit-card-expiration>3/2012</credit-card-expiration></fake-person><!--THIS DATA IS FAKE AND IS NOT REAL!!  FOR EXAMPLE PURPOSES ONLY!!-->