<?xml version="1.0" ?><!--THIS DATA IS FAKE AND IS NOT REAL!!  FOR EXAMPLE PURPOSES ONLY!!--><fake-person id="006-64-1990" xmlns="http://www.marklogic.com/random/fake-people"><gender>male</gender><first-name>Dale</first-name><middle-initial>E</middle-initial><last-name>Rowe</last-name><address>1694 Upton Avenue</address><city>Hartland</city><state>ME</state><zipcode>04943</zipcode><country>US</country><email>Dale.E.Rowe@spambob.com</email><telephone>207-938-2063</telephone><birthday>10/23/1960</birthday><domain>TrustedCleaners.com</domain><occupation>Tax assessor</occupation><blood-type>A+</blood-type><pounds>212.3</pounds><kilograms>96.5</kilograms><feet-inches>6' 0&quot;</feet-inches><centimeters>184</centimeters><country>US</country><password>aeraB9phei</password><credit-card-type>MasterCard</credit-card-type><credit-card-number>5524641581676670</credit-card-number><cvv2>254</cvv2><credit-card-expiration>10/2013</credit-card-expiration></fake-person><!--THIS DATA IS FAKE AND IS NOT REAL!!  FOR EXAMPLE PURPOSES ONLY!!-->