<?xml version="1.0" ?><!--THIS DATA IS FAKE AND IS NOT REAL!!  FOR EXAMPLE PURPOSES ONLY!!--><fake-person id="006-88-1597" xmlns="http://www.marklogic.com/random/fake-people"><gender>male</gender><first-name>James</first-name><middle-initial>M</middle-initial><last-name>Wright</last-name><address>3480 Upton Avenue</address><city>North Deering</city><state>ME</state><zipcode>04103</zipcode><country>US</country><email>James.M.Wright@spambob.com</email><telephone>207-878-6459</telephone><birthday>1/31/1958</birthday><domain>ClayCleaner.com</domain><occupation>Conference service coordinator</occupation><blood-type>B+</blood-type><pounds>144.3</pounds><kilograms>65.6</kilograms><feet-inches>5' 7&quot;</feet-inches><centimeters>171</centimeters><country>US</country><password>ievooZoh8ah</password><credit-card-type>Visa</credit-card-type><credit-card-number>4916154647800556</credit-card-number><cvv2>814</cvv2><credit-card-expiration>5/2012</credit-card-expiration></fake-person><!--THIS DATA IS FAKE AND IS NOT REAL!!  FOR EXAMPLE PURPOSES ONLY!!-->