<?xml version="1.0" ?><!--THIS DATA IS FAKE AND IS NOT REAL!!  FOR EXAMPLE PURPOSES ONLY!!--><fake-person id="006-72-5081" xmlns="http://www.marklogic.com/random/fake-people"><gender>male</gender><first-name>James</first-name><middle-initial>M</middle-initial><last-name>True</last-name><address>2414 Bloomfield Way</address><city>Portland</city><state>ME</state><zipcode>04101</zipcode><country>US</country><email>James.M.True@trashymail.com</email><telephone>207-574-5735</telephone><birthday>8/16/1959</birthday><domain>MobileGyms.com</domain><occupation>Letterpress setter</occupation><blood-type>O-</blood-type><pounds>207.5</pounds><kilograms>94.3</kilograms><feet-inches>6' 2&quot;</feet-inches><centimeters>187</centimeters><country>US</country><password>aife6Thael</password><credit-card-type>MasterCard</credit-card-type><credit-card-number>5137516959084864</credit-card-number><cvv2>816</cvv2><credit-card-expiration>10/2015</credit-card-expiration></fake-person><!--THIS DATA IS FAKE AND IS NOT REAL!!  FOR EXAMPLE PURPOSES ONLY!!-->