<?xml version="1.0" ?><!--THIS DATA IS FAKE AND IS NOT REAL!!  FOR EXAMPLE PURPOSES ONLY!!--><fake-person id="006-52-9684" xmlns="http://www.marklogic.com/random/fake-people"><gender>male</gender><first-name>Jasper</first-name><middle-initial>B</middle-initial><last-name>Mccullough</last-name><address>2868 Upton Avenue</address><city>Yarmouth</city><state>ME</state><zipcode>04096</zipcode><country>US</country><email>Jasper.B.Mccullough@dodgit.com</email><telephone>207-846-8869</telephone><birthday>8/21/1974</birthday><domain>ScientificLight.com</domain><occupation>Hand sewer</occupation><blood-type>B+</blood-type><pounds>147.8</pounds><kilograms>67.2</kilograms><feet-inches>5' 8&quot;</feet-inches><centimeters>173</centimeters><country>US</country><password>efo3Oowah</password><credit-card-type>MasterCard</credit-card-type><credit-card-number>5271341650458572</credit-card-number><cvv2>263</cvv2><credit-card-expiration>3/2013</credit-card-expiration></fake-person><!--THIS DATA IS FAKE AND IS NOT REAL!!  FOR EXAMPLE PURPOSES ONLY!!-->