<?xml version="1.0" ?><!--THIS DATA IS FAKE AND IS NOT REAL!!  FOR EXAMPLE PURPOSES ONLY!!--><fake-person id="006-62-2562" xmlns="http://www.marklogic.com/random/fake-people"><gender>female</gender><first-name>Jenny</first-name><middle-initial>R</middle-initial><last-name>Futrell</last-name><address>561 Fantages Way</address><city>Presque Isle</city><state>ME</state><zipcode>04769</zipcode><country>US</country><email>Jenny.R.Futrell@mailinator.com</email><telephone>207-764-5489</telephone><birthday>10/25/1947</birthday><domain>LoyalBrands.com</domain><occupation>Paper goods machine setter</occupation><blood-type>A+</blood-type><pounds>139</pounds><kilograms>63.2</kilograms><feet-inches>5' 4&quot;</feet-inches><centimeters>162</centimeters><country>US</country><password>aiXeiYie6Th</password><credit-card-type>MasterCard</credit-card-type><credit-card-number>5266546350952305</credit-card-number><cvv2>371</cvv2><credit-card-expiration>6/2014</credit-card-expiration></fake-person><!--THIS DATA IS FAKE AND IS NOT REAL!!  FOR EXAMPLE PURPOSES ONLY!!-->