<?xml version="1.0" ?><!--THIS DATA IS FAKE AND IS NOT REAL!!  FOR EXAMPLE PURPOSES ONLY!!--><fake-person id="006-96-6775" xmlns="http://www.marklogic.com/random/fake-people"><gender>male</gender><first-name>Abel</first-name><middle-initial>E</middle-initial><last-name>Gross</last-name><address>467 Upton Avenue</address><city>Dexter</city><state>ME</state><zipcode>04930</zipcode><country>US</country><email>Abel.E.Gross@pookmail.com</email><telephone>207-924-5173</telephone><birthday>10/16/1932</birthday><domain>CelebrityForeclosures.com</domain><occupation>Postsecondary career-technical teacher</occupation><blood-type>A+</blood-type><pounds>163.9</pounds><kilograms>74.5</kilograms><feet-inches>6' 0&quot;</feet-inches><centimeters>184</centimeters><country>US</country><password>hahqua1U</password><credit-card-type>MasterCard</credit-card-type><credit-card-number>5287666688330381</credit-card-number><cvv2>822</cvv2><credit-card-expiration>3/2013</credit-card-expiration></fake-person><!--THIS DATA IS FAKE AND IS NOT REAL!!  FOR EXAMPLE PURPOSES ONLY!!-->