<?xml version="1.0" ?><!--THIS DATA IS FAKE AND IS NOT REAL!!  FOR EXAMPLE PURPOSES ONLY!!--><fake-person id="006-82-5248" xmlns="http://www.marklogic.com/random/fake-people"><gender>male</gender><first-name>Willie</first-name><middle-initial>L</middle-initial><last-name>Costigan</last-name><address>4109 Upton Avenue</address><city>Liberty</city><state>ME</state><zipcode>04949</zipcode><country>US</country><email>Willie.L.Costigan@dodgit.com</email><telephone>207-845-4835</telephone><birthday>5/2/1928</birthday><domain>ExcellentCoupons.com</domain><occupation>Paymaster</occupation><blood-type>B+</blood-type><pounds>141</pounds><kilograms>64.1</kilograms><feet-inches>5' 8&quot;</feet-inches><centimeters>173</centimeters><country>US</country><password>Ilai3oi7</password><credit-card-type>Visa</credit-card-type><credit-card-number>4532724409673732</credit-card-number><cvv2>272</cvv2><credit-card-expiration>7/2015</credit-card-expiration></fake-person><!--THIS DATA IS FAKE AND IS NOT REAL!!  FOR EXAMPLE PURPOSES ONLY!!-->