<?xml version="1.0" ?><!--THIS DATA IS FAKE AND IS NOT REAL!!  FOR EXAMPLE PURPOSES ONLY!!--><fake-person id="006-74-3608" xmlns="http://www.marklogic.com/random/fake-people"><gender>male</gender><first-name>Charles</first-name><middle-initial>C</middle-initial><last-name>Wiley</last-name><address>4069 Fantages Way</address><city>Sherman Mills</city><state>ME</state><zipcode>04776</zipcode><country>US</country><email>Charles.C.Wiley@dodgit.com</email><telephone>207-757-1014</telephone><birthday>9/5/1984</birthday><domain>AppsDaily.com</domain><occupation>Vocational nurse</occupation><blood-type>AB+</blood-type><pounds>184.1</pounds><kilograms>83.7</kilograms><feet-inches>5' 10&quot;</feet-inches><centimeters>177</centimeters><country>US</country><password>Eis5aiz5</password><credit-card-type>Visa</credit-card-type><credit-card-number>4532632762480100</credit-card-number><cvv2>185</cvv2><credit-card-expiration>2/2015</credit-card-expiration></fake-person><!--THIS DATA IS FAKE AND IS NOT REAL!!  FOR EXAMPLE PURPOSES ONLY!!-->