<?xml version="1.0" ?><!--THIS DATA IS FAKE AND IS NOT REAL!!  FOR EXAMPLE PURPOSES ONLY!!--><fake-person id="006-74-0802" xmlns="http://www.marklogic.com/random/fake-people"><gender>male</gender><first-name>Martin</first-name><middle-initial>R</middle-initial><last-name>Smith</last-name><address>2105 Retreat Avenue</address><city>Limestone</city><state>ME</state><zipcode>04750</zipcode><country>US</country><email>Martin.R.Smith@trashymail.com</email><telephone>207-325-7608</telephone><birthday>2/25/1986</birthday><domain>ColumbusMover.com</domain><occupation>Power plant dispatcher</occupation><blood-type>B+</blood-type><pounds>148.9</pounds><kilograms>67.7</kilograms><feet-inches>5' 9&quot;</feet-inches><centimeters>174</centimeters><country>US</country><password>ahj6okieKae</password><credit-card-type>MasterCard</credit-card-type><credit-card-number>5423607431086297</credit-card-number><cvv2>783</cvv2><credit-card-expiration>11/2011</credit-card-expiration></fake-person><!--THIS DATA IS FAKE AND IS NOT REAL!!  FOR EXAMPLE PURPOSES ONLY!!-->