<?xml version="1.0" ?><!--THIS DATA IS FAKE AND IS NOT REAL!!  FOR EXAMPLE PURPOSES ONLY!!--><fake-person id="006-12-8885" xmlns="http://www.marklogic.com/random/fake-people"><gender>male</gender><first-name>Jess</first-name><middle-initial>J</middle-initial><last-name>Massey</last-name><address>3870 Upton Avenue</address><city>Orono</city><state>ME</state><zipcode>04473</zipcode><country>US</country><email>Jess.J.Massey@pookmail.com</email><telephone>207-866-5257</telephone><birthday>3/5/1928</birthday><domain>TutorSites.com</domain><occupation>Fish hatchery manager</occupation><blood-type>O+</blood-type><pounds>135.3</pounds><kilograms>61.5</kilograms><feet-inches>5' 4&quot;</feet-inches><centimeters>163</centimeters><country>US</country><password>Xai1tha8nie</password><credit-card-type>MasterCard</credit-card-type><credit-card-number>5123265467643730</credit-card-number><cvv2>991</cvv2><credit-card-expiration>2/2012</credit-card-expiration></fake-person><!--THIS DATA IS FAKE AND IS NOT REAL!!  FOR EXAMPLE PURPOSES ONLY!!-->