<?xml version="1.0" ?><!--THIS DATA IS FAKE AND IS NOT REAL!!  FOR EXAMPLE PURPOSES ONLY!!--><fake-person id="006-14-8819" xmlns="http://www.marklogic.com/random/fake-people"><gender>female</gender><first-name>Lisa</first-name><middle-initial>E</middle-initial><last-name>Madsen</last-name><address>1979 Upton Avenue</address><city>Waterville</city><state>ME</state><zipcode>04901</zipcode><country>US</country><email>Lisa.E.Madsen@dodgit.com</email><telephone>207-872-3035</telephone><birthday>9/17/1982</birthday><domain>ScrapbookingGuru.com</domain><occupation>Architectural drafter</occupation><blood-type>O+</blood-type><pounds>183.9</pounds><kilograms>83.6</kilograms><feet-inches>5' 8&quot;</feet-inches><centimeters>172</centimeters><country>US</country><password>Apocereic3e</password><credit-card-type>Visa</credit-card-type><credit-card-number>4532074654408842</credit-card-number><cvv2>421</cvv2><credit-card-expiration>7/2014</credit-card-expiration></fake-person><!--THIS DATA IS FAKE AND IS NOT REAL!!  FOR EXAMPLE PURPOSES ONLY!!-->