<?xml version="1.0" ?><!--THIS DATA IS FAKE AND IS NOT REAL!!  FOR EXAMPLE PURPOSES ONLY!!--><fake-person id="006-34-3596" xmlns="http://www.marklogic.com/random/fake-people"><gender>male</gender><first-name>Donald</first-name><middle-initial>L</middle-initial><last-name>Richard</last-name><address>811 Fantages Way</address><city>West Enfield</city><state>ME</state><zipcode>04493</zipcode><country>US</country><email>Donald.L.Richard@mailinator.com</email><telephone>207-732-8483</telephone><birthday>8/20/1951</birthday><domain>ColdForum.com</domain><occupation>Pointer</occupation><blood-type>A+</blood-type><pounds>234.5</pounds><kilograms>106.6</kilograms><feet-inches>5' 7&quot;</feet-inches><centimeters>171</centimeters><country>US</country><password>Mai1deichoo</password><credit-card-type>MasterCard</credit-card-type><credit-card-number>5542142406580369</credit-card-number><cvv2>778</cvv2><credit-card-expiration>1/2012</credit-card-expiration></fake-person><!--THIS DATA IS FAKE AND IS NOT REAL!!  FOR EXAMPLE PURPOSES ONLY!!-->