<?xml version="1.0" ?><!--THIS DATA IS FAKE AND IS NOT REAL!!  FOR EXAMPLE PURPOSES ONLY!!--><fake-person id="006-58-4501" xmlns="http://www.marklogic.com/random/fake-people"><gender>female</gender><first-name>Virginia</first-name><middle-initial>N</middle-initial><last-name>Allison</last-name><address>3467 Chipmunk Lane</address><city>Lincoln</city><state>ME</state><zipcode>04457</zipcode><country>US</country><email>Virginia.N.Allison@trashymail.com</email><telephone>207-794-3444</telephone><birthday>9/9/1930</birthday><domain>OptimumWorkout.com</domain><occupation>Septic tank servicer</occupation><blood-type>A+</blood-type><pounds>234.3</pounds><kilograms>106.5</kilograms><feet-inches>5' 3&quot;</feet-inches><centimeters>161</centimeters><country>US</country><password>pai2OD1mae</password><credit-card-type>Visa</credit-card-type><credit-card-number>4539475245894775</credit-card-number><cvv2>403</cvv2><credit-card-expiration>10/2012</credit-card-expiration></fake-person><!--THIS DATA IS FAKE AND IS NOT REAL!!  FOR EXAMPLE PURPOSES ONLY!!-->