<?xml version="1.0" ?><!--THIS DATA IS FAKE AND IS NOT REAL!!  FOR EXAMPLE PURPOSES ONLY!!--><fake-person id="006-34-5911" xmlns="http://www.marklogic.com/random/fake-people"><gender>female</gender><first-name>Akilah</first-name><middle-initial>S</middle-initial><last-name>Hale</last-name><address>1993 Victoria Court</address><city>Caribou</city><state>ME</state><zipcode>04736</zipcode><country>US</country><email>Akilah.S.Hale@spambob.com</email><telephone>207-498-7829</telephone><birthday>3/30/1957</birthday><domain>MyIncredible.com</domain><occupation>Preschool teacher</occupation><blood-type>O+</blood-type><pounds>204.8</pounds><kilograms>93.1</kilograms><feet-inches>5' 7&quot;</feet-inches><centimeters>169</centimeters><country>US</country><password>Airahh8xei</password><credit-card-type>Visa</credit-card-type><credit-card-number>4916473475082925</credit-card-number><cvv2>265</cvv2><credit-card-expiration>4/2015</credit-card-expiration></fake-person><!--THIS DATA IS FAKE AND IS NOT REAL!!  FOR EXAMPLE PURPOSES ONLY!!-->