<?xml version="1.0" ?><!--THIS DATA IS FAKE AND IS NOT REAL!!  FOR EXAMPLE PURPOSES ONLY!!--><fake-person id="006-46-7104" xmlns="http://www.marklogic.com/random/fake-people"><gender>male</gender><first-name>Eddie</first-name><middle-initial>A</middle-initial><last-name>Lima</last-name><address>2603 Fantages Way</address><city>Bangor</city><state>ME</state><zipcode>04401</zipcode><country>US</country><email>Eddie.A.Lima@pookmail.com</email><telephone>207-745-5678</telephone><birthday>2/14/1952</birthday><domain>ShowDirectories.com</domain><occupation>Power plant distributor</occupation><blood-type>O-</blood-type><pounds>178.2</pounds><kilograms>81</kilograms><feet-inches>6' 0&quot;</feet-inches><centimeters>183</centimeters><country>US</country><password>Aipeadooz8t</password><credit-card-type>Visa</credit-card-type><credit-card-number>4556666847613518</credit-card-number><cvv2>838</cvv2><credit-card-expiration>8/2012</credit-card-expiration></fake-person><!--THIS DATA IS FAKE AND IS NOT REAL!!  FOR EXAMPLE PURPOSES ONLY!!-->