<?xml version="1.0" ?><!--THIS DATA IS FAKE AND IS NOT REAL!!  FOR EXAMPLE PURPOSES ONLY!!--><fake-person id="006-72-9762" xmlns="http://www.marklogic.com/random/fake-people"><gender>male</gender><first-name>Randall</first-name><middle-initial>J</middle-initial><last-name>Tinney</last-name><address>1909 Retreat Avenue</address><city>Bar Harbor</city><state>ME</state><zipcode>04609</zipcode><country>US</country><email>Randall.J.Tinney@mailinator.com</email><telephone>207-288-9960</telephone><birthday>1/18/1932</birthday><domain>WineMovie.com</domain><occupation>Counseling psychologist</occupation><blood-type>AB+</blood-type><pounds>218</pounds><kilograms>99.1</kilograms><feet-inches>5' 9&quot;</feet-inches><centimeters>176</centimeters><country>US</country><password>eiDoicogae4</password><credit-card-type>Visa</credit-card-type><credit-card-number>4539694540675800</credit-card-number><cvv2>989</cvv2><credit-card-expiration>12/2013</credit-card-expiration></fake-person><!--THIS DATA IS FAKE AND IS NOT REAL!!  FOR EXAMPLE PURPOSES ONLY!!-->