<?xml version="1.0" ?><!--THIS DATA IS FAKE AND IS NOT REAL!!  FOR EXAMPLE PURPOSES ONLY!!--><fake-person id="006-66-7700" xmlns="http://www.marklogic.com/random/fake-people"><gender>male</gender><first-name>Joseph</first-name><middle-initial>C</middle-initial><last-name>Wetherington</last-name><address>2058 Bloomfield Way</address><city>Westbrook</city><state>ME</state><zipcode>04092</zipcode><country>US</country><email>Joseph.C.Wetherington@dodgit.com</email><telephone>207-632-0690</telephone><birthday>7/28/1975</birthday><domain>MobileKicks.com</domain><occupation>Floor layer</occupation><blood-type>O-</blood-type><pounds>236.5</pounds><kilograms>107.5</kilograms><feet-inches>5' 6&quot;</feet-inches><centimeters>168</centimeters><country>US</country><password>ooGuthoop4</password><credit-card-type>MasterCard</credit-card-type><credit-card-number>5368022241519957</credit-card-number><cvv2>153</cvv2><credit-card-expiration>11/2015</credit-card-expiration></fake-person><!--THIS DATA IS FAKE AND IS NOT REAL!!  FOR EXAMPLE PURPOSES ONLY!!-->