<?xml version="1.0" ?><!--THIS DATA IS FAKE AND IS NOT REAL!!  FOR EXAMPLE PURPOSES ONLY!!--><fake-person id="006-52-0277" xmlns="http://www.marklogic.com/random/fake-people"><gender>female</gender><first-name>Jody</first-name><middle-initial>H</middle-initial><last-name>Medina</last-name><address>1329 Upton Avenue</address><city>Westbrook</city><state>ME</state><zipcode>04092</zipcode><country>US</country><email>Jody.H.Medina@pookmail.com</email><telephone>207-915-2932</telephone><birthday>7/10/1987</birthday><domain>TargetBids.com</domain><occupation>Osteopathic doctor</occupation><blood-type>O+</blood-type><pounds>101.6</pounds><kilograms>46.2</kilograms><feet-inches>5' 1&quot;</feet-inches><centimeters>154</centimeters><country>US</country><password>naijie7Ie7b</password><credit-card-type>MasterCard</credit-card-type><credit-card-number>5308130222085139</credit-card-number><cvv2>879</cvv2><credit-card-expiration>1/2011</credit-card-expiration></fake-person><!--THIS DATA IS FAKE AND IS NOT REAL!!  FOR EXAMPLE PURPOSES ONLY!!-->