<?xml version="1.0" ?><!--THIS DATA IS FAKE AND IS NOT REAL!!  FOR EXAMPLE PURPOSES ONLY!!--><fake-person id="006-30-9711" xmlns="http://www.marklogic.com/random/fake-people"><gender>male</gender><first-name>Kevin</first-name><middle-initial>S</middle-initial><last-name>Stidham</last-name><address>3005 Upton Avenue</address><city>Old Orchard Beach</city><state>ME</state><zipcode>04064</zipcode><country>US</country><email>Kevin.S.Stidham@trashymail.com</email><telephone>207-934-2431</telephone><birthday>7/1/1952</birthday><domain>TrashyTrends.com</domain><occupation>Billing clerk</occupation><blood-type>A+</blood-type><pounds>240.9</pounds><kilograms>109.5</kilograms><feet-inches>5' 10&quot;</feet-inches><centimeters>177</centimeters><country>US</country><password>Sas7IeJoe</password><credit-card-type>MasterCard</credit-card-type><credit-card-number>5340146985998649</credit-card-number><cvv2>369</cvv2><credit-card-expiration>9/2013</credit-card-expiration></fake-person><!--THIS DATA IS FAKE AND IS NOT REAL!!  FOR EXAMPLE PURPOSES ONLY!!-->