<?xml version="1.0" ?><!--THIS DATA IS FAKE AND IS NOT REAL!!  FOR EXAMPLE PURPOSES ONLY!!--><fake-person id="006-26-8764" xmlns="http://www.marklogic.com/random/fake-people"><gender>male</gender><first-name>Craig</first-name><middle-initial>E</middle-initial><last-name>Schmid</last-name><address>4107 Victoria Court</address><city>Portland</city><state>ME</state><zipcode>04101</zipcode><country>US</country><email>Craig.E.Schmid@trashymail.com</email><telephone>207-408-4429</telephone><birthday>10/19/1947</birthday><domain>CampFresh.com</domain><occupation>Keypunch technician</occupation><blood-type>O+</blood-type><pounds>216.7</pounds><kilograms>98.5</kilograms><feet-inches>5' 5&quot;</feet-inches><centimeters>166</centimeters><country>US</country><password>Phuy0Woh</password><credit-card-type>Visa</credit-card-type><credit-card-number>4716881881196380</credit-card-number><cvv2>343</cvv2><credit-card-expiration>3/2015</credit-card-expiration></fake-person><!--THIS DATA IS FAKE AND IS NOT REAL!!  FOR EXAMPLE PURPOSES ONLY!!-->