<?xml version="1.0" ?><!--THIS DATA IS FAKE AND IS NOT REAL!!  FOR EXAMPLE PURPOSES ONLY!!--><fake-person id="006-84-2808" xmlns="http://www.marklogic.com/random/fake-people"><gender>female</gender><first-name>Ginger</first-name><middle-initial>R</middle-initial><last-name>Sewell</last-name><address>1529 Retreat Avenue</address><city>Mechanic Falls</city><state>ME</state><zipcode>04256</zipcode><country>US</country><email>Ginger.R.Sewell@trashymail.com</email><telephone>207-346-6951</telephone><birthday>3/8/1972</birthday><domain>MassachusettsHandyman.com</domain><occupation>Gas plant operator</occupation><blood-type>B+</blood-type><pounds>125.2</pounds><kilograms>56.9</kilograms><feet-inches>5' 1&quot;</feet-inches><centimeters>156</centimeters><country>US</country><password>uox4ohDah</password><credit-card-type>Visa</credit-card-type><credit-card-number>4929864025298950</credit-card-number><cvv2>879</cvv2><credit-card-expiration>11/2014</credit-card-expiration></fake-person><!--THIS DATA IS FAKE AND IS NOT REAL!!  FOR EXAMPLE PURPOSES ONLY!!-->