<?xml version="1.0" ?><!--THIS DATA IS FAKE AND IS NOT REAL!!  FOR EXAMPLE PURPOSES ONLY!!--><fake-person id="006-30-9165" xmlns="http://www.marklogic.com/random/fake-people"><gender>female</gender><first-name>Anne</first-name><middle-initial>C</middle-initial><last-name>Wilcox</last-name><address>2445 Retreat Avenue</address><city>Frenchboro</city><state>ME</state><zipcode>04635</zipcode><country>US</country><email>Anne.C.Wilcox@spambob.com</email><telephone>207-334-6826</telephone><birthday>11/6/1943</birthday><domain>NetworkingWiz.com</domain><occupation>Bookbinder</occupation><blood-type>O+</blood-type><pounds>124.1</pounds><kilograms>56.4</kilograms><feet-inches>5' 5&quot;</feet-inches><centimeters>165</centimeters><country>US</country><password>ohcaikeeY0dahyu</password><credit-card-type>MasterCard</credit-card-type><credit-card-number>5554612854935013</credit-card-number><cvv2>814</cvv2><credit-card-expiration>7/2014</credit-card-expiration></fake-person><!--THIS DATA IS FAKE AND IS NOT REAL!!  FOR EXAMPLE PURPOSES ONLY!!-->