<?xml version="1.0" ?><!--THIS DATA IS FAKE AND IS NOT REAL!!  FOR EXAMPLE PURPOSES ONLY!!--><fake-person id="006-64-0596" xmlns="http://www.marklogic.com/random/fake-people"><gender>male</gender><first-name>Charles</first-name><middle-initial>L</middle-initial><last-name>Dodd</last-name><address>826 Victoria Court</address><city>Andover</city><state>ME</state><zipcode>04216</zipcode><country>US</country><email>Charles.L.Dodd@spambob.com</email><telephone>207-392-4453</telephone><birthday>12/8/1981</birthday><domain>SpokaneFuneral.com</domain><occupation>Image designer</occupation><blood-type>O+</blood-type><pounds>193.8</pounds><kilograms>88.1</kilograms><feet-inches>6' 0&quot;</feet-inches><centimeters>182</centimeters><country>US</country><password>eitheish4Eng</password><credit-card-type>MasterCard</credit-card-type><credit-card-number>5300807010859142</credit-card-number><cvv2>946</cvv2><credit-card-expiration>6/2012</credit-card-expiration></fake-person><!--THIS DATA IS FAKE AND IS NOT REAL!!  FOR EXAMPLE PURPOSES ONLY!!-->