<?xml version="1.0" ?><!--THIS DATA IS FAKE AND IS NOT REAL!!  FOR EXAMPLE PURPOSES ONLY!!--><fake-person id="006-03-9155" xmlns="http://www.marklogic.com/random/fake-people"><gender>female</gender><first-name>Deanna</first-name><middle-initial>C</middle-initial><last-name>Armstrong</last-name><address>4708 Bloomfield Way</address><city>Weld</city><state>ME</state><zipcode>04285</zipcode><country>US</country><email>Deanna.C.Armstrong@spambob.com</email><telephone>207-585-7443</telephone><birthday>7/13/1941</birthday><domain>WebsiteCD.com</domain><occupation>Manufacturing optician</occupation><blood-type>O+</blood-type><pounds>134.4</pounds><kilograms>61.1</kilograms><feet-inches>5' 7&quot;</feet-inches><centimeters>169</centimeters><country>US</country><password>ahghei5Ee</password><credit-card-type>MasterCard</credit-card-type><credit-card-number>5211170892555082</credit-card-number><cvv2>495</cvv2><credit-card-expiration>5/2012</credit-card-expiration></fake-person><!--THIS DATA IS FAKE AND IS NOT REAL!!  FOR EXAMPLE PURPOSES ONLY!!-->