<?xml version="1.0" ?><!--THIS DATA IS FAKE AND IS NOT REAL!!  FOR EXAMPLE PURPOSES ONLY!!--><fake-person id="006-30-5135" xmlns="http://www.marklogic.com/random/fake-people"><gender>female</gender><first-name>Lillian</first-name><middle-initial>R</middle-initial><last-name>Rodgers</last-name><address>3011 Chipmunk Lane</address><city>Northeast Harbor</city><state>ME</state><zipcode>04622</zipcode><country>US</country><email>Lillian.R.Rodgers@dodgit.com</email><telephone>207-276-5963</telephone><birthday>8/12/1949</birthday><domain>MegaWeddings.com</domain><occupation>Material distribution</occupation><blood-type>A+</blood-type><pounds>165</pounds><kilograms>75</kilograms><feet-inches>5' 4&quot;</feet-inches><centimeters>163</centimeters><country>US</country><password>Aithudohph5</password><credit-card-type>Visa</credit-card-type><credit-card-number>4539267182858586</credit-card-number><cvv2>116</cvv2><credit-card-expiration>6/2013</credit-card-expiration></fake-person><!--THIS DATA IS FAKE AND IS NOT REAL!!  FOR EXAMPLE PURPOSES ONLY!!-->