<?xml version="1.0" ?><!--THIS DATA IS FAKE AND IS NOT REAL!!  FOR EXAMPLE PURPOSES ONLY!!--><fake-person id="006-84-4450" xmlns="http://www.marklogic.com/random/fake-people"><gender>male</gender><first-name>Johnny</first-name><middle-initial>M</middle-initial><last-name>Vaughn</last-name><address>1368 Upton Avenue</address><city>Westbrook</city><state>ME</state><zipcode>04092</zipcode><country>US</country><email>Johnny.M.Vaughn@spambob.com</email><telephone>207-857-4770</telephone><birthday>9/12/1946</birthday><domain>PublishApps.com</domain><occupation>Taxicab dispatcher</occupation><blood-type>A+</blood-type><pounds>183.5</pounds><kilograms>83.4</kilograms><feet-inches>6' 0&quot;</feet-inches><centimeters>184</centimeters><country>US</country><password>gengauV1</password><credit-card-type>MasterCard</credit-card-type><credit-card-number>5599558162137718</credit-card-number><cvv2>138</cvv2><credit-card-expiration>7/2014</credit-card-expiration></fake-person><!--THIS DATA IS FAKE AND IS NOT REAL!!  FOR EXAMPLE PURPOSES ONLY!!-->