<?xml version="1.0" ?><!--THIS DATA IS FAKE AND IS NOT REAL!!  FOR EXAMPLE PURPOSES ONLY!!--><fake-person id="006-46-1124" xmlns="http://www.marklogic.com/random/fake-people"><gender>female</gender><first-name>Janice</first-name><middle-initial>N</middle-initial><last-name>Rowan</last-name><address>613 Fantages Way</address><city>New Harbor</city><state>ME</state><zipcode>04554</zipcode><country>US</country><email>Janice.N.Rowan@dodgit.com</email><telephone>207-677-2159</telephone><birthday>3/20/1932</birthday><domain>GoldenTokens.com</domain><occupation>Television announcer</occupation><blood-type>O+</blood-type><pounds>217.1</pounds><kilograms>98.7</kilograms><feet-inches>5' 2&quot;</feet-inches><centimeters>157</centimeters><country>US</country><password>quie5Okahdoo</password><credit-card-type>MasterCard</credit-card-type><credit-card-number>5180702934531387</credit-card-number><cvv2>719</cvv2><credit-card-expiration>7/2011</credit-card-expiration></fake-person><!--THIS DATA IS FAKE AND IS NOT REAL!!  FOR EXAMPLE PURPOSES ONLY!!-->