<?xml version="1.0" ?><!--THIS DATA IS FAKE AND IS NOT REAL!!  FOR EXAMPLE PURPOSES ONLY!!--><fake-person id="006-16-5788" xmlns="http://www.marklogic.com/random/fake-people"><gender>male</gender><first-name>Alonzo</first-name><middle-initial>M</middle-initial><last-name>Hubbard</last-name><address>382 Chipmunk Lane</address><city>Portland</city><state>ME</state><zipcode>04101</zipcode><country>US</country><email>Alonzo.M.Hubbard@mailinator.com</email><telephone>207-776-9210</telephone><birthday>6/12/1933</birthday><domain>WetlessWash.com</domain><occupation>Industrial relations manager</occupation><blood-type>A+</blood-type><pounds>209</pounds><kilograms>95</kilograms><feet-inches>6' 0&quot;</feet-inches><centimeters>183</centimeters><country>US</country><password>Techoot0ie</password><credit-card-type>Visa</credit-card-type><credit-card-number>4539267447318111</credit-card-number><cvv2>419</cvv2><credit-card-expiration>2/2015</credit-card-expiration></fake-person><!--THIS DATA IS FAKE AND IS NOT REAL!!  FOR EXAMPLE PURPOSES ONLY!!-->