<?xml version="1.0" ?><!--THIS DATA IS FAKE AND IS NOT REAL!!  FOR EXAMPLE PURPOSES ONLY!!--><fake-person id="006-01-1644" xmlns="http://www.marklogic.com/random/fake-people"><gender>male</gender><first-name>Earl</first-name><middle-initial>V</middle-initial><last-name>Norton</last-name><address>2529 Chipmunk Lane</address><city>Westbrook</city><state>ME</state><zipcode>04092</zipcode><country>US</country><email>Earl.V.Norton@mailinator.com</email><telephone>207-251-5852</telephone><birthday>10/24/1979</birthday><domain>PrepaidPayroll.com</domain><occupation>Title abstractor</occupation><blood-type>A-</blood-type><pounds>237.2</pounds><kilograms>107.8</kilograms><feet-inches>6' 2&quot;</feet-inches><centimeters>189</centimeters><country>US</country><password>Disohtuom1</password><credit-card-type>MasterCard</credit-card-type><credit-card-number>5514340772087548</credit-card-number><cvv2>639</cvv2><credit-card-expiration>10/2012</credit-card-expiration></fake-person><!--THIS DATA IS FAKE AND IS NOT REAL!!  FOR EXAMPLE PURPOSES ONLY!!-->