<?xml version="1.0" ?><!--THIS DATA IS FAKE AND IS NOT REAL!!  FOR EXAMPLE PURPOSES ONLY!!--><fake-person id="006-38-0625" xmlns="http://www.marklogic.com/random/fake-people"><gender>female</gender><first-name>Stephanie</first-name><middle-initial>V</middle-initial><last-name>Mcgriff</last-name><address>1060 Victoria Court</address><city>Portland</city><state>ME</state><zipcode>04101</zipcode><country>US</country><email>Stephanie.V.Mcgriff@mailinator.com</email><telephone>207-407-4288</telephone><birthday>3/26/1939</birthday><domain>InsideRate.com</domain><occupation>Organizational development consultant</occupation><blood-type>A+</blood-type><pounds>135.3</pounds><kilograms>61.5</kilograms><feet-inches>5' 0&quot;</feet-inches><centimeters>152</centimeters><country>US</country><password>pohPaeTh9Yae</password><credit-card-type>MasterCard</credit-card-type><credit-card-number>5582928707757958</credit-card-number><cvv2>857</cvv2><credit-card-expiration>8/2014</credit-card-expiration></fake-person><!--THIS DATA IS FAKE AND IS NOT REAL!!  FOR EXAMPLE PURPOSES ONLY!!-->