<?xml version="1.0" ?><!--THIS DATA IS FAKE AND IS NOT REAL!!  FOR EXAMPLE PURPOSES ONLY!!--><fake-person id="006-22-5071" xmlns="http://www.marklogic.com/random/fake-people"><gender>female</gender><first-name>Kimberly</first-name><middle-initial>J</middle-initial><last-name>Simpson</last-name><address>2198 Bloomfield Way</address><city>Harrison</city><state>ME</state><zipcode>04040</zipcode><country>US</country><email>Kimberly.J.Simpson@spambob.com</email><telephone>207-583-3412</telephone><birthday>10/28/1938</birthday><domain>CopperChains.com</domain><occupation>Cleaning, washing, and metal pickling equipment operator</occupation><blood-type>A-</blood-type><pounds>141.5</pounds><kilograms>64.3</kilograms><feet-inches>5' 5&quot;</feet-inches><centimeters>165</centimeters><country>US</country><password>Useegi5l</password><credit-card-type>MasterCard</credit-card-type><credit-card-number>5567422185010725</credit-card-number><cvv2>945</cvv2><credit-card-expiration>2/2015</credit-card-expiration></fake-person><!--THIS DATA IS FAKE AND IS NOT REAL!!  FOR EXAMPLE PURPOSES ONLY!!-->