<?xml version="1.0" ?><!--THIS DATA IS FAKE AND IS NOT REAL!!  FOR EXAMPLE PURPOSES ONLY!!--><fake-person id="006-46-6685" xmlns="http://www.marklogic.com/random/fake-people"><gender>male</gender><first-name>Mario</first-name><middle-initial>P</middle-initial><last-name>Eller</last-name><address>4413 Upton Avenue</address><city>Livermore Falls</city><state>ME</state><zipcode>04254</zipcode><country>US</country><email>Mario.P.Eller@spambob.com</email><telephone>207-897-7593</telephone><birthday>4/19/1969</birthday><domain>PollAlerts.com</domain><occupation>Transit and railroad police</occupation><blood-type>B+</blood-type><pounds>158.4</pounds><kilograms>72</kilograms><feet-inches>5' 7&quot;</feet-inches><centimeters>170</centimeters><country>US</country><password>eiSh6ighooS7</password><credit-card-type>Visa</credit-card-type><credit-card-number>4485320956503039</credit-card-number><cvv2>167</cvv2><credit-card-expiration>6/2012</credit-card-expiration></fake-person><!--THIS DATA IS FAKE AND IS NOT REAL!!  FOR EXAMPLE PURPOSES ONLY!!-->