<?xml version="1.0" ?><!--THIS DATA IS FAKE AND IS NOT REAL!!  FOR EXAMPLE PURPOSES ONLY!!--><fake-person id="006-92-5024" xmlns="http://www.marklogic.com/random/fake-people"><gender>male</gender><first-name>Richard</first-name><middle-initial>M</middle-initial><last-name>Evans</last-name><address>2402 Upton Avenue</address><city>Yarmouth</city><state>ME</state><zipcode>04096</zipcode><country>US</country><email>Richard.M.Evans@mailinator.com</email><telephone>207-847-5520</telephone><birthday>12/28/1991</birthday><domain>GolfRap.com</domain><occupation>Long haul truck driver</occupation><blood-type>B+</blood-type><pounds>205</pounds><kilograms>93.2</kilograms><feet-inches>5' 5&quot;</feet-inches><centimeters>166</centimeters><country>US</country><password>ZohV7Kie6ie</password><credit-card-type>MasterCard</credit-card-type><credit-card-number>5389196596424412</credit-card-number><cvv2>554</cvv2><credit-card-expiration>10/2011</credit-card-expiration></fake-person><!--THIS DATA IS FAKE AND IS NOT REAL!!  FOR EXAMPLE PURPOSES ONLY!!-->