<?xml version="1.0" ?><!--THIS DATA IS FAKE AND IS NOT REAL!!  FOR EXAMPLE PURPOSES ONLY!!--><fake-person id="006-20-9754" xmlns="http://www.marklogic.com/random/fake-people"><gender>male</gender><first-name>Jesus</first-name><middle-initial>S</middle-initial><last-name>Busch</last-name><address>2916 Chipmunk Lane</address><city>Bangor</city><state>ME</state><zipcode>04401</zipcode><country>US</country><email>Jesus.S.Busch@trashymail.com</email><telephone>207-262-2086</telephone><birthday>11/5/1944</birthday><domain>RoommateProfiles.com</domain><occupation>Cardiopulmonary technologist</occupation><blood-type>O+</blood-type><pounds>222.6</pounds><kilograms>101.2</kilograms><feet-inches>5' 6&quot;</feet-inches><centimeters>167</centimeters><country>US</country><password>Ia4shae4Pat</password><credit-card-type>MasterCard</credit-card-type><credit-card-number>5382182762186917</credit-card-number><cvv2>826</cvv2><credit-card-expiration>8/2012</credit-card-expiration></fake-person><!--THIS DATA IS FAKE AND IS NOT REAL!!  FOR EXAMPLE PURPOSES ONLY!!-->