<?xml version="1.0" ?><!--THIS DATA IS FAKE AND IS NOT REAL!!  FOR EXAMPLE PURPOSES ONLY!!--><fake-person id="006-30-9219" xmlns="http://www.marklogic.com/random/fake-people"><gender>male</gender><first-name>Darren</first-name><middle-initial>C</middle-initial><last-name>Black</last-name><address>1700 Victoria Court</address><city>Portland</city><state>ME</state><zipcode>04101</zipcode><country>US</country><email>Darren.C.Black@dodgit.com</email><telephone>207-523-4173</telephone><birthday>1/23/1965</birthday><domain>InfoTack.com</domain><occupation>Heat treating equipment operator</occupation><blood-type>O+</blood-type><pounds>187</pounds><kilograms>85</kilograms><feet-inches>6' 0&quot;</feet-inches><centimeters>182</centimeters><country>US</country><password>Doom7phagh</password><credit-card-type>Visa</credit-card-type><credit-card-number>4716850668468411</credit-card-number><cvv2>327</cvv2><credit-card-expiration>5/2014</credit-card-expiration></fake-person><!--THIS DATA IS FAKE AND IS NOT REAL!!  FOR EXAMPLE PURPOSES ONLY!!-->