<?xml version="1.0" ?><!--THIS DATA IS FAKE AND IS NOT REAL!!  FOR EXAMPLE PURPOSES ONLY!!--><fake-person id="007-94-7052" xmlns="http://www.marklogic.com/random/fake-people"><gender>female</gender><first-name>Frances</first-name><middle-initial>W</middle-initial><last-name>Baker</last-name><address>990 Fantages Way</address><city>Fryeburg</city><state>ME</state><zipcode>04037</zipcode><country>US</country><email>Frances.W.Baker@dodgit.com</email><telephone>207-697-5055</telephone><birthday>8/16/1928</birthday><domain>WebDivorces.com</domain><occupation>Certified registered nurse anesthetist</occupation><blood-type>O+</blood-type><pounds>172.9</pounds><kilograms>78.6</kilograms><feet-inches>5' 1&quot;</feet-inches><centimeters>155</centimeters><country>US</country><password>Gief3aiSh</password><credit-card-type>Visa</credit-card-type><credit-card-number>4556716860322230</credit-card-number><cvv2>439</cvv2><credit-card-expiration>11/2011</credit-card-expiration></fake-person><!--THIS DATA IS FAKE AND IS NOT REAL!!  FOR EXAMPLE PURPOSES ONLY!!-->