<?xml version="1.0" ?><!--THIS DATA IS FAKE AND IS NOT REAL!!  FOR EXAMPLE PURPOSES ONLY!!--><fake-person id="007-24-2097" xmlns="http://www.marklogic.com/random/fake-people"><gender>female</gender><first-name>Heather</first-name><middle-initial>C</middle-initial><last-name>Davis</last-name><address>2244 Chipmunk Lane</address><city>Portland</city><state>ME</state><zipcode>04101</zipcode><country>US</country><email>Heather.C.Davis@pookmail.com</email><telephone>207-252-5328</telephone><birthday>6/6/1954</birthday><domain>TalkScope.com</domain><occupation>Macroeconomist</occupation><blood-type>O+</blood-type><pounds>143.7</pounds><kilograms>65.3</kilograms><feet-inches>5' 8&quot;</feet-inches><centimeters>172</centimeters><country>US</country><password>oweeke3W</password><credit-card-type>MasterCard</credit-card-type><credit-card-number>5314617925276033</credit-card-number><cvv2>088</cvv2><credit-card-expiration>8/2011</credit-card-expiration></fake-person><!--THIS DATA IS FAKE AND IS NOT REAL!!  FOR EXAMPLE PURPOSES ONLY!!-->