<?xml version="1.0" ?><!--THIS DATA IS FAKE AND IS NOT REAL!!  FOR EXAMPLE PURPOSES ONLY!!--><fake-person id="007-30-7328" xmlns="http://www.marklogic.com/random/fake-people"><gender>female</gender><first-name>Jennifer</first-name><middle-initial>J</middle-initial><last-name>Carlyle</last-name><address>2390 Victoria Court</address><city>South Berwick</city><state>ME</state><zipcode>03908</zipcode><country>US</country><email>Jennifer.J.Carlyle@trashymail.com</email><telephone>207-384-1691</telephone><birthday>9/13/1933</birthday><domain>LinkConcierge.com</domain><occupation>Professor</occupation><blood-type>O+</blood-type><pounds>201.3</pounds><kilograms>91.5</kilograms><feet-inches>5' 4&quot;</feet-inches><centimeters>162</centimeters><country>US</country><password>aijaeZ5mi4</password><credit-card-type>Visa</credit-card-type><credit-card-number>4539387436375185</credit-card-number><cvv2>397</cvv2><credit-card-expiration>6/2011</credit-card-expiration></fake-person><!--THIS DATA IS FAKE AND IS NOT REAL!!  FOR EXAMPLE PURPOSES ONLY!!-->