<?xml version="1.0" ?><!--THIS DATA IS FAKE AND IS NOT REAL!!  FOR EXAMPLE PURPOSES ONLY!!--><fake-person id="007-64-9228" xmlns="http://www.marklogic.com/random/fake-people"><gender>male</gender><first-name>Lee</first-name><middle-initial>V</middle-initial><last-name>Ortiz</last-name><address>2791 Bloomfield Way</address><city>Westbrook</city><state>ME</state><zipcode>04092</zipcode><country>US</country><email>Lee.V.Ortiz@mailinator.com</email><telephone>207-590-0339</telephone><birthday>5/10/1949</birthday><domain>MetroRank.com</domain><occupation>Educational consultant</occupation><blood-type>A-</blood-type><pounds>241.8</pounds><kilograms>109.9</kilograms><feet-inches>5' 9&quot;</feet-inches><centimeters>175</centimeters><country>US</country><password>sheid5DaV</password><credit-card-type>MasterCard</credit-card-type><credit-card-number>5478829642521896</credit-card-number><cvv2>914</cvv2><credit-card-expiration>9/2011</credit-card-expiration></fake-person><!--THIS DATA IS FAKE AND IS NOT REAL!!  FOR EXAMPLE PURPOSES ONLY!!-->