<?xml version="1.0" ?><!--THIS DATA IS FAKE AND IS NOT REAL!!  FOR EXAMPLE PURPOSES ONLY!!--><fake-person id="007-26-3553" xmlns="http://www.marklogic.com/random/fake-people"><gender>female</gender><first-name>Jennifer</first-name><middle-initial>W</middle-initial><last-name>Coleman</last-name><address>3689 Fantages Way</address><city>Presque Isle</city><state>ME</state><zipcode>04769</zipcode><country>US</country><email>Jennifer.W.Coleman@trashymail.com</email><telephone>207-768-0994</telephone><birthday>10/30/1939</birthday><domain>PilotPositions.com</domain><occupation>Workforce development specialist</occupation><blood-type>AB+</blood-type><pounds>117.5</pounds><kilograms>53.4</kilograms><feet-inches>5' 3&quot;</feet-inches><centimeters>161</centimeters><country>US</country><password>aiRaey5vu4wu</password><credit-card-type>Visa</credit-card-type><credit-card-number>4532243920079881</credit-card-number><cvv2>758</cvv2><credit-card-expiration>2/2015</credit-card-expiration></fake-person><!--THIS DATA IS FAKE AND IS NOT REAL!!  FOR EXAMPLE PURPOSES ONLY!!-->