<?xml version="1.0" ?><!--THIS DATA IS FAKE AND IS NOT REAL!!  FOR EXAMPLE PURPOSES ONLY!!--><fake-person id="007-30-7622" xmlns="http://www.marklogic.com/random/fake-people"><gender>female</gender><first-name>Demetrice</first-name><middle-initial>P</middle-initial><last-name>Martin</last-name><address>3576 Upton Avenue</address><city>Old Orchard Beach</city><state>ME</state><zipcode>04064</zipcode><country>US</country><email>Demetrice.P.Martin@dodgit.com</email><telephone>207-937-9339</telephone><birthday>6/4/1971</birthday><domain>JerseyMover.com</domain><occupation>Postsecondary vocational-technical education teacher</occupation><blood-type>O+</blood-type><pounds>216.9</pounds><kilograms>98.6</kilograms><feet-inches>5' 3&quot;</feet-inches><centimeters>161</centimeters><country>US</country><password>ieY7veeh7oo</password><credit-card-type>Visa</credit-card-type><credit-card-number>4929532673803104</credit-card-number><cvv2>839</cvv2><credit-card-expiration>8/2012</credit-card-expiration></fake-person><!--THIS DATA IS FAKE AND IS NOT REAL!!  FOR EXAMPLE PURPOSES ONLY!!-->