<?xml version="1.0" ?><!--THIS DATA IS FAKE AND IS NOT REAL!!  FOR EXAMPLE PURPOSES ONLY!!--><fake-person id="007-32-5416" xmlns="http://www.marklogic.com/random/fake-people"><gender>female</gender><first-name>Alexis</first-name><middle-initial>A</middle-initial><last-name>Phillips</last-name><address>582 Upton Avenue</address><city>Old Orchard Beach</city><state>ME</state><zipcode>04064</zipcode><country>US</country><email>Alexis.A.Phillips@trashymail.com</email><telephone>207-937-4000</telephone><birthday>12/24/1962</birthday><domain>TornadoDetector.com</domain><occupation>Funeral attendant</occupation><blood-type>B+</blood-type><pounds>129.4</pounds><kilograms>58.8</kilograms><feet-inches>5' 2&quot;</feet-inches><centimeters>158</centimeters><country>US</country><password>AiMaiyi7</password><credit-card-type>MasterCard</credit-card-type><credit-card-number>5181749843601941</credit-card-number><cvv2>750</cvv2><credit-card-expiration>12/2011</credit-card-expiration></fake-person><!--THIS DATA IS FAKE AND IS NOT REAL!!  FOR EXAMPLE PURPOSES ONLY!!-->