<?xml version="1.0" ?><!--THIS DATA IS FAKE AND IS NOT REAL!!  FOR EXAMPLE PURPOSES ONLY!!--><fake-person id="007-86-7201" xmlns="http://www.marklogic.com/random/fake-people"><gender>female</gender><first-name>Monique</first-name><middle-initial>M</middle-initial><last-name>Brough</last-name><address>186 Bloomfield Way</address><city>Bridgton</city><state>ME</state><zipcode>04009</zipcode><country>US</country><email>Monique.M.Brough@dodgit.com</email><telephone>207-647-0742</telephone><birthday>8/20/1945</birthday><domain>GadgetOrder.com</domain><occupation>Political analyst</occupation><blood-type>B+</blood-type><pounds>224.6</pounds><kilograms>102.1</kilograms><feet-inches>5' 2&quot;</feet-inches><centimeters>157</centimeters><country>US</country><password>Se5esh5ePoh</password><credit-card-type>Visa</credit-card-type><credit-card-number>4556096052008917</credit-card-number><cvv2>631</cvv2><credit-card-expiration>8/2014</credit-card-expiration></fake-person><!--THIS DATA IS FAKE AND IS NOT REAL!!  FOR EXAMPLE PURPOSES ONLY!!-->