<?xml version="1.0" ?><!--THIS DATA IS FAKE AND IS NOT REAL!!  FOR EXAMPLE PURPOSES ONLY!!--><fake-person id="007-22-2748" xmlns="http://www.marklogic.com/random/fake-people"><gender>male</gender><first-name>Albert</first-name><middle-initial>R</middle-initial><last-name>Rogers</last-name><address>2486 Chipmunk Lane</address><city>Biddeford</city><state>ME</state><zipcode>04005</zipcode><country>US</country><email>Albert.R.Rogers@pookmail.com</email><telephone>207-282-8378</telephone><birthday>3/16/1969</birthday><domain>ITPicks.com</domain><occupation>Furnace, kiln, oven, drier, and kettle operator</occupation><blood-type>B+</blood-type><pounds>199.1</pounds><kilograms>90.5</kilograms><feet-inches>5' 7&quot;</feet-inches><centimeters>171</centimeters><country>US</country><password>OhD0chie</password><credit-card-type>MasterCard</credit-card-type><credit-card-number>5144941688319475</credit-card-number><cvv2>553</cvv2><credit-card-expiration>12/2011</credit-card-expiration></fake-person><!--THIS DATA IS FAKE AND IS NOT REAL!!  FOR EXAMPLE PURPOSES ONLY!!-->