<?xml version="1.0" ?><!--THIS DATA IS FAKE AND IS NOT REAL!!  FOR EXAMPLE PURPOSES ONLY!!--><fake-person id="007-98-8223" xmlns="http://www.marklogic.com/random/fake-people"><gender>male</gender><first-name>Kristopher</first-name><middle-initial>E</middle-initial><last-name>Vanbrunt</last-name><address>1871 Bloomfield Way</address><city>Limington</city><state>ME</state><zipcode>04049</zipcode><country>US</country><email>Kristopher.E.Vanbrunt@dodgit.com</email><telephone>207-637-8414</telephone><birthday>1/26/1961</birthday><domain>RidingBooks.com</domain><occupation>Pesticide vegetation</occupation><blood-type>O+</blood-type><pounds>161.5</pounds><kilograms>73.4</kilograms><feet-inches>5' 8&quot;</feet-inches><centimeters>172</centimeters><country>US</country><password>aiReem3ee</password><credit-card-type>MasterCard</credit-card-type><credit-card-number>5142097570083018</credit-card-number><cvv2>541</cvv2><credit-card-expiration>10/2012</credit-card-expiration></fake-person><!--THIS DATA IS FAKE AND IS NOT REAL!!  FOR EXAMPLE PURPOSES ONLY!!-->