<?xml version="1.0" ?><!--THIS DATA IS FAKE AND IS NOT REAL!!  FOR EXAMPLE PURPOSES ONLY!!--><fake-person id="007-74-9865" xmlns="http://www.marklogic.com/random/fake-people"><gender>male</gender><first-name>John</first-name><middle-initial>A</middle-initial><last-name>Lavender</last-name><address>3604 Victoria Court</address><city>Mars Hill</city><state>ME</state><zipcode>04758</zipcode><country>US</country><email>John.A.Lavender@spambob.com</email><telephone>207-425-3360</telephone><birthday>3/21/1928</birthday><domain>WorkplaceEvaluation.com</domain><occupation>Gaming investigator</occupation><blood-type>O+</blood-type><pounds>181.9</pounds><kilograms>82.7</kilograms><feet-inches>5' 10&quot;</feet-inches><centimeters>179</centimeters><country>US</country><password>oe4ih0Xee</password><credit-card-type>Visa</credit-card-type><credit-card-number>4916516911007821</credit-card-number><cvv2>631</cvv2><credit-card-expiration>12/2014</credit-card-expiration></fake-person><!--THIS DATA IS FAKE AND IS NOT REAL!!  FOR EXAMPLE PURPOSES ONLY!!-->