<?xml version="1.0" ?><!--THIS DATA IS FAKE AND IS NOT REAL!!  FOR EXAMPLE PURPOSES ONLY!!--><fake-person id="007-98-8215" xmlns="http://www.marklogic.com/random/fake-people"><gender>male</gender><first-name>Willie</first-name><middle-initial>M</middle-initial><last-name>Kearns</last-name><address>425 Fantages Way</address><city>Lincolnville</city><state>ME</state><zipcode>04849</zipcode><country>US</country><email>Willie.M.Kearns@trashymail.com</email><telephone>207-763-7681</telephone><birthday>3/6/1945</birthday><domain>CellphoneManual.com</domain><occupation>Data entry worker</occupation><blood-type>B+</blood-type><pounds>152</pounds><kilograms>69.1</kilograms><feet-inches>5' 7&quot;</feet-inches><centimeters>170</centimeters><country>US</country><password>Jezuroo3l</password><credit-card-type>MasterCard</credit-card-type><credit-card-number>5547262778523469</credit-card-number><cvv2>154</cvv2><credit-card-expiration>8/2012</credit-card-expiration></fake-person><!--THIS DATA IS FAKE AND IS NOT REAL!!  FOR EXAMPLE PURPOSES ONLY!!-->