<?xml version="1.0" ?><!--THIS DATA IS FAKE AND IS NOT REAL!!  FOR EXAMPLE PURPOSES ONLY!!--><fake-person id="007-62-5762" xmlns="http://www.marklogic.com/random/fake-people"><gender>male</gender><first-name>Larry</first-name><middle-initial>N</middle-initial><last-name>Yarbrough</last-name><address>583 Upton Avenue</address><city>Brewer</city><state>ME</state><zipcode>04412</zipcode><country>US</country><email>Larry.N.Yarbrough@spambob.com</email><telephone>207-991-6943</telephone><birthday>11/18/1936</birthday><domain>CloudAnalysis.com</domain><occupation>Certified nurse-midwife</occupation><blood-type>B+</blood-type><pounds>165.7</pounds><kilograms>75.3</kilograms><feet-inches>5' 10&quot;</feet-inches><centimeters>177</centimeters><country>US</country><password>Ied2aF7ai</password><credit-card-type>Visa</credit-card-type><credit-card-number>4539759027008195</credit-card-number><cvv2>843</cvv2><credit-card-expiration>12/2012</credit-card-expiration></fake-person><!--THIS DATA IS FAKE AND IS NOT REAL!!  FOR EXAMPLE PURPOSES ONLY!!-->