<?xml version="1.0" ?><!--THIS DATA IS FAKE AND IS NOT REAL!!  FOR EXAMPLE PURPOSES ONLY!!--><fake-person id="007-72-0239" xmlns="http://www.marklogic.com/random/fake-people"><gender>female</gender><first-name>Catherine</first-name><middle-initial>F</middle-initial><last-name>Gay</last-name><address>3360 Victoria Court</address><city>Blue Hill</city><state>ME</state><zipcode>04614</zipcode><country>US</country><email>Catherine.F.Gay@trashymail.com</email><telephone>207-374-6261</telephone><birthday>8/10/1933</birthday><domain>AffordableSalon.com</domain><occupation>Machine feeder</occupation><blood-type>B+</blood-type><pounds>117.5</pounds><kilograms>53.4</kilograms><feet-inches>4' 11&quot;</feet-inches><centimeters>151</centimeters><country>US</country><password>uu0iWohgh7</password><credit-card-type>MasterCard</credit-card-type><credit-card-number>5419984090348342</credit-card-number><cvv2>219</cvv2><credit-card-expiration>9/2014</credit-card-expiration></fake-person><!--THIS DATA IS FAKE AND IS NOT REAL!!  FOR EXAMPLE PURPOSES ONLY!!-->