<?xml version="1.0" ?><!--THIS DATA IS FAKE AND IS NOT REAL!!  FOR EXAMPLE PURPOSES ONLY!!--><fake-person id="007-02-5632" xmlns="http://www.marklogic.com/random/fake-people"><gender>male</gender><first-name>Leslie</first-name><middle-initial>C</middle-initial><last-name>Bean</last-name><address>299 Chipmunk Lane</address><city>Lewiston</city><state>ME</state><zipcode>04240</zipcode><country>US</country><email>Leslie.C.Bean@mailinator.com</email><telephone>207-784-6015</telephone><birthday>8/23/1982</birthday><domain>MongoliaTrip.com</domain><occupation>News camera operator</occupation><blood-type>B+</blood-type><pounds>234.7</pounds><kilograms>106.7</kilograms><feet-inches>5' 6&quot;</feet-inches><centimeters>168</centimeters><country>US</country><password>dohshohw4Go</password><credit-card-type>Visa</credit-card-type><credit-card-number>4532414743880009</credit-card-number><cvv2>430</cvv2><credit-card-expiration>11/2015</credit-card-expiration></fake-person><!--THIS DATA IS FAKE AND IS NOT REAL!!  FOR EXAMPLE PURPOSES ONLY!!-->