<?xml version="1.0" ?><!--THIS DATA IS FAKE AND IS NOT REAL!!  FOR EXAMPLE PURPOSES ONLY!!--><fake-person id="007-02-2791" xmlns="http://www.marklogic.com/random/fake-people"><gender>female</gender><first-name>Mary</first-name><middle-initial>H</middle-initial><last-name>Waters</last-name><address>4292 Bloomfield Way</address><city>Standish</city><state>ME</state><zipcode>04084</zipcode><country>US</country><email>Mary.H.Waters@mailinator.com</email><telephone>207-648-3922</telephone><birthday>12/10/1966</birthday><domain>IndoorMart.com</domain><occupation>University faculty</occupation><blood-type>A+</blood-type><pounds>133.5</pounds><kilograms>60.7</kilograms><feet-inches>5' 3&quot;</feet-inches><centimeters>159</centimeters><country>US</country><password>Ua4jiuJum</password><credit-card-type>Visa</credit-card-type><credit-card-number>4916529941602271</credit-card-number><cvv2>064</cvv2><credit-card-expiration>7/2015</credit-card-expiration></fake-person><!--THIS DATA IS FAKE AND IS NOT REAL!!  FOR EXAMPLE PURPOSES ONLY!!-->