<?xml version="1.0" ?><!--THIS DATA IS FAKE AND IS NOT REAL!!  FOR EXAMPLE PURPOSES ONLY!!--><fake-person id="007-66-1778" xmlns="http://www.marklogic.com/random/fake-people"><gender>female</gender><first-name>Lois</first-name><middle-initial>J</middle-initial><last-name>Manning</last-name><address>4557 Retreat Avenue</address><city>Portland</city><state>ME</state><zipcode>04101</zipcode><country>US</country><email>Lois.J.Manning@dodgit.com</email><telephone>207-289-4801</telephone><birthday>8/18/1981</birthday><domain>BeachOffices.com</domain><occupation>Historian</occupation><blood-type>AB+</blood-type><pounds>202.8</pounds><kilograms>92.2</kilograms><feet-inches>5' 7&quot;</feet-inches><centimeters>170</centimeters><country>US</country><password>aidei7Aeg</password><credit-card-type>MasterCard</credit-card-type><credit-card-number>5435869283883215</credit-card-number><cvv2>409</cvv2><credit-card-expiration>2/2013</credit-card-expiration></fake-person><!--THIS DATA IS FAKE AND IS NOT REAL!!  FOR EXAMPLE PURPOSES ONLY!!-->