<?xml version="1.0" ?><!--THIS DATA IS FAKE AND IS NOT REAL!!  FOR EXAMPLE PURPOSES ONLY!!--><fake-person id="007-90-5994" xmlns="http://www.marklogic.com/random/fake-people"><gender>male</gender><first-name>Theodore</first-name><middle-initial>B</middle-initial><last-name>Atkins</last-name><address>866 Upton Avenue</address><city>New Sweden</city><state>ME</state><zipcode>04762</zipcode><country>US</country><email>Theodore.B.Atkins@dodgit.com</email><telephone>207-896-8359</telephone><birthday>2/18/1985</birthday><domain>ProfileWatcher.com</domain><occupation>Animal scientist</occupation><blood-type>B+</blood-type><pounds>205.7</pounds><kilograms>93.5</kilograms><feet-inches>5' 6&quot;</feet-inches><centimeters>168</centimeters><country>US</country><password>Azoo8raeQu</password><credit-card-type>MasterCard</credit-card-type><credit-card-number>5262936433290191</credit-card-number><cvv2>102</cvv2><credit-card-expiration>7/2013</credit-card-expiration></fake-person><!--THIS DATA IS FAKE AND IS NOT REAL!!  FOR EXAMPLE PURPOSES ONLY!!-->