<?xml version="1.0" ?><!--THIS DATA IS FAKE AND IS NOT REAL!!  FOR EXAMPLE PURPOSES ONLY!!--><fake-person id="007-36-4980" xmlns="http://www.marklogic.com/random/fake-people"><gender>male</gender><first-name>Mark</first-name><middle-initial>V</middle-initial><last-name>Cruz</last-name><address>4718 Chipmunk Lane</address><city>Portland</city><state>ME</state><zipcode>04101</zipcode><country>US</country><email>Mark.V.Cruz@trashymail.com</email><telephone>207-240-9686</telephone><birthday>2/4/1957</birthday><domain>BetLimit.com</domain><occupation>Plumber</occupation><blood-type>A+</blood-type><pounds>185.2</pounds><kilograms>84.2</kilograms><feet-inches>5' 6&quot;</feet-inches><centimeters>168</centimeters><country>US</country><password>Uizeiz8xazai</password><credit-card-type>MasterCard</credit-card-type><credit-card-number>5497323028621402</credit-card-number><cvv2>852</cvv2><credit-card-expiration>4/2011</credit-card-expiration></fake-person><!--THIS DATA IS FAKE AND IS NOT REAL!!  FOR EXAMPLE PURPOSES ONLY!!-->