<?xml version="1.0" ?><!--THIS DATA IS FAKE AND IS NOT REAL!!  FOR EXAMPLE PURPOSES ONLY!!--><fake-person id="007-80-5736" xmlns="http://www.marklogic.com/random/fake-people"><gender>female</gender><first-name>Shelia</first-name><middle-initial>T</middle-initial><last-name>Galarza</last-name><address>3462 Fantages Way</address><city>Portland</city><state>ME</state><zipcode>04101</zipcode><country>US</country><email>Shelia.T.Galarza@spambob.com</email><telephone>207-730-5594</telephone><birthday>9/13/1936</birthday><domain>PokerTrac.com</domain><occupation>Sheet metal worker</occupation><blood-type>A+</blood-type><pounds>147.8</pounds><kilograms>67.2</kilograms><feet-inches>5' 6&quot;</feet-inches><centimeters>168</centimeters><country>US</country><password>aiwei0Ahj</password><credit-card-type>Visa</credit-card-type><credit-card-number>4539081132675978</credit-card-number><cvv2>487</cvv2><credit-card-expiration>10/2011</credit-card-expiration></fake-person><!--THIS DATA IS FAKE AND IS NOT REAL!!  FOR EXAMPLE PURPOSES ONLY!!-->