<?xml version="1.0" ?><!--THIS DATA IS FAKE AND IS NOT REAL!!  FOR EXAMPLE PURPOSES ONLY!!--><fake-person id="007-78-3779" xmlns="http://www.marklogic.com/random/fake-people"><gender>female</gender><first-name>Ellen</first-name><middle-initial>E</middle-initial><last-name>Nelson</last-name><address>1515 Bloomfield Way</address><city>Dover Foxcroft</city><state>ME</state><zipcode>04426</zipcode><country>US</country><email>Ellen.E.Nelson@pookmail.com</email><telephone>207-564-9947</telephone><birthday>5/28/1984</birthday><domain>PremiumPasses.com</domain><occupation>Letterpress operator</occupation><blood-type>O+</blood-type><pounds>159.1</pounds><kilograms>72.3</kilograms><feet-inches>5' 8&quot;</feet-inches><centimeters>172</centimeters><country>US</country><password>She1oosh1</password><credit-card-type>MasterCard</credit-card-type><credit-card-number>5250583114872758</credit-card-number><cvv2>541</cvv2><credit-card-expiration>3/2012</credit-card-expiration></fake-person><!--THIS DATA IS FAKE AND IS NOT REAL!!  FOR EXAMPLE PURPOSES ONLY!!-->