<?xml version="1.0" ?><!--THIS DATA IS FAKE AND IS NOT REAL!!  FOR EXAMPLE PURPOSES ONLY!!--><fake-person id="007-84-4113" xmlns="http://www.marklogic.com/random/fake-people"><gender>female</gender><first-name>Debrah</first-name><middle-initial>J</middle-initial><last-name>Lamb</last-name><address>4979 Fantages Way</address><city>West Enfield</city><state>ME</state><zipcode>04493</zipcode><country>US</country><email>Debrah.J.Lamb@mailinator.com</email><telephone>207-689-4510</telephone><birthday>10/26/1933</birthday><domain>LocalPaintings.com</domain><occupation>Housekeeper</occupation><blood-type>A+</blood-type><pounds>185.7</pounds><kilograms>84.4</kilograms><feet-inches>5' 6&quot;</feet-inches><centimeters>167</centimeters><country>US</country><password>feWei0fai</password><credit-card-type>Visa</credit-card-type><credit-card-number>4556326967820688</credit-card-number><cvv2>891</cvv2><credit-card-expiration>7/2015</credit-card-expiration></fake-person><!--THIS DATA IS FAKE AND IS NOT REAL!!  FOR EXAMPLE PURPOSES ONLY!!-->