<?xml version="1.0" ?><!--THIS DATA IS FAKE AND IS NOT REAL!!  FOR EXAMPLE PURPOSES ONLY!!--><fake-person id="007-02-4295" xmlns="http://www.marklogic.com/random/fake-people"><gender>female</gender><first-name>Sarah</first-name><middle-initial>G</middle-initial><last-name>Twedt</last-name><address>2186 Upton Avenue</address><city>Westbrook</city><state>ME</state><zipcode>04092</zipcode><country>US</country><email>Sarah.G.Twedt@mailinator.com</email><telephone>207-857-8137</telephone><birthday>6/22/1943</birthday><domain>ForeverRewards.com</domain><occupation>Textile knitting and weaving machine setter</occupation><blood-type>B+</blood-type><pounds>134.2</pounds><kilograms>61</kilograms><feet-inches>5' 2&quot;</feet-inches><centimeters>157</centimeters><country>US</country><password>yeeL7pee</password><credit-card-type>MasterCard</credit-card-type><credit-card-number>5394084966317304</credit-card-number><cvv2>075</cvv2><credit-card-expiration>6/2012</credit-card-expiration></fake-person><!--THIS DATA IS FAKE AND IS NOT REAL!!  FOR EXAMPLE PURPOSES ONLY!!-->