<?xml version="1.0" ?><!--THIS DATA IS FAKE AND IS NOT REAL!!  FOR EXAMPLE PURPOSES ONLY!!--><fake-person id="007-04-1133" xmlns="http://www.marklogic.com/random/fake-people"><gender>female</gender><first-name>Beverly</first-name><middle-initial>G</middle-initial><last-name>Trevino</last-name><address>710 Victoria Court</address><city>Clinton</city><state>ME</state><zipcode>04623</zipcode><country>US</country><email>Beverly.G.Trevino@spambob.com</email><telephone>207-426-6554</telephone><birthday>1/12/1975</birthday><domain>DishSuperstore.com</domain><occupation>Community planner</occupation><blood-type>AB+</blood-type><pounds>153.6</pounds><kilograms>69.8</kilograms><feet-inches>5' 2&quot;</feet-inches><centimeters>158</centimeters><country>US</country><password>hi3Yoolue</password><credit-card-type>Visa</credit-card-type><credit-card-number>4556861584841220</credit-card-number><cvv2>381</cvv2><credit-card-expiration>6/2015</credit-card-expiration></fake-person><!--THIS DATA IS FAKE AND IS NOT REAL!!  FOR EXAMPLE PURPOSES ONLY!!-->