<?xml version="1.0" ?><!--THIS DATA IS FAKE AND IS NOT REAL!!  FOR EXAMPLE PURPOSES ONLY!!--><fake-person id="007-38-1045" xmlns="http://www.marklogic.com/random/fake-people"><gender>female</gender><first-name>Gail</first-name><middle-initial>J</middle-initial><last-name>Charette</last-name><address>2228 Victoria Court</address><city>Stonington</city><state>ME</state><zipcode>04681</zipcode><country>US</country><email>Gail.J.Charette@dodgit.com</email><telephone>207-367-8436</telephone><birthday>8/4/1961</birthday><domain>GeoPricing.com</domain><occupation>Payroll specialist</occupation><blood-type>A+</blood-type><pounds>228.6</pounds><kilograms>103.9</kilograms><feet-inches>5' 5&quot;</feet-inches><centimeters>164</centimeters><country>US</country><password>sheiW1xuojoh</password><credit-card-type>MasterCard</credit-card-type><credit-card-number>5338957990549001</credit-card-number><cvv2>517</cvv2><credit-card-expiration>10/2011</credit-card-expiration></fake-person><!--THIS DATA IS FAKE AND IS NOT REAL!!  FOR EXAMPLE PURPOSES ONLY!!-->