<?xml version="1.0" ?><!--THIS DATA IS FAKE AND IS NOT REAL!!  FOR EXAMPLE PURPOSES ONLY!!--><fake-person id="007-48-0309" xmlns="http://www.marklogic.com/random/fake-people"><gender>female</gender><first-name>Shanna</first-name><middle-initial>J</middle-initial><last-name>Beeson</last-name><address>4364 Victoria Court</address><city>Portland</city><state>ME</state><zipcode>04101</zipcode><country>US</country><email>Shanna.J.Beeson@pookmail.com</email><telephone>207-514-1180</telephone><birthday>1/7/1985</birthday><domain>CleaningBlitz.com</domain><occupation>Training coordinator</occupation><blood-type>B+</blood-type><pounds>221.8</pounds><kilograms>100.8</kilograms><feet-inches>5' 6&quot;</feet-inches><centimeters>167</centimeters><country>US</country><password>xooFahdus3n</password><credit-card-type>MasterCard</credit-card-type><credit-card-number>5525007654814854</credit-card-number><cvv2>091</cvv2><credit-card-expiration>10/2012</credit-card-expiration></fake-person><!--THIS DATA IS FAKE AND IS NOT REAL!!  FOR EXAMPLE PURPOSES ONLY!!-->