<?xml version="1.0" ?><!--THIS DATA IS FAKE AND IS NOT REAL!!  FOR EXAMPLE PURPOSES ONLY!!--><fake-person id="007-38-1725" xmlns="http://www.marklogic.com/random/fake-people"><gender>female</gender><first-name>Constance</first-name><middle-initial>K</middle-initial><last-name>Gates</last-name><address>4881 Victoria Court</address><city>South China</city><state>ME</state><zipcode>04358</zipcode><country>US</country><email>Constance.K.Gates@trashymail.com</email><telephone>207-445-6648</telephone><birthday>8/21/1978</birthday><domain>DomainVeteran.com</domain><occupation>Electrical and electronics installer</occupation><blood-type>B+</blood-type><pounds>169.8</pounds><kilograms>77.2</kilograms><feet-inches>5' 8&quot;</feet-inches><centimeters>173</centimeters><country>US</country><password>cahbahK2</password><credit-card-type>MasterCard</credit-card-type><credit-card-number>5510336592107718</credit-card-number><cvv2>916</cvv2><credit-card-expiration>6/2015</credit-card-expiration></fake-person><!--THIS DATA IS FAKE AND IS NOT REAL!!  FOR EXAMPLE PURPOSES ONLY!!-->