<?xml version="1.0" ?><!--THIS DATA IS FAKE AND IS NOT REAL!!  FOR EXAMPLE PURPOSES ONLY!!--><fake-person id="007-98-0235" xmlns="http://www.marklogic.com/random/fake-people"><gender>female</gender><first-name>Evelyn</first-name><middle-initial>R</middle-initial><last-name>Long</last-name><address>1753 Chipmunk Lane</address><city>Etna</city><state>ME</state><zipcode>04434</zipcode><country>US</country><email>Evelyn.R.Long@trashymail.com</email><telephone>207-269-5634</telephone><birthday>2/12/1926</birthday><domain>SportsWorm.com</domain><occupation>Library aide</occupation><blood-type>A-</blood-type><pounds>195.1</pounds><kilograms>88.7</kilograms><feet-inches>5' 1&quot;</feet-inches><centimeters>156</centimeters><country>US</country><password>gaThaephoh6</password><credit-card-type>Visa</credit-card-type><credit-card-number>4929832843569670</credit-card-number><cvv2>067</cvv2><credit-card-expiration>3/2015</credit-card-expiration></fake-person><!--THIS DATA IS FAKE AND IS NOT REAL!!  FOR EXAMPLE PURPOSES ONLY!!-->