<?xml version="1.0" ?><!--THIS DATA IS FAKE AND IS NOT REAL!!  FOR EXAMPLE PURPOSES ONLY!!--><fake-person id="007-40-6100" xmlns="http://www.marklogic.com/random/fake-people"><gender>female</gender><first-name>Florence</first-name><middle-initial>J</middle-initial><last-name>Hord</last-name><address>1269 Bloomfield Way</address><city>Wilton</city><state>ME</state><zipcode>04294</zipcode><country>US</country><email>Florence.J.Hord@pookmail.com</email><telephone>207-645-8904</telephone><birthday>5/5/1957</birthday><domain>ComOdds.com</domain><occupation>Musical instrument repairer</occupation><blood-type>B-</blood-type><pounds>145</pounds><kilograms>65.9</kilograms><feet-inches>5' 7&quot;</feet-inches><centimeters>171</centimeters><country>US</country><password>Shief7aphae</password><credit-card-type>MasterCard</credit-card-type><credit-card-number>5595926335430837</credit-card-number><cvv2>849</cvv2><credit-card-expiration>4/2011</credit-card-expiration></fake-person><!--THIS DATA IS FAKE AND IS NOT REAL!!  FOR EXAMPLE PURPOSES ONLY!!-->