<?xml version="1.0" ?><!--THIS DATA IS FAKE AND IS NOT REAL!!  FOR EXAMPLE PURPOSES ONLY!!--><fake-person id="007-82-9128" xmlns="http://www.marklogic.com/random/fake-people"><gender>male</gender><first-name>Frankie</first-name><middle-initial>D</middle-initial><last-name>Mccall</last-name><address>1531 Bloomfield Way</address><city>Roxbury Pond</city><state>ME</state><zipcode>04275</zipcode><country>US</country><email>Frankie.D.Mccall@spambob.com</email><telephone>207-545-4506</telephone><birthday>5/19/1974</birthday><domain>OptionsAvailable.com</domain><occupation>Staffing consultant</occupation><blood-type>A+</blood-type><pounds>249.5</pounds><kilograms>113.4</kilograms><feet-inches>6' 0&quot;</feet-inches><centimeters>183</centimeters><country>US</country><password>eeThi5At0koo</password><credit-card-type>MasterCard</credit-card-type><credit-card-number>5200018050597060</credit-card-number><cvv2>405</cvv2><credit-card-expiration>4/2011</credit-card-expiration></fake-person><!--THIS DATA IS FAKE AND IS NOT REAL!!  FOR EXAMPLE PURPOSES ONLY!!-->