<?xml version="1.0" ?><!--THIS DATA IS FAKE AND IS NOT REAL!!  FOR EXAMPLE PURPOSES ONLY!!--><fake-person id="007-30-9670" xmlns="http://www.marklogic.com/random/fake-people"><gender>male</gender><first-name>Rafael</first-name><middle-initial>H</middle-initial><last-name>Ansari</last-name><address>930 Fantages Way</address><city>Presque Isle</city><state>ME</state><zipcode>04769</zipcode><country>US</country><email>Rafael.H.Ansari@dodgit.com</email><telephone>207-764-4683</telephone><birthday>11/26/1933</birthday><domain>FamilyLoss.com</domain><occupation>Chemical equipment operator</occupation><blood-type>B+</blood-type><pounds>202.4</pounds><kilograms>92</kilograms><feet-inches>5' 9&quot;</feet-inches><centimeters>174</centimeters><country>US</country><password>goh5ooSuem</password><credit-card-type>Visa</credit-card-type><credit-card-number>4556192512841730</credit-card-number><cvv2>254</cvv2><credit-card-expiration>6/2012</credit-card-expiration></fake-person><!--THIS DATA IS FAKE AND IS NOT REAL!!  FOR EXAMPLE PURPOSES ONLY!!-->