<?xml version="1.0" ?><!--THIS DATA IS FAKE AND IS NOT REAL!!  FOR EXAMPLE PURPOSES ONLY!!--><fake-person id="007-18-9398" xmlns="http://www.marklogic.com/random/fake-people"><gender>male</gender><first-name>Roger</first-name><middle-initial>I</middle-initial><last-name>Esposito</last-name><address>2502 Retreat Avenue</address><city>Mount Vernon</city><state>ME</state><zipcode>04352</zipcode><country>US</country><email>Roger.I.Esposito@spambob.com</email><telephone>207-293-3168</telephone><birthday>5/15/1951</birthday><domain>MoreStatus.com</domain><occupation>Employer relations representative</occupation><blood-type>A+</blood-type><pounds>211.2</pounds><kilograms>96</kilograms><feet-inches>5' 7&quot;</feet-inches><centimeters>171</centimeters><country>US</country><password>go7Thoid9m</password><credit-card-type>Visa</credit-card-type><credit-card-number>4532962042986794</credit-card-number><cvv2>314</cvv2><credit-card-expiration>1/2013</credit-card-expiration></fake-person><!--THIS DATA IS FAKE AND IS NOT REAL!!  FOR EXAMPLE PURPOSES ONLY!!-->