<?xml version="1.0" ?><!--THIS DATA IS FAKE AND IS NOT REAL!!  FOR EXAMPLE PURPOSES ONLY!!--><fake-person id="007-42-6417" xmlns="http://www.marklogic.com/random/fake-people"><gender>female</gender><first-name>Estella</first-name><middle-initial>D</middle-initial><last-name>Feeney</last-name><address>293 Fantages Way</address><city>Portland</city><state>ME</state><zipcode>04101</zipcode><country>US</country><email>Estella.D.Feeney@dodgit.com</email><telephone>207-771-3521</telephone><birthday>10/21/1968</birthday><domain>TelephoneCoupons.com</domain><occupation>Sheriff</occupation><blood-type>O+</blood-type><pounds>218.5</pounds><kilograms>99.3</kilograms><feet-inches>5' 6&quot;</feet-inches><centimeters>167</centimeters><country>US</country><password>Phaigh0Loh</password><credit-card-type>MasterCard</credit-card-type><credit-card-number>5249107793731327</credit-card-number><cvv2>939</cvv2><credit-card-expiration>3/2015</credit-card-expiration></fake-person><!--THIS DATA IS FAKE AND IS NOT REAL!!  FOR EXAMPLE PURPOSES ONLY!!-->