<?xml version="1.0" ?><!--THIS DATA IS FAKE AND IS NOT REAL!!  FOR EXAMPLE PURPOSES ONLY!!--><fake-person id="007-68-9362" xmlns="http://www.marklogic.com/random/fake-people"><gender>female</gender><first-name>Delores</first-name><middle-initial>J</middle-initial><last-name>Lewis</last-name><address>2967 Bloomfield Way</address><city>Wilton</city><state>ME</state><zipcode>04294</zipcode><country>US</country><email>Delores.J.Lewis@pookmail.com</email><telephone>207-645-1348</telephone><birthday>10/8/1962</birthday><domain>LandscapeCover.com</domain><occupation>Portfolio manager</occupation><blood-type>O+</blood-type><pounds>228.6</pounds><kilograms>103.9</kilograms><feet-inches>5' 9&quot;</feet-inches><centimeters>174</centimeters><country>US</country><password>foer6Pheil</password><credit-card-type>MasterCard</credit-card-type><credit-card-number>5356907308774681</credit-card-number><cvv2>811</cvv2><credit-card-expiration>2/2011</credit-card-expiration></fake-person><!--THIS DATA IS FAKE AND IS NOT REAL!!  FOR EXAMPLE PURPOSES ONLY!!-->