<?xml version="1.0" ?><!--THIS DATA IS FAKE AND IS NOT REAL!!  FOR EXAMPLE PURPOSES ONLY!!--><fake-person id="007-68-4814" xmlns="http://www.marklogic.com/random/fake-people"><gender>female</gender><first-name>Lilian</first-name><middle-initial>G</middle-initial><last-name>Lind</last-name><address>3489 Chipmunk Lane</address><city>Farmington</city><state>ME</state><zipcode>04938</zipcode><country>US</country><email>Lilian.G.Lind@spambob.com</email><telephone>207-779-4186</telephone><birthday>2/23/1929</birthday><domain>PaidBig.com</domain><occupation>Obstetric sonographer</occupation><blood-type>O+</blood-type><pounds>162.1</pounds><kilograms>73.7</kilograms><feet-inches>5' 6&quot;</feet-inches><centimeters>167</centimeters><country>US</country><password>xa7aqu7Of</password><credit-card-type>MasterCard</credit-card-type><credit-card-number>5345754480688535</credit-card-number><cvv2>115</cvv2><credit-card-expiration>4/2014</credit-card-expiration></fake-person><!--THIS DATA IS FAKE AND IS NOT REAL!!  FOR EXAMPLE PURPOSES ONLY!!-->