<?xml version="1.0" ?><!--THIS DATA IS FAKE AND IS NOT REAL!!  FOR EXAMPLE PURPOSES ONLY!!--><fake-person id="007-62-4644" xmlns="http://www.marklogic.com/random/fake-people"><gender>male</gender><first-name>James</first-name><middle-initial>A</middle-initial><last-name>Mclean</last-name><address>3609 Chipmunk Lane</address><city>Southwest Harbor</city><state>ME</state><zipcode>04679</zipcode><country>US</country><email>James.A.Mclean@pookmail.com</email><telephone>207-244-5050</telephone><birthday>2/26/1987</birthday><domain>SeeState.com</domain><occupation>Copy writer</occupation><blood-type>O+</blood-type><pounds>233.6</pounds><kilograms>106.2</kilograms><feet-inches>6' 0&quot;</feet-inches><centimeters>184</centimeters><country>US</country><password>izooc0oH</password><credit-card-type>MasterCard</credit-card-type><credit-card-number>5286737783181630</credit-card-number><cvv2>461</cvv2><credit-card-expiration>3/2013</credit-card-expiration></fake-person><!--THIS DATA IS FAKE AND IS NOT REAL!!  FOR EXAMPLE PURPOSES ONLY!!-->