<?xml version="1.0" ?><!--THIS DATA IS FAKE AND IS NOT REAL!!  FOR EXAMPLE PURPOSES ONLY!!--><fake-person id="007-22-1229" xmlns="http://www.marklogic.com/random/fake-people"><gender>female</gender><first-name>Rosalia</first-name><middle-initial>K</middle-initial><last-name>Kimber</last-name><address>4017 Bloomfield Way</address><city>Canton</city><state>ME</state><zipcode>04221</zipcode><country>US</country><email>Rosalia.K.Kimber@dodgit.com</email><telephone>207-597-9963</telephone><birthday>8/15/1979</birthday><domain>MultipleMortgage.com</domain><occupation>Order clerk</occupation><blood-type>B+</blood-type><pounds>125.4</pounds><kilograms>57</kilograms><feet-inches>5' 6&quot;</feet-inches><centimeters>168</centimeters><country>US</country><password>aiWieg3ooth</password><credit-card-type>Visa</credit-card-type><credit-card-number>4532927355591473</credit-card-number><cvv2>345</cvv2><credit-card-expiration>1/2011</credit-card-expiration></fake-person><!--THIS DATA IS FAKE AND IS NOT REAL!!  FOR EXAMPLE PURPOSES ONLY!!-->