<?xml version="1.0" ?><!--THIS DATA IS FAKE AND IS NOT REAL!!  FOR EXAMPLE PURPOSES ONLY!!--><fake-person id="007-04-0220" xmlns="http://www.marklogic.com/random/fake-people"><gender>female</gender><first-name>Hazel</first-name><middle-initial>R</middle-initial><last-name>Norris</last-name><address>2017 Victoria Court</address><city>Portland</city><state>ME</state><zipcode>04101</zipcode><country>US</country><email>Hazel.R.Norris@pookmail.com</email><telephone>207-510-6603</telephone><birthday>6/6/1943</birthday><domain>PopAdvertisement.com</domain><occupation>Nuclear medicine technologist</occupation><blood-type>A+</blood-type><pounds>190.3</pounds><kilograms>86.5</kilograms><feet-inches>5' 1&quot;</feet-inches><centimeters>154</centimeters><country>US</country><password>oe8Wao4n</password><credit-card-type>Visa</credit-card-type><credit-card-number>4929257005911587</credit-card-number><cvv2>728</cvv2><credit-card-expiration>11/2014</credit-card-expiration></fake-person><!--THIS DATA IS FAKE AND IS NOT REAL!!  FOR EXAMPLE PURPOSES ONLY!!-->