<?xml version="1.0" ?><!--THIS DATA IS FAKE AND IS NOT REAL!!  FOR EXAMPLE PURPOSES ONLY!!--><fake-person id="007-26-8182" xmlns="http://www.marklogic.com/random/fake-people"><gender>female</gender><first-name>Frances</first-name><middle-initial>R</middle-initial><last-name>Coaxum</last-name><address>2553 Victoria Court</address><city>Sabattus</city><state>ME</state><zipcode>04280</zipcode><country>US</country><email>Frances.R.Coaxum@dodgit.com</email><telephone>207-375-2875</telephone><birthday>12/9/1953</birthday><domain>HomeLoanCycle.com</domain><occupation>Histology technician</occupation><blood-type>B+</blood-type><pounds>174.9</pounds><kilograms>79.5</kilograms><feet-inches>5' 5&quot;</feet-inches><centimeters>166</centimeters><country>US</country><password>aiRoo8do</password><credit-card-type>MasterCard</credit-card-type><credit-card-number>5461889074065993</credit-card-number><cvv2>195</cvv2><credit-card-expiration>9/2014</credit-card-expiration></fake-person><!--THIS DATA IS FAKE AND IS NOT REAL!!  FOR EXAMPLE PURPOSES ONLY!!-->