<?xml version="1.0" ?><!--THIS DATA IS FAKE AND IS NOT REAL!!  FOR EXAMPLE PURPOSES ONLY!!--><fake-person id="007-38-7155" xmlns="http://www.marklogic.com/random/fake-people"><gender>female</gender><first-name>Lea</first-name><middle-initial>C</middle-initial><last-name>Lake</last-name><address>256 Upton Avenue</address><city>Grand Isle</city><state>ME</state><zipcode>04746</zipcode><country>US</country><email>Lea.C.Lake@pookmail.com</email><telephone>207-895-5261</telephone><birthday>6/10/1935</birthday><domain>CompleteCrew.com</domain><occupation>Policy analyst</occupation><blood-type>A+</blood-type><pounds>155.1</pounds><kilograms>70.5</kilograms><feet-inches>5' 0&quot;</feet-inches><centimeters>152</centimeters><country>US</country><password>OpiFuim0</password><credit-card-type>Visa</credit-card-type><credit-card-number>4532132112613583</credit-card-number><cvv2>390</cvv2><credit-card-expiration>2/2012</credit-card-expiration></fake-person><!--THIS DATA IS FAKE AND IS NOT REAL!!  FOR EXAMPLE PURPOSES ONLY!!-->