<?xml version="1.0" ?><!--THIS DATA IS FAKE AND IS NOT REAL!!  FOR EXAMPLE PURPOSES ONLY!!--><fake-person id="007-36-8097" xmlns="http://www.marklogic.com/random/fake-people"><gender>male</gender><first-name>Dwayne</first-name><middle-initial>M</middle-initial><last-name>Gurley</last-name><address>3038 Upton Avenue</address><city>Wiscasset</city><state>ME</state><zipcode>04578</zipcode><country>US</country><email>Dwayne.M.Gurley@spambob.com</email><telephone>207-882-4416</telephone><birthday>11/18/1927</birthday><domain>DiscountRacquet.com</domain><occupation>Tank car, truck, and ship loader</occupation><blood-type>O+</blood-type><pounds>211</pounds><kilograms>95.9</kilograms><feet-inches>5' 8&quot;</feet-inches><centimeters>173</centimeters><country>US</country><password>eiHe9ThuoNg</password><credit-card-type>MasterCard</credit-card-type><credit-card-number>5553630697189862</credit-card-number><cvv2>107</cvv2><credit-card-expiration>5/2012</credit-card-expiration></fake-person><!--THIS DATA IS FAKE AND IS NOT REAL!!  FOR EXAMPLE PURPOSES ONLY!!-->