<?xml version="1.0" ?><!--THIS DATA IS FAKE AND IS NOT REAL!!  FOR EXAMPLE PURPOSES ONLY!!--><fake-person id="007-76-0614" xmlns="http://www.marklogic.com/random/fake-people"><gender>male</gender><first-name>Antone</first-name><middle-initial>E</middle-initial><last-name>Martin</last-name><address>1857 Upton Avenue</address><city>Waterville</city><state>ME</state><zipcode>04901</zipcode><country>US</country><email>Antone.E.Martin@trashymail.com</email><telephone>207-877-6728</telephone><birthday>8/20/1977</birthday><domain>WideRefrigerators.com</domain><occupation>Highway patrol officer</occupation><blood-type>B+</blood-type><pounds>218.7</pounds><kilograms>99.4</kilograms><feet-inches>5' 11&quot;</feet-inches><centimeters>181</centimeters><country>US</country><password>Di0eehah4</password><credit-card-type>MasterCard</credit-card-type><credit-card-number>5485925618418157</credit-card-number><cvv2>237</cvv2><credit-card-expiration>10/2013</credit-card-expiration></fake-person><!--THIS DATA IS FAKE AND IS NOT REAL!!  FOR EXAMPLE PURPOSES ONLY!!-->