<?xml version="1.0" ?><!--THIS DATA IS FAKE AND IS NOT REAL!!  FOR EXAMPLE PURPOSES ONLY!!--><fake-person id="007-30-2834" xmlns="http://www.marklogic.com/random/fake-people"><gender>male</gender><first-name>Salvatore</first-name><middle-initial>P</middle-initial><last-name>Vance</last-name><address>977 Victoria Court</address><city>Portland</city><state>ME</state><zipcode>04101</zipcode><country>US</country><email>Salvatore.P.Vance@trashymail.com</email><telephone>207-376-9918</telephone><birthday>7/30/1956</birthday><domain>InvestmentRankings.com</domain><occupation>Outdoor power equipment mechanic</occupation><blood-type>B+</blood-type><pounds>186.3</pounds><kilograms>84.7</kilograms><feet-inches>5' 7&quot;</feet-inches><centimeters>170</centimeters><country>US</country><password>uaGoh3eek</password><credit-card-type>MasterCard</credit-card-type><credit-card-number>5346788311849063</credit-card-number><cvv2>161</cvv2><credit-card-expiration>5/2014</credit-card-expiration></fake-person><!--THIS DATA IS FAKE AND IS NOT REAL!!  FOR EXAMPLE PURPOSES ONLY!!-->