<?xml version="1.0" ?><!--THIS DATA IS FAKE AND IS NOT REAL!!  FOR EXAMPLE PURPOSES ONLY!!--><fake-person id="007-20-1093" xmlns="http://www.marklogic.com/random/fake-people"><gender>male</gender><first-name>Robert</first-name><middle-initial>S</middle-initial><last-name>Edwards</last-name><address>254 Fantages Way</address><city>Fryeburg</city><state>ME</state><zipcode>04037</zipcode><country>US</country><email>Robert.S.Edwards@dodgit.com</email><telephone>207-697-4016</telephone><birthday>10/28/1948</birthday><domain>JobMobiles.com</domain><occupation>Delivery services truck driver</occupation><blood-type>O+</blood-type><pounds>166.8</pounds><kilograms>75.8</kilograms><feet-inches>5' 5&quot;</feet-inches><centimeters>165</centimeters><country>US</country><password>iithacei9U</password><credit-card-type>MasterCard</credit-card-type><credit-card-number>5410777944462403</credit-card-number><cvv2>907</cvv2><credit-card-expiration>1/2013</credit-card-expiration></fake-person><!--THIS DATA IS FAKE AND IS NOT REAL!!  FOR EXAMPLE PURPOSES ONLY!!-->