<?xml version="1.0" ?><!--THIS DATA IS FAKE AND IS NOT REAL!!  FOR EXAMPLE PURPOSES ONLY!!--><fake-person id="007-20-5792" xmlns="http://www.marklogic.com/random/fake-people"><gender>female</gender><first-name>Rita</first-name><middle-initial>C</middle-initial><last-name>Russell</last-name><address>4871 Victoria Court</address><city>Errol</city><state>ME</state><zipcode>03579</zipcode><country>US</country><email>Rita.C.Russell@mailinator.com</email><telephone>207-486-6528</telephone><birthday>12/9/1976</birthday><domain>ManhattanGyms.com</domain><occupation>Automotive mechanic</occupation><blood-type>A-</blood-type><pounds>153.6</pounds><kilograms>69.8</kilograms><feet-inches>5' 9&quot;</feet-inches><centimeters>175</centimeters><country>US</country><password>tug8HoiJetae</password><credit-card-type>Visa</credit-card-type><credit-card-number>4485875202465283</credit-card-number><cvv2>165</cvv2><credit-card-expiration>10/2015</credit-card-expiration></fake-person><!--THIS DATA IS FAKE AND IS NOT REAL!!  FOR EXAMPLE PURPOSES ONLY!!-->