<?xml version="1.0" ?><!--THIS DATA IS FAKE AND IS NOT REAL!!  FOR EXAMPLE PURPOSES ONLY!!--><fake-person id="007-64-0844" xmlns="http://www.marklogic.com/random/fake-people"><gender>male</gender><first-name>Jose</first-name><middle-initial>M</middle-initial><last-name>Arevalo</last-name><address>3136 Chipmunk Lane</address><city>Westbrook</city><state>ME</state><zipcode>04092</zipcode><country>US</country><email>Jose.M.Arevalo@spambob.com</email><telephone>207-831-4468</telephone><birthday>6/28/1937</birthday><domain>DropQuote.com</domain><occupation>Sailor</occupation><blood-type>O+</blood-type><pounds>133.8</pounds><kilograms>60.8</kilograms><feet-inches>5' 6&quot;</feet-inches><centimeters>167</centimeters><country>US</country><password>Oothu9yaiqu</password><credit-card-type>MasterCard</credit-card-type><credit-card-number>5152071502727502</credit-card-number><cvv2>754</cvv2><credit-card-expiration>7/2011</credit-card-expiration></fake-person><!--THIS DATA IS FAKE AND IS NOT REAL!!  FOR EXAMPLE PURPOSES ONLY!!-->