<?xml version="1.0" ?><!--THIS DATA IS FAKE AND IS NOT REAL!!  FOR EXAMPLE PURPOSES ONLY!!--><fake-person id="007-72-3818" xmlns="http://www.marklogic.com/random/fake-people"><gender>male</gender><first-name>David</first-name><middle-initial>L</middle-initial><last-name>Orbison</last-name><address>240 Upton Avenue</address><city>Vinal Haven</city><state>ME</state><zipcode>04863</zipcode><country>US</country><email>David.L.Orbison@mailinator.com</email><telephone>207-863-5050</telephone><birthday>1/8/1982</birthday><domain>SayEspanol.com</domain><occupation>Personnel officer</occupation><blood-type>O+</blood-type><pounds>245.7</pounds><kilograms>111.7</kilograms><feet-inches>5' 9&quot;</feet-inches><centimeters>176</centimeters><country>US</country><password>aisa0ya5Ou</password><credit-card-type>MasterCard</credit-card-type><credit-card-number>5487162033228247</credit-card-number><cvv2>641</cvv2><credit-card-expiration>1/2013</credit-card-expiration></fake-person><!--THIS DATA IS FAKE AND IS NOT REAL!!  FOR EXAMPLE PURPOSES ONLY!!-->