<?xml version="1.0" ?><!--THIS DATA IS FAKE AND IS NOT REAL!!  FOR EXAMPLE PURPOSES ONLY!!--><fake-person id="007-76-2980" xmlns="http://www.marklogic.com/random/fake-people"><gender>male</gender><first-name>Bruce</first-name><middle-initial>J</middle-initial><last-name>Morgan</last-name><address>1753 Chipmunk Lane</address><city>Portland</city><state>ME</state><zipcode>04101</zipcode><country>US</country><email>Bruce.J.Morgan@mailinator.com</email><telephone>207-774-2434</telephone><birthday>6/28/1942</birthday><domain>CDHunting.com</domain><occupation>Staffing consultant</occupation><blood-type>AB-</blood-type><pounds>143.7</pounds><kilograms>65.3</kilograms><feet-inches>5' 7&quot;</feet-inches><centimeters>171</centimeters><country>US</country><password>OoQuiijae2ai</password><credit-card-type>Visa</credit-card-type><credit-card-number>4532348062841392</credit-card-number><cvv2>567</cvv2><credit-card-expiration>4/2011</credit-card-expiration></fake-person><!--THIS DATA IS FAKE AND IS NOT REAL!!  FOR EXAMPLE PURPOSES ONLY!!-->