<?xml version="1.0" ?><!--THIS DATA IS FAKE AND IS NOT REAL!!  FOR EXAMPLE PURPOSES ONLY!!--><fake-person id="007-68-2728" xmlns="http://www.marklogic.com/random/fake-people"><gender>female</gender><first-name>Tamica</first-name><middle-initial>R</middle-initial><last-name>Banks</last-name><address>2040 Chipmunk Lane</address><city>Harpswell</city><state>ME</state><zipcode>04079</zipcode><country>US</country><email>Tamica.R.Banks@pookmail.com</email><telephone>207-833-2138</telephone><birthday>11/17/1935</birthday><domain>WorkoutFanatics.com</domain><occupation>Expediting clerk</occupation><blood-type>A+</blood-type><pounds>192.1</pounds><kilograms>87.3</kilograms><feet-inches>5' 1&quot;</feet-inches><centimeters>155</centimeters><country>US</country><password>she9Ohchoh</password><credit-card-type>Visa</credit-card-type><credit-card-number>4485311651459452</credit-card-number><cvv2>833</cvv2><credit-card-expiration>5/2013</credit-card-expiration></fake-person><!--THIS DATA IS FAKE AND IS NOT REAL!!  FOR EXAMPLE PURPOSES ONLY!!-->