<?xml version="1.0" ?><!--THIS DATA IS FAKE AND IS NOT REAL!!  FOR EXAMPLE PURPOSES ONLY!!--><fake-person id="007-66-7654" xmlns="http://www.marklogic.com/random/fake-people"><gender>female</gender><first-name>Doreen</first-name><middle-initial>J</middle-initial><last-name>Rodriguez</last-name><address>678 Upton Avenue</address><city>Grand Isle</city><state>ME</state><zipcode>04746</zipcode><country>US</country><email>Doreen.J.Rodriguez@spambob.com</email><telephone>207-895-8092</telephone><birthday>6/11/1980</birthday><domain>EverydayRisk.com</domain><occupation>Physical metallurgical engineer</occupation><blood-type>A-</blood-type><pounds>186.6</pounds><kilograms>84.8</kilograms><feet-inches>5' 1&quot;</feet-inches><centimeters>155</centimeters><country>US</country><password>Ai2eyiezik</password><credit-card-type>MasterCard</credit-card-type><credit-card-number>5419601718438087</credit-card-number><cvv2>428</cvv2><credit-card-expiration>4/2015</credit-card-expiration></fake-person><!--THIS DATA IS FAKE AND IS NOT REAL!!  FOR EXAMPLE PURPOSES ONLY!!-->