<?xml version="1.0" ?><!--THIS DATA IS FAKE AND IS NOT REAL!!  FOR EXAMPLE PURPOSES ONLY!!--><fake-person id="007-06-0040" xmlns="http://www.marklogic.com/random/fake-people"><gender>male</gender><first-name>Jay</first-name><middle-initial>T</middle-initial><last-name>Wade</last-name><address>4069 Retreat Avenue</address><city>Coburn Gore</city><state>ME</state><zipcode>04936</zipcode><country>US</country><email>Jay.T.Wade@pookmail.com</email><telephone>207-297-4401</telephone><birthday>11/9/1977</birthday><domain>GoBoulevard.com</domain><occupation>Cost estimator</occupation><blood-type>O+</blood-type><pounds>212.3</pounds><kilograms>96.5</kilograms><feet-inches>5' 9&quot;</feet-inches><centimeters>175</centimeters><country>US</country><password>Hah7reefei</password><credit-card-type>MasterCard</credit-card-type><credit-card-number>5264066076693473</credit-card-number><cvv2>555</cvv2><credit-card-expiration>2/2013</credit-card-expiration></fake-person><!--THIS DATA IS FAKE AND IS NOT REAL!!  FOR EXAMPLE PURPOSES ONLY!!-->