<?xml version="1.0" ?><!--THIS DATA IS FAKE AND IS NOT REAL!!  FOR EXAMPLE PURPOSES ONLY!!--><fake-person id="007-84-5554" xmlns="http://www.marklogic.com/random/fake-people"><gender>female</gender><first-name>Brenda</first-name><middle-initial>M</middle-initial><last-name>Stout</last-name><address>1975 Fantages Way</address><city>Portland</city><state>ME</state><zipcode>04101</zipcode><country>US</country><email>Brenda.M.Stout@mailinator.com</email><telephone>207-772-5755</telephone><birthday>9/20/1975</birthday><domain>TraditionalHomeLoan.com</domain><occupation>Tax accountant</occupation><blood-type>B+</blood-type><pounds>122.5</pounds><kilograms>55.7</kilograms><feet-inches>5' 9&quot;</feet-inches><centimeters>175</centimeters><country>US</country><password>mahqu9Hah</password><credit-card-type>MasterCard</credit-card-type><credit-card-number>5501864752791808</credit-card-number><cvv2>911</cvv2><credit-card-expiration>6/2012</credit-card-expiration></fake-person><!--THIS DATA IS FAKE AND IS NOT REAL!!  FOR EXAMPLE PURPOSES ONLY!!-->