<?xml version="1.0" ?><!--THIS DATA IS FAKE AND IS NOT REAL!!  FOR EXAMPLE PURPOSES ONLY!!--><fake-person id="007-82-9347" xmlns="http://www.marklogic.com/random/fake-people"><gender>male</gender><first-name>Garland</first-name><middle-initial>A</middle-initial><last-name>Kates</last-name><address>3410 Upton Avenue</address><city>Westbrook</city><state>ME</state><zipcode>04092</zipcode><country>US</country><email>Garland.A.Kates@trashymail.com</email><telephone>207-917-7247</telephone><birthday>2/12/1929</birthday><domain>SocialSeekers.com</domain><occupation>Tour guide</occupation><blood-type>A+</blood-type><pounds>219.6</pounds><kilograms>99.8</kilograms><feet-inches>5' 4&quot;</feet-inches><centimeters>163</centimeters><country>US</country><password>je0achaiGei</password><credit-card-type>MasterCard</credit-card-type><credit-card-number>5138793466577776</credit-card-number><cvv2>829</cvv2><credit-card-expiration>5/2011</credit-card-expiration></fake-person><!--THIS DATA IS FAKE AND IS NOT REAL!!  FOR EXAMPLE PURPOSES ONLY!!-->