<?xml version="1.0" ?><!--THIS DATA IS FAKE AND IS NOT REAL!!  FOR EXAMPLE PURPOSES ONLY!!--><fake-person id="007-46-1647" xmlns="http://www.marklogic.com/random/fake-people"><gender>female</gender><first-name>Kimberly</first-name><middle-initial>C</middle-initial><last-name>Sousa</last-name><address>4582 Bloomfield Way</address><city>Portland</city><state>ME</state><zipcode>04101</zipcode><country>US</country><email>Kimberly.C.Sousa@pookmail.com</email><telephone>207-591-5323</telephone><birthday>5/5/1932</birthday><domain>LeadSpa.com</domain><occupation>Operations analyst</occupation><blood-type>O+</blood-type><pounds>114.4</pounds><kilograms>52</kilograms><feet-inches>5' 4&quot;</feet-inches><centimeters>163</centimeters><country>US</country><password>caetah6Ah</password><credit-card-type>MasterCard</credit-card-type><credit-card-number>5108571815315320</credit-card-number><cvv2>341</cvv2><credit-card-expiration>7/2015</credit-card-expiration></fake-person><!--THIS DATA IS FAKE AND IS NOT REAL!!  FOR EXAMPLE PURPOSES ONLY!!-->