<?xml version="1.0" ?><!--THIS DATA IS FAKE AND IS NOT REAL!!  FOR EXAMPLE PURPOSES ONLY!!--><fake-person id="007-48-7263" xmlns="http://www.marklogic.com/random/fake-people"><gender>female</gender><first-name>Becky</first-name><middle-initial>J</middle-initial><last-name>Nye</last-name><address>2301 Fantages Way</address><city>South Portland</city><state>ME</state><zipcode>04106</zipcode><country>US</country><email>Becky.J.Nye@spambob.com</email><telephone>207-759-1193</telephone><birthday>2/8/1950</birthday><domain>HealthDebt.com</domain><occupation>Regional planner</occupation><blood-type>A+</blood-type><pounds>143.2</pounds><kilograms>65.1</kilograms><feet-inches>5' 0&quot;</feet-inches><centimeters>152</centimeters><country>US</country><password>ueshoh4Joa</password><credit-card-type>Visa</credit-card-type><credit-card-number>4485375454985203</credit-card-number><cvv2>227</cvv2><credit-card-expiration>12/2014</credit-card-expiration></fake-person><!--THIS DATA IS FAKE AND IS NOT REAL!!  FOR EXAMPLE PURPOSES ONLY!!-->