<?xml version="1.0" ?><!--THIS DATA IS FAKE AND IS NOT REAL!!  FOR EXAMPLE PURPOSES ONLY!!--><fake-person id="008-42-1547" xmlns="http://www.marklogic.com/random/fake-people"><gender>male</gender><first-name>James</first-name><middle-initial>H</middle-initial><last-name>Azevedo</last-name><address>2992 Duff Avenue</address><city>Burlington</city><state>VT</state><zipcode>05401</zipcode><country>US</country><email>James.H.Azevedo@trashymail.com</email><telephone>802-498-5470</telephone><birthday>10/25/1985</birthday><domain>ElectionSearch.com</domain><occupation>Payroll and timekeeping clerk</occupation><blood-type>A-</blood-type><pounds>238.3</pounds><kilograms>108.3</kilograms><feet-inches>5' 11&quot;</feet-inches><centimeters>180</centimeters><country>US</country><password>au6ieLoh</password><credit-card-type>MasterCard</credit-card-type><credit-card-number>5567271190245127</credit-card-number><cvv2>767</cvv2><credit-card-expiration>11/2012</credit-card-expiration></fake-person><!--THIS DATA IS FAKE AND IS NOT REAL!!  FOR EXAMPLE PURPOSES ONLY!!-->