<?xml version="1.0" ?><!--THIS DATA IS FAKE AND IS NOT REAL!!  FOR EXAMPLE PURPOSES ONLY!!--><fake-person id="008-40-0625" xmlns="http://www.marklogic.com/random/fake-people"><gender>female</gender><first-name>Leatrice</first-name><middle-initial>S</middle-initial><last-name>Bevill</last-name><address>2002 Buck Drive</address><city>South Burlington</city><state>VT</state><zipcode>05403</zipcode><country>US</country><email>Leatrice.S.Bevill@dodgit.com</email><telephone>802-221-1152</telephone><birthday>3/6/1981</birthday><domain>PalJam.com</domain><occupation>Railroad engineer</occupation><blood-type>B+</blood-type><pounds>159.5</pounds><kilograms>72.5</kilograms><feet-inches>5' 3&quot;</feet-inches><centimeters>159</centimeters><country>US</country><password>Maeghoo4Iem</password><credit-card-type>Visa</credit-card-type><credit-card-number>4916522223168004</credit-card-number><cvv2>703</cvv2><credit-card-expiration>3/2011</credit-card-expiration></fake-person><!--THIS DATA IS FAKE AND IS NOT REAL!!  FOR EXAMPLE PURPOSES ONLY!!-->