<?xml version="1.0" ?><!--THIS DATA IS FAKE AND IS NOT REAL!!  FOR EXAMPLE PURPOSES ONLY!!--><fake-person id="008-28-6795" xmlns="http://www.marklogic.com/random/fake-people"><gender>male</gender><first-name>William</first-name><middle-initial>J</middle-initial><last-name>Groff</last-name><address>1425 Hardman Road</address><city>East Fairfield</city><state>VT</state><zipcode>05448</zipcode><country>US</country><email>William.J.Groff@spambob.com</email><telephone>802-827-9418</telephone><birthday>3/19/1939</birthday><domain>ChiropracticSearch.com</domain><occupation>PBX repairer</occupation><blood-type>O+</blood-type><pounds>207.7</pounds><kilograms>94.4</kilograms><feet-inches>5' 9&quot;</feet-inches><centimeters>176</centimeters><country>US</country><password>curahTaila6</password><credit-card-type>MasterCard</credit-card-type><credit-card-number>5446997067596385</credit-card-number><cvv2>324</cvv2><credit-card-expiration>7/2014</credit-card-expiration></fake-person><!--THIS DATA IS FAKE AND IS NOT REAL!!  FOR EXAMPLE PURPOSES ONLY!!-->