<?xml version="1.0" ?><!--THIS DATA IS FAKE AND IS NOT REAL!!  FOR EXAMPLE PURPOSES ONLY!!--><fake-person id="008-12-6322" xmlns="http://www.marklogic.com/random/fake-people"><gender>male</gender><first-name>Leland</first-name><middle-initial>P</middle-initial><last-name>Tobias</last-name><address>713 Selah Way</address><city>Brattleboro</city><state>VT</state><zipcode>05301</zipcode><country>US</country><email>Leland.P.Tobias@pookmail.com</email><telephone>802-704-0362</telephone><birthday>3/2/1972</birthday><domain>SearchHipHop.com</domain><occupation>Ballet master</occupation><blood-type>A+</blood-type><pounds>158.4</pounds><kilograms>72</kilograms><feet-inches>6' 1&quot;</feet-inches><centimeters>186</centimeters><country>US</country><password>Thaeva8phah</password><credit-card-type>MasterCard</credit-card-type><credit-card-number>5486053000395708</credit-card-number><cvv2>248</cvv2><credit-card-expiration>7/2012</credit-card-expiration></fake-person><!--THIS DATA IS FAKE AND IS NOT REAL!!  FOR EXAMPLE PURPOSES ONLY!!-->