<?xml version="1.0" ?><!--THIS DATA IS FAKE AND IS NOT REAL!!  FOR EXAMPLE PURPOSES ONLY!!--><fake-person id="008-22-4588" xmlns="http://www.marklogic.com/random/fake-people"><gender>female</gender><first-name>Mary</first-name><middle-initial>W</middle-initial><last-name>Wood</last-name><address>1858 Marion Street</address><city>South Burlington</city><state>VT</state><zipcode>05403</zipcode><country>US</country><email>Mary.W.Wood@pookmail.com</email><telephone>802-949-6304</telephone><birthday>12/7/1935</birthday><domain>RodeoAwards.com</domain><occupation>Water transportation occupation</occupation><blood-type>B+</blood-type><pounds>144.8</pounds><kilograms>65.8</kilograms><feet-inches>5' 6&quot;</feet-inches><centimeters>168</centimeters><country>US</country><password>la2ohDoo</password><credit-card-type>MasterCard</credit-card-type><credit-card-number>5334148179324655</credit-card-number><cvv2>834</cvv2><credit-card-expiration>9/2012</credit-card-expiration></fake-person><!--THIS DATA IS FAKE AND IS NOT REAL!!  FOR EXAMPLE PURPOSES ONLY!!-->