<?xml version="1.0" ?><!--THIS DATA IS FAKE AND IS NOT REAL!!  FOR EXAMPLE PURPOSES ONLY!!--><fake-person id="008-16-5326" xmlns="http://www.marklogic.com/random/fake-people"><gender>male</gender><first-name>Anthony</first-name><middle-initial>K</middle-initial><last-name>Salazar</last-name><address>1887 Duff Avenue</address><city>South Burlington</city><state>VT</state><zipcode>05403</zipcode><country>US</country><email>Anthony.K.Salazar@trashymail.com</email><telephone>802-449-7683</telephone><birthday>12/5/1961</birthday><domain>TodayRoom.com</domain><occupation>Measurer</occupation><blood-type>O-</blood-type><pounds>254.5</pounds><kilograms>115.7</kilograms><feet-inches>6' 0&quot;</feet-inches><centimeters>183</centimeters><country>US</country><password>ohh1Tachohph</password><credit-card-type>Visa</credit-card-type><credit-card-number>4532224985529408</credit-card-number><cvv2>896</cvv2><credit-card-expiration>9/2011</credit-card-expiration></fake-person><!--THIS DATA IS FAKE AND IS NOT REAL!!  FOR EXAMPLE PURPOSES ONLY!!-->