<?xml version="1.0" ?><!--THIS DATA IS FAKE AND IS NOT REAL!!  FOR EXAMPLE PURPOSES ONLY!!--><fake-person id="008-07-3427" xmlns="http://www.marklogic.com/random/fake-people"><gender>female</gender><first-name>Betty</first-name><middle-initial>T</middle-initial><last-name>Porter</last-name><address>3698 Hardman Road</address><city>Brattleboro</city><state>VT</state><zipcode>05301</zipcode><country>US</country><email>Betty.T.Porter@dodgit.com</email><telephone>802-736-0823</telephone><birthday>4/6/1939</birthday><domain>SharperDiscounts.com</domain><occupation>Textile winding, twisting, and drawing out machine operator</occupation><blood-type>O-</blood-type><pounds>183.5</pounds><kilograms>83.4</kilograms><feet-inches>5' 3&quot;</feet-inches><centimeters>159</centimeters><country>US</country><password>osai4ieL6</password><credit-card-type>Visa</credit-card-type><credit-card-number>4539078737876936</credit-card-number><cvv2>210</cvv2><credit-card-expiration>9/2014</credit-card-expiration></fake-person><!--THIS DATA IS FAKE AND IS NOT REAL!!  FOR EXAMPLE PURPOSES ONLY!!-->