<?xml version="1.0" ?><!--THIS DATA IS FAKE AND IS NOT REAL!!  FOR EXAMPLE PURPOSES ONLY!!--><fake-person id="008-26-8112" xmlns="http://www.marklogic.com/random/fake-people"><gender>female</gender><first-name>Nelda</first-name><middle-initial>T</middle-initial><last-name>Berry</last-name><address>2020 Hardman Road</address><city>South Burlington</city><state>VT</state><zipcode>05403</zipcode><country>US</country><email>Nelda.T.Berry@spambob.com</email><telephone>802-738-3303</telephone><birthday>9/18/1990</birthday><domain>AcumenSkills.com</domain><occupation>Mechanical door repairer</occupation><blood-type>O+</blood-type><pounds>125.6</pounds><kilograms>57.1</kilograms><feet-inches>5' 5&quot;</feet-inches><centimeters>165</centimeters><country>US</country><password>UDie6odex</password><credit-card-type>MasterCard</credit-card-type><credit-card-number>5498217589467255</credit-card-number><cvv2>405</cvv2><credit-card-expiration>7/2013</credit-card-expiration></fake-person><!--THIS DATA IS FAKE AND IS NOT REAL!!  FOR EXAMPLE PURPOSES ONLY!!-->