<?xml version="1.0" ?><!--THIS DATA IS FAKE AND IS NOT REAL!!  FOR EXAMPLE PURPOSES ONLY!!--><fake-person id="008-40-5583" xmlns="http://www.marklogic.com/random/fake-people"><gender>female</gender><first-name>Berta</first-name><middle-initial>G</middle-initial><last-name>Mcgann</last-name><address>1647 Hardman Road</address><city>Brattleboro</city><state>VT</state><zipcode>05301</zipcode><country>US</country><email>Berta.G.Mcgann@dodgit.com</email><telephone>802-803-2187</telephone><birthday>12/1/1960</birthday><domain>GuestJudge.com</domain><occupation>Cable splicer</occupation><blood-type>O-</blood-type><pounds>194.5</pounds><kilograms>88.4</kilograms><feet-inches>5' 5&quot;</feet-inches><centimeters>165</centimeters><country>US</country><password>Eu8aageegh</password><credit-card-type>MasterCard</credit-card-type><credit-card-number>5167344776968349</credit-card-number><cvv2>643</cvv2><credit-card-expiration>1/2014</credit-card-expiration></fake-person><!--THIS DATA IS FAKE AND IS NOT REAL!!  FOR EXAMPLE PURPOSES ONLY!!-->