<?xml version="1.0" ?><!--THIS DATA IS FAKE AND IS NOT REAL!!  FOR EXAMPLE PURPOSES ONLY!!--><fake-person id="008-12-2655" xmlns="http://www.marklogic.com/random/fake-people"><gender>female</gender><first-name>Kelly</first-name><middle-initial>S</middle-initial><last-name>Odonnell</last-name><address>1107 Marion Street</address><city>South Burlington</city><state>VT</state><zipcode>05403</zipcode><country>US</country><email>Kelly.S.Odonnell@dodgit.com</email><telephone>802-870-6839</telephone><birthday>4/10/1980</birthday><domain>InstantFinding.com</domain><occupation>Assistant manager</occupation><blood-type>A+</blood-type><pounds>194.3</pounds><kilograms>88.3</kilograms><feet-inches>5' 7&quot;</feet-inches><centimeters>169</centimeters><country>US</country><password>thaeC1aiG</password><credit-card-type>MasterCard</credit-card-type><credit-card-number>5455034587813435</credit-card-number><cvv2>551</cvv2><credit-card-expiration>3/2015</credit-card-expiration></fake-person><!--THIS DATA IS FAKE AND IS NOT REAL!!  FOR EXAMPLE PURPOSES ONLY!!-->