<?xml version="1.0" ?><!--THIS DATA IS FAKE AND IS NOT REAL!!  FOR EXAMPLE PURPOSES ONLY!!--><fake-person id="008-24-2425" xmlns="http://www.marklogic.com/random/fake-people"><gender>female</gender><first-name>Ellen</first-name><middle-initial>M</middle-initial><last-name>Mcdonald</last-name><address>4312 Selah Way</address><city>Brattleboro</city><state>VT</state><zipcode>05301</zipcode><country>US</country><email>Ellen.M.Mcdonald@spambob.com</email><telephone>802-717-7632</telephone><birthday>8/11/1959</birthday><domain>BusinessOwl.com</domain><occupation>Corporate accountant</occupation><blood-type>A+</blood-type><pounds>131.3</pounds><kilograms>59.7</kilograms><feet-inches>5' 7&quot;</feet-inches><centimeters>170</centimeters><country>US</country><password>ab8Hai5eivoh</password><credit-card-type>MasterCard</credit-card-type><credit-card-number>5128263371824137</credit-card-number><cvv2>795</cvv2><credit-card-expiration>7/2013</credit-card-expiration></fake-person><!--THIS DATA IS FAKE AND IS NOT REAL!!  FOR EXAMPLE PURPOSES ONLY!!-->