<?xml version="1.0" ?><!--THIS DATA IS FAKE AND IS NOT REAL!!  FOR EXAMPLE PURPOSES ONLY!!--><fake-person id="008-54-5577" xmlns="http://www.marklogic.com/random/fake-people"><gender>male</gender><first-name>Will</first-name><middle-initial>M</middle-initial><last-name>Bauer</last-name><address>3539 Marion Street</address><city>Hartford</city><state>VT</state><zipcode>05047</zipcode><country>US</country><email>Will.M.Bauer@dodgit.com</email><telephone>802-952-9937</telephone><birthday>3/5/1942</birthday><domain>MaternityConsultant.com</domain><occupation>Medical laboratory technologist</occupation><blood-type>O-</blood-type><pounds>227</pounds><kilograms>103.2</kilograms><feet-inches>5' 4&quot;</feet-inches><centimeters>163</centimeters><country>US</country><password>Ahb0joqu6oogh</password><credit-card-type>Visa</credit-card-type><credit-card-number>4556177677150001</credit-card-number><cvv2>795</cvv2><credit-card-expiration>11/2013</credit-card-expiration></fake-person><!--THIS DATA IS FAKE AND IS NOT REAL!!  FOR EXAMPLE PURPOSES ONLY!!-->