<?xml version="1.0" ?><!--THIS DATA IS FAKE AND IS NOT REAL!!  FOR EXAMPLE PURPOSES ONLY!!--><fake-person id="008-18-8640" xmlns="http://www.marklogic.com/random/fake-people"><gender>male</gender><first-name>Charles</first-name><middle-initial>M</middle-initial><last-name>Moultrie</last-name><address>3075 Duff Avenue</address><city>Brattleboro</city><state>VT</state><zipcode>05301</zipcode><country>US</country><email>Charles.M.Moultrie@spambob.com</email><telephone>802-516-5826</telephone><birthday>1/7/1964</birthday><domain>MirrorGolf.com</domain><occupation>Umpire</occupation><blood-type>B+</blood-type><pounds>245.7</pounds><kilograms>111.7</kilograms><feet-inches>6' 1&quot;</feet-inches><centimeters>185</centimeters><country>US</country><password>IeVeexai8ei</password><credit-card-type>Visa</credit-card-type><credit-card-number>4485358927026169</credit-card-number><cvv2>764</cvv2><credit-card-expiration>1/2011</credit-card-expiration></fake-person><!--THIS DATA IS FAKE AND IS NOT REAL!!  FOR EXAMPLE PURPOSES ONLY!!-->