<?xml version="1.0" ?><!--THIS DATA IS FAKE AND IS NOT REAL!!  FOR EXAMPLE PURPOSES ONLY!!--><fake-person id="008-46-8956" xmlns="http://www.marklogic.com/random/fake-people"><gender>female</gender><first-name>Stephenie</first-name><middle-initial>G</middle-initial><last-name>Aguirre</last-name><address>1248 Hardman Road</address><city>South Burlington</city><state>VT</state><zipcode>05403</zipcode><country>US</country><email>Stephenie.G.Aguirre@trashymail.com</email><telephone>802-858-3759</telephone><birthday>4/29/1957</birthday><domain>GuysGoneWired.com</domain><occupation>State police officer</occupation><blood-type>O+</blood-type><pounds>201.1</pounds><kilograms>91.4</kilograms><feet-inches>5' 1&quot;</feet-inches><centimeters>156</centimeters><country>US</country><password>ki8biT1oof0</password><credit-card-type>MasterCard</credit-card-type><credit-card-number>5291017694336059</credit-card-number><cvv2>620</cvv2><credit-card-expiration>8/2013</credit-card-expiration></fake-person><!--THIS DATA IS FAKE AND IS NOT REAL!!  FOR EXAMPLE PURPOSES ONLY!!-->