<?xml version="1.0" ?><!--THIS DATA IS FAKE AND IS NOT REAL!!  FOR EXAMPLE PURPOSES ONLY!!--><fake-person id="008-05-2719" xmlns="http://www.marklogic.com/random/fake-people"><gender>female</gender><first-name>Rachel</first-name><middle-initial>M</middle-initial><last-name>Newton</last-name><address>2734 Hardman Road</address><city>Winooski</city><state>VT</state><zipcode>05404</zipcode><country>US</country><email>Rachel.M.Newton@mailinator.com</email><telephone>802-861-7444</telephone><birthday>2/21/1944</birthday><domain>SuperAwards.com</domain><occupation>Librarian</occupation><blood-type>B+</blood-type><pounds>192.7</pounds><kilograms>87.6</kilograms><feet-inches>5' 1&quot;</feet-inches><centimeters>154</centimeters><country>US</country><password>vohZiewo0</password><credit-card-type>Visa</credit-card-type><credit-card-number>4716265035357199</credit-card-number><cvv2>849</cvv2><credit-card-expiration>2/2014</credit-card-expiration></fake-person><!--THIS DATA IS FAKE AND IS NOT REAL!!  FOR EXAMPLE PURPOSES ONLY!!-->