<?xml version="1.0" ?><!--THIS DATA IS FAKE AND IS NOT REAL!!  FOR EXAMPLE PURPOSES ONLY!!--><fake-person id="008-05-9549" xmlns="http://www.marklogic.com/random/fake-people"><gender>male</gender><first-name>Douglas</first-name><middle-initial>P</middle-initial><last-name>Meyers</last-name><address>4758 Hardman Road</address><city>South Burlington</city><state>VT</state><zipcode>05403</zipcode><country>US</country><email>Douglas.P.Meyers@pookmail.com</email><telephone>802-752-2765</telephone><birthday>9/18/1938</birthday><domain>DeliciousThemes.com</domain><occupation>Central office operator</occupation><blood-type>O+</blood-type><pounds>224.8</pounds><kilograms>102.2</kilograms><feet-inches>5' 9&quot;</feet-inches><centimeters>174</centimeters><country>US</country><password>fohyeeM5lae</password><credit-card-type>MasterCard</credit-card-type><credit-card-number>5511192164224384</credit-card-number><cvv2>111</cvv2><credit-card-expiration>8/2012</credit-card-expiration></fake-person><!--THIS DATA IS FAKE AND IS NOT REAL!!  FOR EXAMPLE PURPOSES ONLY!!-->