<?xml version="1.0" ?><!--THIS DATA IS FAKE AND IS NOT REAL!!  FOR EXAMPLE PURPOSES ONLY!!--><fake-person id="008-18-6978" xmlns="http://www.marklogic.com/random/fake-people"><gender>male</gender><first-name>Robert</first-name><middle-initial>K</middle-initial><last-name>Bauer</last-name><address>874 Selah Way</address><city>Groveton</city><state>VT</state><zipcode>03582</zipcode><country>US</country><email>Robert.K.Bauer@mailinator.com</email><telephone>802-676-2978</telephone><birthday>6/25/1955</birthday><domain>PublicMining.com</domain><occupation>Occupational health nurse</occupation><blood-type>O+</blood-type><pounds>183.7</pounds><kilograms>83.5</kilograms><feet-inches>5' 7&quot;</feet-inches><centimeters>169</centimeters><country>US</country><password>zae4Biqu5r</password><credit-card-type>MasterCard</credit-card-type><credit-card-number>5475039858937447</credit-card-number><cvv2>080</cvv2><credit-card-expiration>1/2013</credit-card-expiration></fake-person><!--THIS DATA IS FAKE AND IS NOT REAL!!  FOR EXAMPLE PURPOSES ONLY!!-->