<?xml version="1.0" ?><!--THIS DATA IS FAKE AND IS NOT REAL!!  FOR EXAMPLE PURPOSES ONLY!!--><fake-person id="008-16-8911" xmlns="http://www.marklogic.com/random/fake-people"><gender>male</gender><first-name>Gary</first-name><middle-initial>G</middle-initial><last-name>Johnson</last-name><address>4471 Essex Court</address><city>South Burlington</city><state>VT</state><zipcode>05403</zipcode><country>US</country><email>Gary.G.Johnson@spambob.com</email><telephone>802-264-8983</telephone><birthday>6/22/1955</birthday><domain>GreenFortWorth.com</domain><occupation>Paving equipment operator</occupation><blood-type>O+</blood-type><pounds>217.8</pounds><kilograms>99</kilograms><feet-inches>6' 2&quot;</feet-inches><centimeters>188</centimeters><country>US</country><password>hoKeikaez4</password><credit-card-type>MasterCard</credit-card-type><credit-card-number>5592377385027979</credit-card-number><cvv2>581</cvv2><credit-card-expiration>11/2014</credit-card-expiration></fake-person><!--THIS DATA IS FAKE AND IS NOT REAL!!  FOR EXAMPLE PURPOSES ONLY!!-->