<?xml version="1.0" ?><!--THIS DATA IS FAKE AND IS NOT REAL!!  FOR EXAMPLE PURPOSES ONLY!!--><fake-person id="008-03-7204" xmlns="http://www.marklogic.com/random/fake-people"><gender>female</gender><first-name>Cassandra</first-name><middle-initial>T</middle-initial><last-name>Cruz</last-name><address>454 Selah Way</address><city>Jeffersonville</city><state>VT</state><zipcode>05464</zipcode><country>US</country><email>Cassandra.T.Cruz@trashymail.com</email><telephone>802-644-1832</telephone><birthday>11/22/1958</birthday><domain>ArtistMovie.com</domain><occupation>Multiple machine tool setter</occupation><blood-type>AB+</blood-type><pounds>224.2</pounds><kilograms>101.9</kilograms><feet-inches>5' 1&quot;</feet-inches><centimeters>156</centimeters><country>US</country><password>ieY8coh2cu</password><credit-card-type>Visa</credit-card-type><credit-card-number>4556128579996116</credit-card-number><cvv2>200</cvv2><credit-card-expiration>3/2014</credit-card-expiration></fake-person><!--THIS DATA IS FAKE AND IS NOT REAL!!  FOR EXAMPLE PURPOSES ONLY!!-->