<?xml version="1.0" ?><!--THIS DATA IS FAKE AND IS NOT REAL!!  FOR EXAMPLE PURPOSES ONLY!!--><fake-person id="008-01-0814" xmlns="http://www.marklogic.com/random/fake-people"><gender>female</gender><first-name>Mary</first-name><middle-initial>D</middle-initial><last-name>Mcmillan</last-name><address>4849 Selah Way</address><city>Cabot</city><state>VT</state><zipcode>05647</zipcode><country>US</country><email>Mary.D.Mcmillan@spambob.com</email><telephone>802-592-7199</telephone><birthday>2/9/1981</birthday><domain>InsideConfidential.com</domain><occupation>Information architect</occupation><blood-type>B+</blood-type><pounds>206.4</pounds><kilograms>93.8</kilograms><feet-inches>5' 4&quot;</feet-inches><centimeters>163</centimeters><country>US</country><password>aeHah0ph</password><credit-card-type>MasterCard</credit-card-type><credit-card-number>5299909305256902</credit-card-number><cvv2>291</cvv2><credit-card-expiration>11/2013</credit-card-expiration></fake-person><!--THIS DATA IS FAKE AND IS NOT REAL!!  FOR EXAMPLE PURPOSES ONLY!!-->