<?xml version="1.0" ?><!--THIS DATA IS FAKE AND IS NOT REAL!!  FOR EXAMPLE PURPOSES ONLY!!--><fake-person id="008-24-7847" xmlns="http://www.marklogic.com/random/fake-people"><gender>female</gender><first-name>Vanessa</first-name><middle-initial>M</middle-initial><last-name>Hannah</last-name><address>4441 Essex Court</address><city>Colchester</city><state>VT</state><zipcode>05446</zipcode><country>US</country><email>Vanessa.M.Hannah@mailinator.com</email><telephone>802-324-4514</telephone><birthday>11/7/1946</birthday><domain>SugarRoll.com</domain><occupation>Aerobics instructor</occupation><blood-type>B-</blood-type><pounds>194</pounds><kilograms>88.2</kilograms><feet-inches>5' 8&quot;</feet-inches><centimeters>172</centimeters><country>US</country><password>aTho1arei9k</password><credit-card-type>Visa</credit-card-type><credit-card-number>4929458937916393</credit-card-number><cvv2>950</cvv2><credit-card-expiration>10/2013</credit-card-expiration></fake-person><!--THIS DATA IS FAKE AND IS NOT REAL!!  FOR EXAMPLE PURPOSES ONLY!!-->