<?xml version="1.0" ?><!--THIS DATA IS FAKE AND IS NOT REAL!!  FOR EXAMPLE PURPOSES ONLY!!--><fake-person id="008-32-3208" xmlns="http://www.marklogic.com/random/fake-people"><gender>male</gender><first-name>Dewey</first-name><middle-initial>D</middle-initial><last-name>Davis</last-name><address>3896 Selah Way</address><city>South Burlington</city><state>VT</state><zipcode>05403</zipcode><country>US</country><email>Dewey.D.Davis@trashymail.com</email><telephone>802-715-3874</telephone><birthday>6/26/1985</birthday><domain>LinkVoyage.com</domain><occupation>Control room assistant</occupation><blood-type>A+</blood-type><pounds>138.8</pounds><kilograms>63.1</kilograms><feet-inches>5' 6&quot;</feet-inches><centimeters>168</centimeters><country>US</country><password>XeiNgaeFi2i</password><credit-card-type>Visa</credit-card-type><credit-card-number>4916534290715864</credit-card-number><cvv2>562</cvv2><credit-card-expiration>8/2013</credit-card-expiration></fake-person><!--THIS DATA IS FAKE AND IS NOT REAL!!  FOR EXAMPLE PURPOSES ONLY!!-->