<?xml version="1.0" ?><!--THIS DATA IS FAKE AND IS NOT REAL!!  FOR EXAMPLE PURPOSES ONLY!!--><fake-person id="008-50-4748" xmlns="http://www.marklogic.com/random/fake-people"><gender>male</gender><first-name>Benjamin</first-name><middle-initial>D</middle-initial><last-name>Rogers</last-name><address>2573 Marion Street</address><city>Orwell</city><state>VT</state><zipcode>05760</zipcode><country>US</country><email>Benjamin.D.Rogers@pookmail.com</email><telephone>802-948-5422</telephone><birthday>7/16/1985</birthday><domain>SugarRoll.com</domain><occupation>Paleontologist</occupation><blood-type>A-</blood-type><pounds>139.5</pounds><kilograms>63.4</kilograms><feet-inches>5' 8&quot;</feet-inches><centimeters>173</centimeters><country>US</country><password>iWo7Ookoo</password><credit-card-type>MasterCard</credit-card-type><credit-card-number>5333394837619562</credit-card-number><cvv2>171</cvv2><credit-card-expiration>4/2015</credit-card-expiration></fake-person><!--THIS DATA IS FAKE AND IS NOT REAL!!  FOR EXAMPLE PURPOSES ONLY!!-->