<?xml version="1.0" ?><!--THIS DATA IS FAKE AND IS NOT REAL!!  FOR EXAMPLE PURPOSES ONLY!!--><fake-person id="008-22-8301" xmlns="http://www.marklogic.com/random/fake-people"><gender>female</gender><first-name>Claire</first-name><middle-initial>K</middle-initial><last-name>Hall</last-name><address>3964 Essex Court</address><city>South Burlington</city><state>VT</state><zipcode>05403</zipcode><country>US</country><email>Claire.K.Hall@spambob.com</email><telephone>802-321-5978</telephone><birthday>7/12/1979</birthday><domain>TinaBlog.com</domain><occupation>Gaming dealer</occupation><blood-type>O+</blood-type><pounds>165.9</pounds><kilograms>75.4</kilograms><feet-inches>5' 6&quot;</feet-inches><centimeters>167</centimeters><country>US</country><password>key5Xoh1Wi</password><credit-card-type>MasterCard</credit-card-type><credit-card-number>5275209266555840</credit-card-number><cvv2>908</cvv2><credit-card-expiration>10/2013</credit-card-expiration></fake-person><!--THIS DATA IS FAKE AND IS NOT REAL!!  FOR EXAMPLE PURPOSES ONLY!!-->