<?xml version="1.0" ?><!--THIS DATA IS FAKE AND IS NOT REAL!!  FOR EXAMPLE PURPOSES ONLY!!--><fake-person id="008-44-3131" xmlns="http://www.marklogic.com/random/fake-people"><gender>female</gender><first-name>Evelyn</first-name><middle-initial>F</middle-initial><last-name>Smith</last-name><address>2549 Hardman Road</address><city>Springfield</city><state>VT</state><zipcode>01115</zipcode><country>US</country><email>Evelyn.F.Smith@trashymail.com</email><telephone>802-750-9639</telephone><birthday>5/30/1992</birthday><domain>DetectMesothelioma.com</domain><occupation>Bindery machine setter</occupation><blood-type>AB+</blood-type><pounds>101.9</pounds><kilograms>46.3</kilograms><feet-inches>5' 4&quot;</feet-inches><centimeters>163</centimeters><country>US</country><password>Yaegha5u</password><credit-card-type>Visa</credit-card-type><credit-card-number>4556638393852907</credit-card-number><cvv2>478</cvv2><credit-card-expiration>7/2011</credit-card-expiration></fake-person><!--THIS DATA IS FAKE AND IS NOT REAL!!  FOR EXAMPLE PURPOSES ONLY!!-->