<?xml version="1.0" ?><!--THIS DATA IS FAKE AND IS NOT REAL!!  FOR EXAMPLE PURPOSES ONLY!!--><fake-person id="008-40-7130" xmlns="http://www.marklogic.com/random/fake-people"><gender>female</gender><first-name>Marian</first-name><middle-initial>J</middle-initial><last-name>Cross</last-name><address>10 Hardman Road</address><city>South Burlington</city><state>VT</state><zipcode>05403</zipcode><country>US</country><email>Marian.J.Cross@dodgit.com</email><telephone>802-858-5747</telephone><birthday>9/8/1958</birthday><domain>PaperResume.com</domain><occupation>U.S. Secret Service special agent</occupation><blood-type>B+</blood-type><pounds>119.7</pounds><kilograms>54.4</kilograms><feet-inches>5' 1&quot;</feet-inches><centimeters>156</centimeters><country>US</country><password>ahKuphieho3</password><credit-card-type>Visa</credit-card-type><credit-card-number>4916828801175331</credit-card-number><cvv2>802</cvv2><credit-card-expiration>8/2014</credit-card-expiration></fake-person><!--THIS DATA IS FAKE AND IS NOT REAL!!  FOR EXAMPLE PURPOSES ONLY!!-->