<?xml version="1.0" ?><!--THIS DATA IS FAKE AND IS NOT REAL!!  FOR EXAMPLE PURPOSES ONLY!!--><fake-person id="008-01-0788" xmlns="http://www.marklogic.com/random/fake-people"><gender>male</gender><first-name>Benny</first-name><middle-initial>B</middle-initial><last-name>Ward</last-name><address>1846 Hardman Road</address><city>Woodsville</city><state>VT</state><zipcode>03785</zipcode><country>US</country><email>Benny.B.Ward@trashymail.com</email><telephone>802-757-8080</telephone><birthday>6/26/1981</birthday><domain>BasicEditor.com</domain><occupation>Administrative technician</occupation><blood-type>A+</blood-type><pounds>145.6</pounds><kilograms>66.2</kilograms><feet-inches>5' 7&quot;</feet-inches><centimeters>169</centimeters><country>US</country><password>eet2iNgoh3</password><credit-card-type>Visa</credit-card-type><credit-card-number>4485861895462290</credit-card-number><cvv2>262</cvv2><credit-card-expiration>7/2013</credit-card-expiration></fake-person><!--THIS DATA IS FAKE AND IS NOT REAL!!  FOR EXAMPLE PURPOSES ONLY!!-->