<?xml version="1.0" ?><!--THIS DATA IS FAKE AND IS NOT REAL!!  FOR EXAMPLE PURPOSES ONLY!!--><fake-person id="008-46-8933" xmlns="http://www.marklogic.com/random/fake-people"><gender>male</gender><first-name>David</first-name><middle-initial>J</middle-initial><last-name>Hakes</last-name><address>4034 Essex Court</address><city>South Burlington</city><state>VT</state><zipcode>05403</zipcode><country>US</country><email>David.J.Hakes@dodgit.com</email><telephone>802-345-2252</telephone><birthday>9/26/1964</birthday><domain>GamingRecruiter.com</domain><occupation>Talking-books clerk</occupation><blood-type>AB+</blood-type><pounds>242.2</pounds><kilograms>110.1</kilograms><feet-inches>6' 0&quot;</feet-inches><centimeters>182</centimeters><country>US</country><password>zoh2ooGae</password><credit-card-type>Visa</credit-card-type><credit-card-number>4532111612684914</credit-card-number><cvv2>124</cvv2><credit-card-expiration>3/2013</credit-card-expiration></fake-person><!--THIS DATA IS FAKE AND IS NOT REAL!!  FOR EXAMPLE PURPOSES ONLY!!-->