<?xml version="1.0" ?><!--THIS DATA IS FAKE AND IS NOT REAL!!  FOR EXAMPLE PURPOSES ONLY!!--><fake-person id="008-46-5664" xmlns="http://www.marklogic.com/random/fake-people"><gender>female</gender><first-name>Tayna</first-name><middle-initial>T</middle-initial><last-name>White</last-name><address>4996 Buck Drive</address><city>Montpelier</city><state>VT</state><zipcode>05602</zipcode><country>US</country><email>Tayna.T.White@pookmail.com</email><telephone>802-223-6424</telephone><birthday>9/19/1934</birthday><domain>TechnicalAction.com</domain><occupation>Claims examiner</occupation><blood-type>B+</blood-type><pounds>132.9</pounds><kilograms>60.4</kilograms><feet-inches>5' 1&quot;</feet-inches><centimeters>156</centimeters><country>US</country><password>ieK9ais1kai</password><credit-card-type>Visa</credit-card-type><credit-card-number>4556910500397088</credit-card-number><cvv2>541</cvv2><credit-card-expiration>10/2015</credit-card-expiration></fake-person><!--THIS DATA IS FAKE AND IS NOT REAL!!  FOR EXAMPLE PURPOSES ONLY!!-->