<?xml version="1.0" ?><!--THIS DATA IS FAKE AND IS NOT REAL!!  FOR EXAMPLE PURPOSES ONLY!!--><fake-person id="008-54-6655" xmlns="http://www.marklogic.com/random/fake-people"><gender>female</gender><first-name>Michelle</first-name><middle-initial>J</middle-initial><last-name>Janousek</last-name><address>73 Duff Avenue</address><city>South Burlington</city><state>VT</state><zipcode>05403</zipcode><country>US</country><email>Michelle.J.Janousek@dodgit.com</email><telephone>802-450-2253</telephone><birthday>9/6/1985</birthday><domain>Blogvite.com</domain><occupation>Food technologist</occupation><blood-type>O+</blood-type><pounds>112.2</pounds><kilograms>51</kilograms><feet-inches>5' 6&quot;</feet-inches><centimeters>167</centimeters><country>US</country><password>Yei7eeyei</password><credit-card-type>Visa</credit-card-type><credit-card-number>4532147582876866</credit-card-number><cvv2>907</cvv2><credit-card-expiration>6/2013</credit-card-expiration></fake-person><!--THIS DATA IS FAKE AND IS NOT REAL!!  FOR EXAMPLE PURPOSES ONLY!!-->