<?xml version="1.0" ?><!--THIS DATA IS FAKE AND IS NOT REAL!!  FOR EXAMPLE PURPOSES ONLY!!--><fake-person id="008-32-2965" xmlns="http://www.marklogic.com/random/fake-people"><gender>female</gender><first-name>Thelma</first-name><middle-initial>K</middle-initial><last-name>Sites</last-name><address>4668 Essex Court</address><city>White River Junction</city><state>VT</state><zipcode>05001</zipcode><country>US</country><email>Thelma.K.Sites@pookmail.com</email><telephone>802-296-7191</telephone><birthday>5/27/1976</birthday><domain>DigitalBedroom.com</domain><occupation>Graphic designer</occupation><blood-type>A+</blood-type><pounds>203.5</pounds><kilograms>92.5</kilograms><feet-inches>5' 5&quot;</feet-inches><centimeters>165</centimeters><country>US</country><password>ighu5Chie</password><credit-card-type>MasterCard</credit-card-type><credit-card-number>5252182768646622</credit-card-number><cvv2>836</cvv2><credit-card-expiration>11/2012</credit-card-expiration></fake-person><!--THIS DATA IS FAKE AND IS NOT REAL!!  FOR EXAMPLE PURPOSES ONLY!!-->