<?xml version="1.0" ?><!--THIS DATA IS FAKE AND IS NOT REAL!!  FOR EXAMPLE PURPOSES ONLY!!--><fake-person id="008-14-1269" xmlns="http://www.marklogic.com/random/fake-people"><gender>female</gender><first-name>Arlene</first-name><middle-initial>B</middle-initial><last-name>Rodriquez</last-name><address>1925 Essex Court</address><city>South Burlington</city><state>VT</state><zipcode>05403</zipcode><country>US</country><email>Arlene.B.Rodriquez@trashymail.com</email><telephone>802-264-6587</telephone><birthday>12/1/1972</birthday><domain>FlyingBasics.com</domain><occupation>Biomedical engineer</occupation><blood-type>B+</blood-type><pounds>198.2</pounds><kilograms>90.1</kilograms><feet-inches>5' 7&quot;</feet-inches><centimeters>169</centimeters><country>US</country><password>aejoov2Fed</password><credit-card-type>Visa</credit-card-type><credit-card-number>4485866000061994</credit-card-number><cvv2>013</cvv2><credit-card-expiration>5/2011</credit-card-expiration></fake-person><!--THIS DATA IS FAKE AND IS NOT REAL!!  FOR EXAMPLE PURPOSES ONLY!!-->