<?xml version="1.0" ?><!--THIS DATA IS FAKE AND IS NOT REAL!!  FOR EXAMPLE PURPOSES ONLY!!--><fake-person id="008-52-9206" xmlns="http://www.marklogic.com/random/fake-people"><gender>male</gender><first-name>Robert</first-name><middle-initial>A</middle-initial><last-name>Watson</last-name><address>917 Essex Court</address><city>Poultney</city><state>VT</state><zipcode>05764</zipcode><country>US</country><email>Robert.A.Watson@spambob.com</email><telephone>802-287-7369</telephone><birthday>5/21/1955</birthday><domain>SearchConvention.com</domain><occupation>Instructional designer</occupation><blood-type>AB+</blood-type><pounds>181.5</pounds><kilograms>82.5</kilograms><feet-inches>5' 11&quot;</feet-inches><centimeters>181</centimeters><country>US</country><password>iey6AeTh</password><credit-card-type>Visa</credit-card-type><credit-card-number>4539698755428557</credit-card-number><cvv2>722</cvv2><credit-card-expiration>4/2014</credit-card-expiration></fake-person><!--THIS DATA IS FAKE AND IS NOT REAL!!  FOR EXAMPLE PURPOSES ONLY!!-->