<?xml version="1.0" ?><!--THIS DATA IS FAKE AND IS NOT REAL!!  FOR EXAMPLE PURPOSES ONLY!!--><fake-person id="008-14-3359" xmlns="http://www.marklogic.com/random/fake-people"><gender>female</gender><first-name>Addie</first-name><middle-initial>J</middle-initial><last-name>Smith</last-name><address>769 Hardman Road</address><city>Brattleboro</city><state>VT</state><zipcode>05301</zipcode><country>US</country><email>Addie.J.Smith@spambob.com</email><telephone>802-804-5889</telephone><birthday>12/12/1966</birthday><domain>LiveAnchor.com</domain><occupation>Manufactured building and mobile home installer</occupation><blood-type>O-</blood-type><pounds>128</pounds><kilograms>58.2</kilograms><feet-inches>5' 4&quot;</feet-inches><centimeters>162</centimeters><country>US</country><password>eShoojaW7l</password><credit-card-type>Visa</credit-card-type><credit-card-number>4716230534136320</credit-card-number><cvv2>995</cvv2><credit-card-expiration>8/2012</credit-card-expiration></fake-person><!--THIS DATA IS FAKE AND IS NOT REAL!!  FOR EXAMPLE PURPOSES ONLY!!-->