<?xml version="1.0" ?><!--THIS DATA IS FAKE AND IS NOT REAL!!  FOR EXAMPLE PURPOSES ONLY!!--><fake-person id="008-34-8879" xmlns="http://www.marklogic.com/random/fake-people"><gender>female</gender><first-name>Marion</first-name><middle-initial>L</middle-initial><last-name>Walker</last-name><address>1142 Selah Way</address><city>Brattleboro</city><state>VT</state><zipcode>05301</zipcode><country>US</country><email>Marion.L.Walker@pookmail.com</email><telephone>802-714-8361</telephone><birthday>9/6/1989</birthday><domain>RealLean.com</domain><occupation>Geologist</occupation><blood-type>A+</blood-type><pounds>157.5</pounds><kilograms>71.6</kilograms><feet-inches>5' 1&quot;</feet-inches><centimeters>156</centimeters><country>US</country><password>be5neeCahch</password><credit-card-type>MasterCard</credit-card-type><credit-card-number>5534881722185516</credit-card-number><cvv2>067</cvv2><credit-card-expiration>6/2015</credit-card-expiration></fake-person><!--THIS DATA IS FAKE AND IS NOT REAL!!  FOR EXAMPLE PURPOSES ONLY!!-->