<?xml version="1.0" ?><!--THIS DATA IS FAKE AND IS NOT REAL!!  FOR EXAMPLE PURPOSES ONLY!!--><fake-person id="008-30-2411" xmlns="http://www.marklogic.com/random/fake-people"><gender>female</gender><first-name>Annie</first-name><middle-initial>E</middle-initial><last-name>Ortiz</last-name><address>687 Hardman Road</address><city>Brattleboro</city><state>VT</state><zipcode>05301</zipcode><country>US</country><email>Annie.E.Ortiz@pookmail.com</email><telephone>802-803-3492</telephone><birthday>2/6/1969</birthday><domain>TextIdentity.com</domain><occupation>Mineralogist</occupation><blood-type>O+</blood-type><pounds>227.5</pounds><kilograms>103.4</kilograms><feet-inches>5' 7&quot;</feet-inches><centimeters>170</centimeters><country>US</country><password>naovieW2lei</password><credit-card-type>MasterCard</credit-card-type><credit-card-number>5479303617800122</credit-card-number><cvv2>004</cvv2><credit-card-expiration>2/2012</credit-card-expiration></fake-person><!--THIS DATA IS FAKE AND IS NOT REAL!!  FOR EXAMPLE PURPOSES ONLY!!-->