<?xml version="1.0" ?><!--THIS DATA IS FAKE AND IS NOT REAL!!  FOR EXAMPLE PURPOSES ONLY!!--><fake-person id="008-10-9492" xmlns="http://www.marklogic.com/random/fake-people"><gender>female</gender><first-name>Regina</first-name><middle-initial>S</middle-initial><last-name>Barnes</last-name><address>2639 Hardman Road</address><city>Brattleboro</city><state>VT</state><zipcode>05301</zipcode><country>US</country><email>Regina.S.Barnes@trashymail.com</email><telephone>802-816-5928</telephone><birthday>10/5/1956</birthday><domain>ChessContest.com</domain><occupation>Public health dentist</occupation><blood-type>AB+</blood-type><pounds>147.8</pounds><kilograms>67.2</kilograms><feet-inches>5' 9&quot;</feet-inches><centimeters>174</centimeters><country>US</country><password>kaiThoop9lei</password><credit-card-type>MasterCard</credit-card-type><credit-card-number>5201518250902811</credit-card-number><cvv2>156</cvv2><credit-card-expiration>7/2011</credit-card-expiration></fake-person><!--THIS DATA IS FAKE AND IS NOT REAL!!  FOR EXAMPLE PURPOSES ONLY!!-->