<?xml version="1.0" ?><!--THIS DATA IS FAKE AND IS NOT REAL!!  FOR EXAMPLE PURPOSES ONLY!!--><fake-person id="008-38-6472" xmlns="http://www.marklogic.com/random/fake-people"><gender>female</gender><first-name>Maria</first-name><middle-initial>J</middle-initial><last-name>Finley</last-name><address>11 Selah Way</address><city>Island Pond</city><state>VT</state><zipcode>05846</zipcode><country>US</country><email>Maria.J.Finley@mailinator.com</email><telephone>802-723-1802</telephone><birthday>2/27/1988</birthday><domain>MathTeams.com</domain><occupation>Convention planner</occupation><blood-type>O+</blood-type><pounds>166.3</pounds><kilograms>75.6</kilograms><feet-inches>5' 8&quot;</feet-inches><centimeters>173</centimeters><country>US</country><password>Oob7peu9pae</password><credit-card-type>MasterCard</credit-card-type><credit-card-number>5506191919303169</credit-card-number><cvv2>737</cvv2><credit-card-expiration>8/2012</credit-card-expiration></fake-person><!--THIS DATA IS FAKE AND IS NOT REAL!!  FOR EXAMPLE PURPOSES ONLY!!-->