<?xml version="1.0" ?><!--THIS DATA IS FAKE AND IS NOT REAL!!  FOR EXAMPLE PURPOSES ONLY!!--><fake-person id="008-48-5808" xmlns="http://www.marklogic.com/random/fake-people"><gender>female</gender><first-name>Ada</first-name><middle-initial>D</middle-initial><last-name>Miller</last-name><address>1956 Selah Way</address><city>Jeffersonville</city><state>VT</state><zipcode>05464</zipcode><country>US</country><email>Ada.D.Miller@pookmail.com</email><telephone>802-644-7168</telephone><birthday>4/27/1965</birthday><domain>DDDBlog.com</domain><occupation>Electronic drafter</occupation><blood-type>A+</blood-type><pounds>123</pounds><kilograms>55.9</kilograms><feet-inches>5' 5&quot;</feet-inches><centimeters>166</centimeters><country>US</country><password>AdieBeer7qu</password><credit-card-type>Visa</credit-card-type><credit-card-number>4929550736816087</credit-card-number><cvv2>822</cvv2><credit-card-expiration>6/2015</credit-card-expiration></fake-person><!--THIS DATA IS FAKE AND IS NOT REAL!!  FOR EXAMPLE PURPOSES ONLY!!-->