<?xml version="1.0" ?><!--THIS DATA IS FAKE AND IS NOT REAL!!  FOR EXAMPLE PURPOSES ONLY!!--><fake-person id="008-52-2037" xmlns="http://www.marklogic.com/random/fake-people"><gender>male</gender><first-name>Fred</first-name><middle-initial>D</middle-initial><last-name>Davis</last-name><address>529 Selah Way</address><city>Brattleboro</city><state>VT</state><zipcode>05301</zipcode><country>US</country><email>Fred.D.Davis@pookmail.com</email><telephone>802-619-1803</telephone><birthday>9/3/1970</birthday><domain>ZenPros.com</domain><occupation>Textile machine operator</occupation><blood-type>B+</blood-type><pounds>240.5</pounds><kilograms>109.3</kilograms><feet-inches>6' 0&quot;</feet-inches><centimeters>182</centimeters><country>US</country><password>Ied4siex9</password><credit-card-type>MasterCard</credit-card-type><credit-card-number>5424786355920464</credit-card-number><cvv2>830</cvv2><credit-card-expiration>5/2015</credit-card-expiration></fake-person><!--THIS DATA IS FAKE AND IS NOT REAL!!  FOR EXAMPLE PURPOSES ONLY!!-->