<?xml version="1.0" ?><!--THIS DATA IS FAKE AND IS NOT REAL!!  FOR EXAMPLE PURPOSES ONLY!!--><fake-person id="008-34-1277" xmlns="http://www.marklogic.com/random/fake-people"><gender>female</gender><first-name>Clarissa</first-name><middle-initial>M</middle-initial><last-name>Holland</last-name><address>894 Duff Avenue</address><city>Brattleboro</city><state>VT</state><zipcode>05301</zipcode><country>US</country><email>Clarissa.M.Holland@pookmail.com</email><telephone>802-516-4327</telephone><birthday>7/16/1939</birthday><domain>GrandFlash.com</domain><occupation>Mortgage loan officer</occupation><blood-type>B+</blood-type><pounds>190.5</pounds><kilograms>86.6</kilograms><feet-inches>5' 6&quot;</feet-inches><centimeters>167</centimeters><country>US</country><password>Ohzesh1Ahqu</password><credit-card-type>Visa</credit-card-type><credit-card-number>4556856765757336</credit-card-number><cvv2>410</cvv2><credit-card-expiration>9/2011</credit-card-expiration></fake-person><!--THIS DATA IS FAKE AND IS NOT REAL!!  FOR EXAMPLE PURPOSES ONLY!!-->