<?xml version="1.0" ?><!--THIS DATA IS FAKE AND IS NOT REAL!!  FOR EXAMPLE PURPOSES ONLY!!--><fake-person id="008-22-5375" xmlns="http://www.marklogic.com/random/fake-people"><gender>female</gender><first-name>Linda</first-name><middle-initial>V</middle-initial><last-name>Polk</last-name><address>386 Duff Avenue</address><city>South Burlington</city><state>VT</state><zipcode>05403</zipcode><country>US</country><email>Linda.V.Polk@dodgit.com</email><telephone>802-427-2025</telephone><birthday>2/13/1963</birthday><domain>FlyingEnthusiast.com</domain><occupation>FBI agent</occupation><blood-type>O+</blood-type><pounds>117</pounds><kilograms>53.2</kilograms><feet-inches>5' 3&quot;</feet-inches><centimeters>161</centimeters><country>US</country><password>weivai8Ei</password><credit-card-type>Visa</credit-card-type><credit-card-number>4556736281259753</credit-card-number><cvv2>931</cvv2><credit-card-expiration>12/2015</credit-card-expiration></fake-person><!--THIS DATA IS FAKE AND IS NOT REAL!!  FOR EXAMPLE PURPOSES ONLY!!-->