<?xml version="1.0" ?><!--THIS DATA IS FAKE AND IS NOT REAL!!  FOR EXAMPLE PURPOSES ONLY!!--><fake-person id="008-09-0277" xmlns="http://www.marklogic.com/random/fake-people"><gender>male</gender><first-name>James</first-name><middle-initial>M</middle-initial><last-name>Wolf</last-name><address>3864 Selah Way</address><city>Brattleboro</city><state>VT</state><zipcode>05301</zipcode><country>US</country><email>James.M.Wolf@spambob.com</email><telephone>802-705-2250</telephone><birthday>10/13/1933</birthday><domain>NightlifeExpo.com</domain><occupation>News vendor</occupation><blood-type>B+</blood-type><pounds>167.4</pounds><kilograms>76.1</kilograms><feet-inches>5' 7&quot;</feet-inches><centimeters>170</centimeters><country>US</country><password>DohPiPe5</password><credit-card-type>Visa</credit-card-type><credit-card-number>4916689815439901</credit-card-number><cvv2>517</cvv2><credit-card-expiration>8/2012</credit-card-expiration></fake-person><!--THIS DATA IS FAKE AND IS NOT REAL!!  FOR EXAMPLE PURPOSES ONLY!!-->