<?xml version="1.0" ?><!--THIS DATA IS FAKE AND IS NOT REAL!!  FOR EXAMPLE PURPOSES ONLY!!--><fake-person id="008-44-0403" xmlns="http://www.marklogic.com/random/fake-people"><gender>male</gender><first-name>Mitchell</first-name><middle-initial>L</middle-initial><last-name>Cissell</last-name><address>4559 Marion Street</address><city>Essex Junction</city><state>VT</state><zipcode>05452</zipcode><country>US</country><email>Mitchell.L.Cissell@spambob.com</email><telephone>802-879-7618</telephone><birthday>6/19/1957</birthday><domain>RXCustomers.com</domain><occupation>Vascular technologist</occupation><blood-type>A+</blood-type><pounds>252.3</pounds><kilograms>114.7</kilograms><feet-inches>6' 0&quot;</feet-inches><centimeters>184</centimeters><country>US</country><password>Eeroo6ke</password><credit-card-type>Visa</credit-card-type><credit-card-number>4929859076407633</credit-card-number><cvv2>309</cvv2><credit-card-expiration>1/2012</credit-card-expiration></fake-person><!--THIS DATA IS FAKE AND IS NOT REAL!!  FOR EXAMPLE PURPOSES ONLY!!-->