<?xml version="1.0" ?><!--THIS DATA IS FAKE AND IS NOT REAL!!  FOR EXAMPLE PURPOSES ONLY!!--><fake-person id="008-16-9858" xmlns="http://www.marklogic.com/random/fake-people"><gender>female</gender><first-name>Jennie</first-name><middle-initial>M</middle-initial><last-name>Gray</last-name><address>2895 Duff Avenue</address><city>Brattleboro</city><state>VT</state><zipcode>05301</zipcode><country>US</country><email>Jennie.M.Gray@spambob.com</email><telephone>802-512-5164</telephone><birthday>8/11/1968</birthday><domain>ColoradoSpringsTourism.com</domain><occupation>Support specialist</occupation><blood-type>O+</blood-type><pounds>123.2</pounds><kilograms>56</kilograms><feet-inches>5' 3&quot;</feet-inches><centimeters>161</centimeters><country>US</country><password>tee8Hiu2boo</password><credit-card-type>Visa</credit-card-type><credit-card-number>4485407797549188</credit-card-number><cvv2>565</cvv2><credit-card-expiration>5/2015</credit-card-expiration></fake-person><!--THIS DATA IS FAKE AND IS NOT REAL!!  FOR EXAMPLE PURPOSES ONLY!!-->