<?xml version="1.0" ?><!--THIS DATA IS FAKE AND IS NOT REAL!!  FOR EXAMPLE PURPOSES ONLY!!--><fake-person id="008-32-3642" xmlns="http://www.marklogic.com/random/fake-people"><gender>female</gender><first-name>Ruth</first-name><middle-initial>W</middle-initial><last-name>Erwin</last-name><address>4713 Selah Way</address><city>Essex Junction</city><state>VT</state><zipcode>05452</zipcode><country>US</country><email>Ruth.W.Erwin@spambob.com</email><telephone>802-683-9825</telephone><birthday>7/7/1979</birthday><domain>FindFool.com</domain><occupation>Machinery maintenance mechanic</occupation><blood-type>A+</blood-type><pounds>150.3</pounds><kilograms>68.3</kilograms><feet-inches>5' 9&quot;</feet-inches><centimeters>174</centimeters><country>US</country><password>oXeig7uen</password><credit-card-type>MasterCard</credit-card-type><credit-card-number>5290573214704557</credit-card-number><cvv2>486</cvv2><credit-card-expiration>9/2013</credit-card-expiration></fake-person><!--THIS DATA IS FAKE AND IS NOT REAL!!  FOR EXAMPLE PURPOSES ONLY!!-->