<?xml version="1.0" ?><!--THIS DATA IS FAKE AND IS NOT REAL!!  FOR EXAMPLE PURPOSES ONLY!!--><fake-person id="008-12-8093" xmlns="http://www.marklogic.com/random/fake-people"><gender>female</gender><first-name>Sue</first-name><middle-initial>S</middle-initial><last-name>Taylor</last-name><address>1380 Selah Way</address><city>South Burlington</city><state>VT</state><zipcode>05403</zipcode><country>US</country><email>Sue.S.Taylor@dodgit.com</email><telephone>802-579-9886</telephone><birthday>4/23/1985</birthday><domain>ChoosingMe.com</domain><occupation>Dental ceramist</occupation><blood-type>O+</blood-type><pounds>201.1</pounds><kilograms>91.4</kilograms><feet-inches>5' 1&quot;</feet-inches><centimeters>156</centimeters><country>US</country><password>Joo9ohgh</password><credit-card-type>MasterCard</credit-card-type><credit-card-number>5468201199056118</credit-card-number><cvv2>648</cvv2><credit-card-expiration>6/2013</credit-card-expiration></fake-person><!--THIS DATA IS FAKE AND IS NOT REAL!!  FOR EXAMPLE PURPOSES ONLY!!-->