<?xml version="1.0" ?><!--THIS DATA IS FAKE AND IS NOT REAL!!  FOR EXAMPLE PURPOSES ONLY!!--><fake-person id="008-22-5129" xmlns="http://www.marklogic.com/random/fake-people"><gender>male</gender><first-name>Thomas</first-name><middle-initial>L</middle-initial><last-name>Landeros</last-name><address>3786 Hardman Road</address><city>Rutland</city><state>VT</state><zipcode>05701</zipcode><country>US</country><email>Thomas.L.Landeros@mailinator.com</email><telephone>802-770-4663</telephone><birthday>9/14/1956</birthday><domain>GoingFirstClass.com</domain><occupation>Nuclear engineer</occupation><blood-type>B-</blood-type><pounds>195.1</pounds><kilograms>88.7</kilograms><feet-inches>5' 9&quot;</feet-inches><centimeters>174</centimeters><country>US</country><password>Iotheek9Hoo</password><credit-card-type>Visa</credit-card-type><credit-card-number>4539434011862110</credit-card-number><cvv2>948</cvv2><credit-card-expiration>3/2012</credit-card-expiration></fake-person><!--THIS DATA IS FAKE AND IS NOT REAL!!  FOR EXAMPLE PURPOSES ONLY!!-->