<?xml version="1.0" ?><!--THIS DATA IS FAKE AND IS NOT REAL!!  FOR EXAMPLE PURPOSES ONLY!!--><fake-person id="008-05-0805" xmlns="http://www.marklogic.com/random/fake-people"><gender>male</gender><first-name>Brian</first-name><middle-initial>D</middle-initial><last-name>Koehn</last-name><address>789 Selah Way</address><city>Groveton</city><state>VT</state><zipcode>03582</zipcode><country>US</country><email>Brian.D.Koehn@dodgit.com</email><telephone>802-676-1669</telephone><birthday>6/5/1973</birthday><domain>MedicalGenie.com</domain><occupation>Mechanical inspector</occupation><blood-type>A+</blood-type><pounds>231.4</pounds><kilograms>105.2</kilograms><feet-inches>6' 2&quot;</feet-inches><centimeters>187</centimeters><country>US</country><password>eepae4CaeXai</password><credit-card-type>MasterCard</credit-card-type><credit-card-number>5554947794374372</credit-card-number><cvv2>450</cvv2><credit-card-expiration>10/2013</credit-card-expiration></fake-person><!--THIS DATA IS FAKE AND IS NOT REAL!!  FOR EXAMPLE PURPOSES ONLY!!-->