<?xml version="1.0" ?><!--THIS DATA IS FAKE AND IS NOT REAL!!  FOR EXAMPLE PURPOSES ONLY!!--><fake-person id="008-12-9233" xmlns="http://www.marklogic.com/random/fake-people"><gender>male</gender><first-name>John</first-name><middle-initial>M</middle-initial><last-name>Cruz</last-name><address>574 Hardman Road</address><city>Burlington</city><state>VT</state><zipcode>05401</zipcode><country>US</country><email>John.M.Cruz@dodgit.com</email><telephone>802-865-9882</telephone><birthday>10/12/1963</birthday><domain>UniquePrize.com</domain><occupation>Combined food preparation and serving worker</occupation><blood-type>O+</blood-type><pounds>149.6</pounds><kilograms>68</kilograms><feet-inches>5' 11&quot;</feet-inches><centimeters>181</centimeters><country>US</country><password>ju4fah2Wah</password><credit-card-type>Visa</credit-card-type><credit-card-number>4532193124379209</credit-card-number><cvv2>973</cvv2><credit-card-expiration>2/2012</credit-card-expiration></fake-person><!--THIS DATA IS FAKE AND IS NOT REAL!!  FOR EXAMPLE PURPOSES ONLY!!-->