<?xml version="1.0" ?><!--THIS DATA IS FAKE AND IS NOT REAL!!  FOR EXAMPLE PURPOSES ONLY!!--><fake-person id="008-24-1177" xmlns="http://www.marklogic.com/random/fake-people"><gender>female</gender><first-name>Wanda</first-name><middle-initial>B</middle-initial><last-name>Caballero</last-name><address>1118 Selah Way</address><city>Brattleboro</city><state>VT</state><zipcode>05301</zipcode><country>US</country><email>Wanda.B.Caballero@trashymail.com</email><telephone>802-701-1588</telephone><birthday>3/13/1929</birthday><domain>LapCovers.com</domain><occupation>Extruding and drawing machine setters</occupation><blood-type>O+</blood-type><pounds>172.7</pounds><kilograms>78.5</kilograms><feet-inches>5' 6&quot;</feet-inches><centimeters>167</centimeters><country>US</country><password>eeJahk8pai</password><credit-card-type>MasterCard</credit-card-type><credit-card-number>5214392203726056</credit-card-number><cvv2>311</cvv2><credit-card-expiration>10/2011</credit-card-expiration></fake-person><!--THIS DATA IS FAKE AND IS NOT REAL!!  FOR EXAMPLE PURPOSES ONLY!!-->