<?xml version="1.0" ?><!--THIS DATA IS FAKE AND IS NOT REAL!!  FOR EXAMPLE PURPOSES ONLY!!--><fake-person id="008-34-2402" xmlns="http://www.marklogic.com/random/fake-people"><gender>male</gender><first-name>Stanley</first-name><middle-initial>G</middle-initial><last-name>Brandon</last-name><address>2626 Hardman Road</address><city>Brattleboro</city><state>VT</state><zipcode>05301</zipcode><country>US</country><email>Stanley.G.Brandon@spambob.com</email><telephone>802-736-0008</telephone><birthday>1/4/1983</birthday><domain>PreviewDomains.com</domain><occupation>Safety and health practitioner</occupation><blood-type>O+</blood-type><pounds>214.3</pounds><kilograms>97.4</kilograms><feet-inches>6' 3&quot;</feet-inches><centimeters>190</centimeters><country>US</country><password>Ea9the8axee</password><credit-card-type>MasterCard</credit-card-type><credit-card-number>5590814746686889</credit-card-number><cvv2>173</cvv2><credit-card-expiration>5/2013</credit-card-expiration></fake-person><!--THIS DATA IS FAKE AND IS NOT REAL!!  FOR EXAMPLE PURPOSES ONLY!!-->