<?xml version="1.0" ?><!--THIS DATA IS FAKE AND IS NOT REAL!!  FOR EXAMPLE PURPOSES ONLY!!--><fake-person id="008-18-9255" xmlns="http://www.marklogic.com/random/fake-people"><gender>male</gender><first-name>Gilbert</first-name><middle-initial>B</middle-initial><last-name>Lavender</last-name><address>2937 Selah Way</address><city>Winooski</city><state>VT</state><zipcode>05404</zipcode><country>US</country><email>Gilbert.B.Lavender@dodgit.com</email><telephone>802-721-1692</telephone><birthday>4/6/1988</birthday><domain>ChildQuestions.com</domain><occupation>Television announcer</occupation><blood-type>A+</blood-type><pounds>148.3</pounds><kilograms>67.4</kilograms><feet-inches>6' 2&quot;</feet-inches><centimeters>189</centimeters><country>US</country><password>Chee4Yeida8o</password><credit-card-type>MasterCard</credit-card-type><credit-card-number>5472527710081993</credit-card-number><cvv2>874</cvv2><credit-card-expiration>7/2011</credit-card-expiration></fake-person><!--THIS DATA IS FAKE AND IS NOT REAL!!  FOR EXAMPLE PURPOSES ONLY!!-->