<?xml version="1.0" ?><!--THIS DATA IS FAKE AND IS NOT REAL!!  FOR EXAMPLE PURPOSES ONLY!!--><fake-person id="008-30-3020" xmlns="http://www.marklogic.com/random/fake-people"><gender>male</gender><first-name>Victor</first-name><middle-initial>A</middle-initial><last-name>Stafford</last-name><address>3315 Marion Street</address><city>Vergennes</city><state>VT</state><zipcode>05491</zipcode><country>US</country><email>Victor.A.Stafford@trashymail.com</email><telephone>802-877-1712</telephone><birthday>3/29/1933</birthday><domain>EasternVillas.com</domain><occupation>Sewing machine operator</occupation><blood-type>A+</blood-type><pounds>182.2</pounds><kilograms>82.8</kilograms><feet-inches>5' 9&quot;</feet-inches><centimeters>174</centimeters><country>US</country><password>Shio0yooyoo</password><credit-card-type>MasterCard</credit-card-type><credit-card-number>5362001626718513</credit-card-number><cvv2>813</cvv2><credit-card-expiration>5/2012</credit-card-expiration></fake-person><!--THIS DATA IS FAKE AND IS NOT REAL!!  FOR EXAMPLE PURPOSES ONLY!!-->