<?xml version="1.0" ?><!--THIS DATA IS FAKE AND IS NOT REAL!!  FOR EXAMPLE PURPOSES ONLY!!--><fake-person id="008-09-6990" xmlns="http://www.marklogic.com/random/fake-people"><gender>female</gender><first-name>Bonnie</first-name><middle-initial>N</middle-initial><last-name>Howard</last-name><address>2966 Duff Avenue</address><city>Hinesburg</city><state>VT</state><zipcode>05461</zipcode><country>US</country><email>Bonnie.N.Howard@mailinator.com</email><telephone>802-482-0468</telephone><birthday>4/10/1935</birthday><domain>FluSpecialists.com</domain><occupation>Human resources supervisor</occupation><blood-type>O+</blood-type><pounds>135.3</pounds><kilograms>61.5</kilograms><feet-inches>5' 2&quot;</feet-inches><centimeters>158</centimeters><country>US</country><password>aiSeiqu5ie</password><credit-card-type>Visa</credit-card-type><credit-card-number>4556545178071811</credit-card-number><cvv2>776</cvv2><credit-card-expiration>4/2012</credit-card-expiration></fake-person><!--THIS DATA IS FAKE AND IS NOT REAL!!  FOR EXAMPLE PURPOSES ONLY!!-->