<?xml version="1.0" ?><!--THIS DATA IS FAKE AND IS NOT REAL!!  FOR EXAMPLE PURPOSES ONLY!!--><fake-person id="008-26-6167" xmlns="http://www.marklogic.com/random/fake-people"><gender>female</gender><first-name>Jennifer</first-name><middle-initial>P</middle-initial><last-name>Tate</last-name><address>3808 Selah Way</address><city>Winooski</city><state>VT</state><zipcode>05404</zipcode><country>US</country><email>Jennifer.P.Tate@mailinator.com</email><telephone>802-654-5848</telephone><birthday>7/20/1975</birthday><domain>FirstMedications.com</domain><occupation>Rigger</occupation><blood-type>B+</blood-type><pounds>138.6</pounds><kilograms>63</kilograms><feet-inches>5' 3&quot;</feet-inches><centimeters>159</centimeters><country>US</country><password>Ohng3Eif9</password><credit-card-type>MasterCard</credit-card-type><credit-card-number>5302570497268488</credit-card-number><cvv2>654</cvv2><credit-card-expiration>5/2012</credit-card-expiration></fake-person><!--THIS DATA IS FAKE AND IS NOT REAL!!  FOR EXAMPLE PURPOSES ONLY!!-->