<?xml version="1.0" ?><!--THIS DATA IS FAKE AND IS NOT REAL!!  FOR EXAMPLE PURPOSES ONLY!!--><fake-person id="008-09-9867" xmlns="http://www.marklogic.com/random/fake-people"><gender>male</gender><first-name>Christopher</first-name><middle-initial>E</middle-initial><last-name>Conroy</last-name><address>659 Hardman Road</address><city>Rutland</city><state>VT</state><zipcode>05701</zipcode><country>US</country><email>Christopher.E.Conroy@pookmail.com</email><telephone>802-747-5890</telephone><birthday>7/2/1959</birthday><domain>SprayLotions.com</domain><occupation>Range scientist</occupation><blood-type>O+</blood-type><pounds>183.3</pounds><kilograms>83.3</kilograms><feet-inches>5' 7&quot;</feet-inches><centimeters>170</centimeters><country>US</country><password>ahz1Jo3ojang</password><credit-card-type>MasterCard</credit-card-type><credit-card-number>5297490066598826</credit-card-number><cvv2>108</cvv2><credit-card-expiration>3/2013</credit-card-expiration></fake-person><!--THIS DATA IS FAKE AND IS NOT REAL!!  FOR EXAMPLE PURPOSES ONLY!!-->