<?xml version="1.0" ?><!--THIS DATA IS FAKE AND IS NOT REAL!!  FOR EXAMPLE PURPOSES ONLY!!--><fake-person id="008-38-6365" xmlns="http://www.marklogic.com/random/fake-people"><gender>male</gender><first-name>Charles</first-name><middle-initial>D</middle-initial><last-name>Gilmore</last-name><address>674 Hardman Road</address><city>Brattleboro</city><state>VT</state><zipcode>05301</zipcode><country>US</country><email>Charles.D.Gilmore@trashymail.com</email><telephone>802-779-3581</telephone><birthday>4/23/1969</birthday><domain>MortgageShows.com</domain><occupation>Tax collector</occupation><blood-type>A+</blood-type><pounds>209.2</pounds><kilograms>95.1</kilograms><feet-inches>5' 10&quot;</feet-inches><centimeters>177</centimeters><country>US</country><password>aiph4Thai</password><credit-card-type>Visa</credit-card-type><credit-card-number>4556296426921825</credit-card-number><cvv2>978</cvv2><credit-card-expiration>10/2014</credit-card-expiration></fake-person><!--THIS DATA IS FAKE AND IS NOT REAL!!  FOR EXAMPLE PURPOSES ONLY!!-->