<?xml version="1.0" ?><!--THIS DATA IS FAKE AND IS NOT REAL!!  FOR EXAMPLE PURPOSES ONLY!!--><fake-person id="008-14-6593" xmlns="http://www.marklogic.com/random/fake-people"><gender>male</gender><first-name>Thaddeus</first-name><middle-initial>S</middle-initial><last-name>Eaton</last-name><address>3780 Selah Way</address><city>South Burlington</city><state>VT</state><zipcode>05403</zipcode><country>US</country><email>Thaddeus.S.Eaton@dodgit.com</email><telephone>802-553-4722</telephone><birthday>4/26/1982</birthday><domain>BedTop.com</domain><occupation>Petroleum geologist</occupation><blood-type>O+</blood-type><pounds>204.8</pounds><kilograms>93.1</kilograms><feet-inches>5' 8&quot;</feet-inches><centimeters>173</centimeters><country>US</country><password>Ri8che6too</password><credit-card-type>MasterCard</credit-card-type><credit-card-number>5224167559632530</credit-card-number><cvv2>031</cvv2><credit-card-expiration>8/2014</credit-card-expiration></fake-person><!--THIS DATA IS FAKE AND IS NOT REAL!!  FOR EXAMPLE PURPOSES ONLY!!-->