<?xml version="1.0" ?><!--THIS DATA IS FAKE AND IS NOT REAL!!  FOR EXAMPLE PURPOSES ONLY!!--><fake-person id="008-24-4853" xmlns="http://www.marklogic.com/random/fake-people"><gender>female</gender><first-name>Monica</first-name><middle-initial>H</middle-initial><last-name>Hunter</last-name><address>282 Selah Way</address><city>White River Junction</city><state>VT</state><zipcode>05001</zipcode><country>US</country><email>Monica.H.Hunter@trashymail.com</email><telephone>802-698-9135</telephone><birthday>7/28/1930</birthday><domain>RefurbishedWood.com</domain><occupation>Diagnostic medical sonographer</occupation><blood-type>A+</blood-type><pounds>123.6</pounds><kilograms>56.2</kilograms><feet-inches>5' 1&quot;</feet-inches><centimeters>154</centimeters><country>US</country><password>Co8ooseesei</password><credit-card-type>Visa</credit-card-type><credit-card-number>4716335878623765</credit-card-number><cvv2>890</cvv2><credit-card-expiration>6/2014</credit-card-expiration></fake-person><!--THIS DATA IS FAKE AND IS NOT REAL!!  FOR EXAMPLE PURPOSES ONLY!!-->