<?xml version="1.0" ?><!--THIS DATA IS FAKE AND IS NOT REAL!!  FOR EXAMPLE PURPOSES ONLY!!--><fake-person id="008-14-9898" xmlns="http://www.marklogic.com/random/fake-people"><gender>female</gender><first-name>Monica</first-name><middle-initial>W</middle-initial><last-name>Poling</last-name><address>2501 Hardman Road</address><city>Rutland</city><state>VT</state><zipcode>05701</zipcode><country>US</country><email>Monica.W.Poling@pookmail.com</email><telephone>802-775-4210</telephone><birthday>9/16/1927</birthday><domain>SportsWorm.com</domain><occupation>Sorter</occupation><blood-type>B+</blood-type><pounds>142.1</pounds><kilograms>64.6</kilograms><feet-inches>5' 3&quot;</feet-inches><centimeters>160</centimeters><country>US</country><password>aemiev7Moo</password><credit-card-type>MasterCard</credit-card-type><credit-card-number>5107010716878707</credit-card-number><cvv2>934</cvv2><credit-card-expiration>6/2011</credit-card-expiration></fake-person><!--THIS DATA IS FAKE AND IS NOT REAL!!  FOR EXAMPLE PURPOSES ONLY!!-->