<?xml version="1.0" ?><!--THIS DATA IS FAKE AND IS NOT REAL!!  FOR EXAMPLE PURPOSES ONLY!!--><fake-person id="008-30-4102" xmlns="http://www.marklogic.com/random/fake-people"><gender>male</gender><first-name>John</first-name><middle-initial>M</middle-initial><last-name>Blakeslee</last-name><address>4268 Buck Drive</address><city>Montpelier</city><state>VT</state><zipcode>05602</zipcode><country>US</country><email>John.M.Blakeslee@spambob.com</email><telephone>802-224-2177</telephone><birthday>9/22/1929</birthday><domain>SkateboardInformation.com</domain><occupation>Video editor</occupation><blood-type>O+</blood-type><pounds>189.6</pounds><kilograms>86.2</kilograms><feet-inches>5' 4&quot;</feet-inches><centimeters>162</centimeters><country>US</country><password>bo2nai3Eizoo</password><credit-card-type>MasterCard</credit-card-type><credit-card-number>5450074156542028</credit-card-number><cvv2>530</cvv2><credit-card-expiration>2/2013</credit-card-expiration></fake-person><!--THIS DATA IS FAKE AND IS NOT REAL!!  FOR EXAMPLE PURPOSES ONLY!!-->