<?xml version="1.0" ?><!--THIS DATA IS FAKE AND IS NOT REAL!!  FOR EXAMPLE PURPOSES ONLY!!--><fake-person id="008-54-4800" xmlns="http://www.marklogic.com/random/fake-people"><gender>male</gender><first-name>Gregory</first-name><middle-initial>S</middle-initial><last-name>Tiedemann</last-name><address>2598 Essex Court</address><city>Colchester</city><state>VT</state><zipcode>05446</zipcode><country>US</country><email>Gregory.S.Tiedemann@mailinator.com</email><telephone>802-324-9625</telephone><birthday>6/10/1977</birthday><domain>SharkBrains.com</domain><occupation>Industrial maintenance worker</occupation><blood-type>B+</blood-type><pounds>175.1</pounds><kilograms>79.6</kilograms><feet-inches>5' 10&quot;</feet-inches><centimeters>179</centimeters><country>US</country><password>geeVoo7tie6</password><credit-card-type>MasterCard</credit-card-type><credit-card-number>5313583386633792</credit-card-number><cvv2>915</cvv2><credit-card-expiration>5/2011</credit-card-expiration></fake-person><!--THIS DATA IS FAKE AND IS NOT REAL!!  FOR EXAMPLE PURPOSES ONLY!!-->