<?xml version="1.0" ?><!--THIS DATA IS FAKE AND IS NOT REAL!!  FOR EXAMPLE PURPOSES ONLY!!--><fake-person id="008-38-1344" xmlns="http://www.marklogic.com/random/fake-people"><gender>male</gender><first-name>Louis</first-name><middle-initial>M</middle-initial><last-name>Reynolds</last-name><address>1918 Selah Way</address><city>Brattleboro</city><state>VT</state><zipcode>05301</zipcode><country>US</country><email>Louis.M.Reynolds@dodgit.com</email><telephone>802-706-0960</telephone><birthday>6/11/1968</birthday><domain>SharkBrains.com</domain><occupation>Managing editor</occupation><blood-type>A+</blood-type><pounds>150.7</pounds><kilograms>68.5</kilograms><feet-inches>5' 9&quot;</feet-inches><centimeters>176</centimeters><country>US</country><password>TheBod6b</password><credit-card-type>MasterCard</credit-card-type><credit-card-number>5487831418041264</credit-card-number><cvv2>223</cvv2><credit-card-expiration>7/2012</credit-card-expiration></fake-person><!--THIS DATA IS FAKE AND IS NOT REAL!!  FOR EXAMPLE PURPOSES ONLY!!-->