<?xml version="1.0" ?><!--THIS DATA IS FAKE AND IS NOT REAL!!  FOR EXAMPLE PURPOSES ONLY!!--><fake-person id="008-22-6769" xmlns="http://www.marklogic.com/random/fake-people"><gender>male</gender><first-name>Eric</first-name><middle-initial>E</middle-initial><last-name>Smith</last-name><address>3894 Essex Court</address><city>Brattleboro</city><state>VT</state><zipcode>05301</zipcode><country>US</country><email>Eric.E.Smith@dodgit.com</email><telephone>802-306-1919</telephone><birthday>11/27/1975</birthday><domain>TextTags.com</domain><occupation>Research psychologist</occupation><blood-type>B+</blood-type><pounds>232.1</pounds><kilograms>105.5</kilograms><feet-inches>6' 0&quot;</feet-inches><centimeters>183</centimeters><country>US</country><password>AhGh2aiyoo</password><credit-card-type>Visa</credit-card-type><credit-card-number>4929161678381757</credit-card-number><cvv2>114</cvv2><credit-card-expiration>1/2015</credit-card-expiration></fake-person><!--THIS DATA IS FAKE AND IS NOT REAL!!  FOR EXAMPLE PURPOSES ONLY!!-->