<?xml version="1.0" ?><!--THIS DATA IS FAKE AND IS NOT REAL!!  FOR EXAMPLE PURPOSES ONLY!!--><fake-person id="008-26-2403" xmlns="http://www.marklogic.com/random/fake-people"><gender>male</gender><first-name>Earl</first-name><middle-initial>E</middle-initial><last-name>Silva</last-name><address>770 Selah Way</address><city>Brattleboro</city><state>VT</state><zipcode>05301</zipcode><country>US</country><email>Earl.E.Silva@spambob.com</email><telephone>802-629-6736</telephone><birthday>10/21/1948</birthday><domain>HeadForum.com</domain><occupation>Materials scientist</occupation><blood-type>B+</blood-type><pounds>188.3</pounds><kilograms>85.6</kilograms><feet-inches>5' 5&quot;</feet-inches><centimeters>166</centimeters><country>US</country><password>Zibeiveek6ye</password><credit-card-type>Visa</credit-card-type><credit-card-number>4556854162214829</credit-card-number><cvv2>982</cvv2><credit-card-expiration>8/2015</credit-card-expiration></fake-person><!--THIS DATA IS FAKE AND IS NOT REAL!!  FOR EXAMPLE PURPOSES ONLY!!-->