<?xml version="1.0" ?><!--THIS DATA IS FAKE AND IS NOT REAL!!  FOR EXAMPLE PURPOSES ONLY!!--><fake-person id="008-16-8041" xmlns="http://www.marklogic.com/random/fake-people"><gender>male</gender><first-name>Dennis</first-name><middle-initial>M</middle-initial><last-name>Yost</last-name><address>2223 Essex Court</address><city>South Burlington</city><state>VT</state><zipcode>05403</zipcode><country>US</country><email>Dennis.M.Yost@pookmail.com</email><telephone>802-335-2712</telephone><birthday>5/30/1977</birthday><domain>URLJobs.com</domain><occupation>Painting and coating worker</occupation><blood-type>O+</blood-type><pounds>141</pounds><kilograms>64.1</kilograms><feet-inches>5' 10&quot;</feet-inches><centimeters>178</centimeters><country>US</country><password>ijeeCi5cee</password><credit-card-type>MasterCard</credit-card-type><credit-card-number>5248158667811035</credit-card-number><cvv2>401</cvv2><credit-card-expiration>7/2015</credit-card-expiration></fake-person><!--THIS DATA IS FAKE AND IS NOT REAL!!  FOR EXAMPLE PURPOSES ONLY!!-->